{
"type": "FeatureCollection",
"name": "sa2_Internal_NT_2023_Total_low_ses",
"xy_coordinate_resolution": 1e-05,
"features": [
{ "type": "Feature", "properties": { "SA2_CODE21": 701011002, "SA2_NAME21": "Darwin City", "CHG_FLAG21": "0", "CHG_LBL21": "No change", "SA3_CODE21": "70101", "SA3_NAME21": "Darwin City", "SA4_CODE21": "701", "SA4_NAME21": "Darwin", "GCC_CODE21": "7GDAR", "GCC_NAME21": "Greater Darwin", "STE_CODE21": "7", "STE_NAME21": "Northern Territory", "AUS_CODE21": "AUS", "AUS_NAME21": "Australia", "AREASQKM21": 3.1731, "LOCI_URI21": "http://linked.data.gov.au/dataset/asgsed3/SA2/701011002", "Group": "Total_low_ses", "Australian Catholic University": 0.0, "Avondale University": 0.0, "Bond University": 0.0, "CQUniversity": 0.0, "Charles Darwin University": 0.0, "Charles Sturt University": 0.0, "Curtin University": 0.0, "Deakin University": 0.0, "Edith Cowan University": 0.0, "Federation University Australia": 0.0, "Flinders University": 0.0, "Griffith University": 0.0, "James Cook University": 0.0, "Macquarie University": 0.0, "Monash University": 0.0, "Murdoch University": 0.0, "Queensland University of Technology": 0.0, "RMIT University": 0.0, "Southern Cross University": 0.0, "Swinburne University of Technology": 0.0, "The Australian National University": 0.0, "The University of Adelaide": 0.0, "The University of Melbourne": 0.0, "The University of New England": 0.0, "The University of Newcastle": 0.0, "The University of Notre Dame Australia": 0.0, "The University of Queensland": 0.0, "The University of Sydney": 0.0, "The University of Western Australia": 0.0, "Torrens University Australia": 0.0, "University of Canberra": 0.0, "University of Divinity": 0.0, "University of New South Wales": 0.0, "University of South Australia": 0.0, "University of Southern Queensland": 0.0, "University of Tasmania": 0.0, "University of Technology Sydney": 0.0, "University of Wollongong": 0.0, "University of the Sunshine Coast": 0.0, "Victoria University": 0.0, "Western Sydney University": 0.0, "id": 701011002, "name": "Darwin City" }, "geometry": { "type": "Polygon", "coordinates": [ [ [ 130.83522, -12.45865 ], [ 130.83332, -12.46059 ], [ 130.83374, -12.46122 ], [ 130.83384, -12.46134 ], [ 130.83411, -12.46137 ], [ 130.83423, -12.46148 ], [ 130.83452, -12.46219 ], [ 130.83471, -12.46242 ], [ 130.83542, -12.46253 ], [ 130.83627, -12.46308 ], [ 130.8365, -12.46332 ], [ 130.83676, -12.46346 ], [ 130.83697, -12.46383 ], [ 130.83769, -12.46449 ], [ 130.8387, -12.4651 ], [ 130.83919, -12.46593 ], [ 130.83949, -12.46698 ], [ 130.83965, -12.46724 ], [ 130.84024, -12.46741 ], [ 130.84158, -12.46738 ], [ 130.84209, -12.47029 ], [ 130.84155, -12.4715 ], [ 130.84118, -12.47309 ], [ 130.84431, -12.4737 ], [ 130.85193, -12.47052 ], [ 130.8508, -12.4679 ], [ 130.85111, -12.46779 ], [ 130.851, -12.46644 ], [ 130.85155, -12.46514 ], [ 130.85075, -12.46341 ], [ 130.85091, -12.46339 ], [ 130.85084, -12.46298 ], [ 130.8513, -12.46293 ], [ 130.85113, -12.4619 ], [ 130.85067, -12.46196 ], [ 130.85056, -12.46127 ], [ 130.85102, -12.4612 ], [ 130.85091, -12.46063 ], [ 130.85157, -12.46065 ], [ 130.85132, -12.45921 ], [ 130.85104, -12.45921 ], [ 130.85105, -12.45902 ], [ 130.84923, -12.45903 ], [ 130.84934, -12.4581 ], [ 130.85011, -12.45823 ], [ 130.85044, -12.45635 ], [ 130.84962, -12.45621 ], [ 130.85018, -12.453 ], [ 130.84813, -12.45268 ], [ 130.8478, -12.45297 ], [ 130.84738, -12.45266 ], [ 130.8467, -12.45262 ], [ 130.8436, -12.45286 ], [ 130.84313, -12.4527 ], [ 130.8428, -12.45228 ], [ 130.84103, -12.45228 ], [ 130.84103, -12.45257 ], [ 130.84079, -12.45302 ], [ 130.8397, -12.45407 ], [ 130.83962, -12.45401 ], [ 130.83926, -12.45302 ], [ 130.83855, -12.45269 ], [ 130.83768, -12.45243 ], [ 130.83695, -12.45261 ], [ 130.837, -12.45306 ], [ 130.83692, -12.45351 ], [ 130.83638, -12.4545 ], [ 130.83625, -12.45492 ], [ 130.83624, -12.45547 ], [ 130.83643, -12.45597 ], [ 130.83587, -12.45636 ], [ 130.83506, -12.45575 ], [ 130.83477, -12.45544 ], [ 130.83336, -12.45683 ], [ 130.83522, -12.45865 ] ] ] } },
{ "type": "Feature", "properties": { "SA2_CODE21": 701011004, "SA2_NAME21": "Fannie Bay - The Gardens", "CHG_FLAG21": "0", "CHG_LBL21": "No change", "SA3_CODE21": "70101", "SA3_NAME21": "Darwin City", "SA4_CODE21": "701", "SA4_NAME21": "Darwin", "GCC_CODE21": "7GDAR", "GCC_NAME21": "Greater Darwin", "STE_CODE21": "7", "STE_NAME21": "Northern Territory", "AUS_CODE21": "AUS", "AUS_NAME21": "Australia", "AREASQKM21": 3.9165, "LOCI_URI21": "http://linked.data.gov.au/dataset/asgsed3/SA2/701011004", "Group": "Total_low_ses", "Australian Catholic University": 0.0, "Avondale University": 0.0, "Bond University": 0.0, "CQUniversity": 0.0, "Charles Darwin University": 0.0, "Charles Sturt University": 0.0, "Curtin University": 0.0, "Deakin University": 0.0, "Edith Cowan University": 0.0, "Federation University Australia": 0.0, "Flinders University": 0.0, "Griffith University": 0.0, "James Cook University": 0.0, "Macquarie University": 0.0, "Monash University": 0.0, "Murdoch University": 0.0, "Queensland University of Technology": 0.0, "RMIT University": 0.0, "Southern Cross University": 0.0, "Swinburne University of Technology": 0.0, "The Australian National University": 0.0, "The University of Adelaide": 0.0, "The University of Melbourne": 0.0, "The University of New England": 0.0, "The University of Newcastle": 0.0, "The University of Notre Dame Australia": 0.0, "The University of Queensland": 0.0, "The University of Sydney": 0.0, "The University of Western Australia": 0.0, "Torrens University Australia": 0.0, "University of Canberra": 0.0, "University of Divinity": 0.0, "University of New South Wales": 0.0, "University of South Australia": 0.0, "University of Southern Queensland": 0.0, "University of Tasmania": 0.0, "University of Technology Sydney": 0.0, "University of Wollongong": 0.0, "University of the Sunshine Coast": 0.0, "Victoria University": 0.0, "Western Sydney University": 0.0, "id": 701011004, "name": "Fannie Bay - The Gardens" }, "geometry": { "type": "Polygon", "coordinates": [ [ [ 130.83111, -12.41771 ], [ 130.83226, -12.42076 ], [ 130.83345, -12.42171 ], [ 130.83351, -12.42235 ], [ 130.83366, -12.42249 ], [ 130.83386, -12.42255 ], [ 130.83378, -12.42265 ], [ 130.83392, -12.42278 ], [ 130.8339, -12.42319 ], [ 130.83402, -12.42359 ], [ 130.83405, -12.42414 ], [ 130.83428, -12.42443 ], [ 130.83477, -12.42473 ], [ 130.83489, -12.42562 ], [ 130.83518, -12.4261 ], [ 130.8355, -12.42644 ], [ 130.83557, -12.42698 ], [ 130.83551, -12.42804 ], [ 130.83544, -12.42823 ], [ 130.83518, -12.42841 ], [ 130.83529, -12.42847 ], [ 130.8353, -12.4286 ], [ 130.83512, -12.42947 ], [ 130.83498, -12.42954 ], [ 130.83509, -12.42967 ], [ 130.83473, -12.43115 ], [ 130.8342, -12.43257 ], [ 130.83362, -12.43455 ], [ 130.83274, -12.43642 ], [ 130.83267, -12.43677 ], [ 130.83234, -12.43754 ], [ 130.83174, -12.43858 ], [ 130.83165, -12.43893 ], [ 130.8316, -12.43974 ], [ 130.83172, -12.44058 ], [ 130.83232, -12.44189 ], [ 130.83207, -12.443 ], [ 130.83078, -12.44543 ], [ 130.82872, -12.44804 ], [ 130.82788, -12.4493 ], [ 130.82755, -12.44951 ], [ 130.82768, -12.45021 ], [ 130.82809, -12.45043 ], [ 130.83043, -12.45046 ], [ 130.83102, -12.45073 ], [ 130.83066, -12.45138 ], [ 130.83053, -12.4519 ], [ 130.83078, -12.45227 ], [ 130.83106, -12.45199 ], [ 130.83139, -12.4523 ], [ 130.83159, -12.45266 ], [ 130.8324, -12.45277 ], [ 130.8329, -12.45324 ], [ 130.83396, -12.45215 ], [ 130.83427, -12.45216 ], [ 130.83455, -12.45309 ], [ 130.83383, -12.45341 ], [ 130.835, -12.45512 ], [ 130.83477, -12.45544 ], [ 130.83506, -12.45575 ], [ 130.83587, -12.45636 ], [ 130.83643, -12.45597 ], [ 130.83624, -12.45547 ], [ 130.83625, -12.45492 ], [ 130.83638, -12.4545 ], [ 130.83692, -12.45351 ], [ 130.837, -12.45306 ], [ 130.83695, -12.45261 ], [ 130.83768, -12.45243 ], [ 130.83855, -12.45269 ], [ 130.83926, -12.45302 ], [ 130.83924, -12.45232 ], [ 130.84085, -12.44164 ], [ 130.83752, -12.43896 ], [ 130.83798, -12.43837 ], [ 130.83797, -12.43795 ], [ 130.83919, -12.43794 ], [ 130.8392, -12.43582 ], [ 130.83948, -12.43582 ], [ 130.83948, -12.43568 ], [ 130.83983, -12.43568 ], [ 130.83993, -12.43503 ], [ 130.84021, -12.43472 ], [ 130.84041, -12.43434 ], [ 130.84038, -12.43219 ], [ 130.84156, -12.43219 ], [ 130.84155, -12.42983 ], [ 130.83972, -12.42854 ], [ 130.84113, -12.42667 ], [ 130.84507, -12.42951 ], [ 130.84606, -12.42817 ], [ 130.84797, -12.42838 ], [ 130.84903, -12.42742 ], [ 130.84895, -12.42719 ], [ 130.84891, -12.42598 ], [ 130.84871, -12.42482 ], [ 130.84862, -12.42329 ], [ 130.84852, -12.42267 ], [ 130.84829, -12.42203 ], [ 130.84734, -12.42052 ], [ 130.84568, -12.42147 ], [ 130.84386, -12.42207 ], [ 130.84324, -12.4224 ], [ 130.84083, -12.42042 ], [ 130.84003, -12.42019 ], [ 130.84004, -12.42007 ], [ 130.83782, -12.41811 ], [ 130.83685, -12.41864 ], [ 130.83635, -12.419 ], [ 130.8361, -12.41891 ], [ 130.83599, -12.41829 ], [ 130.83576, -12.41807 ], [ 130.83575, -12.41796 ], [ 130.83491, -12.41719 ], [ 130.83296, -12.41721 ], [ 130.83265, -12.41714 ], [ 130.83111, -12.41771 ] ] ] } },
{ "type": "Feature", "properties": { "SA2_CODE21": 701011005, "SA2_NAME21": "Larrakeyah", "CHG_FLAG21": "0", "CHG_LBL21": "No change", "SA3_CODE21": "70101", "SA3_NAME21": "Darwin City", "SA4_CODE21": "701", "SA4_NAME21": "Darwin", "GCC_CODE21": "7GDAR", "GCC_NAME21": "Greater Darwin", "STE_CODE21": "7", "STE_NAME21": "Northern Territory", "AUS_CODE21": "AUS", "AUS_NAME21": "Australia", "AREASQKM21": 1.9452, "LOCI_URI21": "http://linked.data.gov.au/dataset/asgsed3/SA2/701011005", "Group": "Total_low_ses", "Australian Catholic University": 0.0, "Avondale University": 0.0, "Bond University": 0.0, "CQUniversity": 0.0, "Charles Darwin University": 0.0, "Charles Sturt University": 0.0, "Curtin University": 0.0, "Deakin University": 0.0, "Edith Cowan University": 0.0, "Federation University Australia": 0.0, "Flinders University": 0.0, "Griffith University": 0.0, "James Cook University": 0.0, "Macquarie University": 0.0, "Monash University": 0.0, "Murdoch University": 0.0, "Queensland University of Technology": 0.0, "RMIT University": 0.0, "Southern Cross University": 0.0, "Swinburne University of Technology": 0.0, "The Australian National University": 0.0, "The University of Adelaide": 0.0, "The University of Melbourne": 0.0, "The University of New England": 0.0, "The University of Newcastle": 0.0, "The University of Notre Dame Australia": 0.0, "The University of Queensland": 0.0, "The University of Sydney": 0.0, "The University of Western Australia": 0.0, "Torrens University Australia": 0.0, "University of Canberra": 0.0, "University of Divinity": 0.0, "University of New South Wales": 0.0, "University of South Australia": 0.0, "University of Southern Queensland": 0.0, "University of Tasmania": 0.0, "University of Technology Sydney": 0.0, "University of Wollongong": 0.0, "University of the Sunshine Coast": 0.0, "Victoria University": 0.0, "Western Sydney University": 0.0, "id": 701011005, "name": "Larrakeyah" }, "geometry": { "type": "Polygon", "coordinates": [ [ [ 130.83455, -12.45309 ], [ 130.83427, -12.45216 ], [ 130.83396, -12.45215 ], [ 130.8329, -12.45324 ], [ 130.8324, -12.45277 ], [ 130.83159, -12.45266 ], [ 130.83139, -12.4523 ], [ 130.83106, -12.45199 ], [ 130.83078, -12.45227 ], [ 130.83053, -12.4519 ], [ 130.83066, -12.45138 ], [ 130.83102, -12.45073 ], [ 130.83043, -12.45046 ], [ 130.82809, -12.45043 ], [ 130.82768, -12.45021 ], [ 130.82755, -12.44951 ], [ 130.82737, -12.44918 ], [ 130.8268, -12.44863 ], [ 130.82602, -12.44866 ], [ 130.82556, -12.44855 ], [ 130.82451, -12.44807 ], [ 130.82405, -12.44803 ], [ 130.8231, -12.44718 ], [ 130.82305, -12.44726 ], [ 130.82332, -12.44754 ], [ 130.82308, -12.4478 ], [ 130.82294, -12.44881 ], [ 130.82265, -12.44919 ], [ 130.82265, -12.44951 ], [ 130.82185, -12.45037 ], [ 130.82157, -12.45036 ], [ 130.82112, -12.45056 ], [ 130.82081, -12.45049 ], [ 130.82031, -12.45062 ], [ 130.81956, -12.45063 ], [ 130.81937, -12.45057 ], [ 130.81928, -12.45031 ], [ 130.81921, -12.45029 ], [ 130.81923, -12.4507 ], [ 130.81881, -12.45107 ], [ 130.81865, -12.45149 ], [ 130.81866, -12.4517 ], [ 130.81876, -12.45175 ], [ 130.81887, -12.45168 ], [ 130.819, -12.45124 ], [ 130.81933, -12.45093 ], [ 130.8204, -12.45085 ], [ 130.82052, -12.45104 ], [ 130.82047, -12.45155 ], [ 130.82057, -12.45188 ], [ 130.82048, -12.45196 ], [ 130.82046, -12.45222 ], [ 130.82024, -12.45238 ], [ 130.81902, -12.45289 ], [ 130.81853, -12.45299 ], [ 130.81709, -12.4528 ], [ 130.81659, -12.4526 ], [ 130.816, -12.45262 ], [ 130.81544, -12.453 ], [ 130.81516, -12.45378 ], [ 130.81513, -12.45414 ], [ 130.81522, -12.45427 ], [ 130.81546, -12.45433 ], [ 130.81613, -12.45439 ], [ 130.8168, -12.45432 ], [ 130.81703, -12.45438 ], [ 130.81792, -12.45519 ], [ 130.81826, -12.45562 ], [ 130.81837, -12.45615 ], [ 130.81819, -12.45734 ], [ 130.81808, -12.45752 ], [ 130.81762, -12.45783 ], [ 130.81751, -12.45823 ], [ 130.81761, -12.45841 ], [ 130.81799, -12.4587 ], [ 130.81858, -12.45877 ], [ 130.81837, -12.45911 ], [ 130.81831, -12.45935 ], [ 130.81843, -12.45982 ], [ 130.81862, -12.46003 ], [ 130.8198, -12.46083 ], [ 130.8205, -12.46114 ], [ 130.8207, -12.46155 ], [ 130.82112, -12.46187 ], [ 130.82189, -12.46206 ], [ 130.82341, -12.46209 ], [ 130.82349, -12.462 ], [ 130.8234, -12.46189 ], [ 130.82173, -12.46189 ], [ 130.82098, -12.46163 ], [ 130.82076, -12.46139 ], [ 130.82071, -12.4612 ], [ 130.8208, -12.46021 ], [ 130.82094, -12.4603 ], [ 130.82102, -12.46016 ], [ 130.82149, -12.4601 ], [ 130.82172, -12.45993 ], [ 130.82194, -12.45988 ], [ 130.82209, -12.45991 ], [ 130.82225, -12.46008 ], [ 130.82242, -12.45996 ], [ 130.82285, -12.46015 ], [ 130.82311, -12.45995 ], [ 130.82323, -12.45995 ], [ 130.82383, -12.46055 ], [ 130.82402, -12.46043 ], [ 130.82609, -12.46031 ], [ 130.82635, -12.46041 ], [ 130.82661, -12.46066 ], [ 130.82659, -12.46085 ], [ 130.82666, -12.46093 ], [ 130.82646, -12.46145 ], [ 130.82654, -12.46154 ], [ 130.82686, -12.46077 ], [ 130.82711, -12.46077 ], [ 130.82852, -12.46021 ], [ 130.82902, -12.46023 ], [ 130.82996, -12.45961 ], [ 130.83017, -12.45954 ], [ 130.83101, -12.4595 ], [ 130.83143, -12.45957 ], [ 130.83177, -12.45951 ], [ 130.83199, -12.45966 ], [ 130.83262, -12.45974 ], [ 130.83332, -12.46059 ], [ 130.83522, -12.45865 ], [ 130.83336, -12.45683 ], [ 130.83477, -12.45544 ], [ 130.835, -12.45512 ], [ 130.83383, -12.45341 ], [ 130.83455, -12.45309 ] ] ] } },
{ "type": "Feature", "properties": { "SA2_CODE21": 701011006, "SA2_NAME21": "Ludmilla - The Narrows", "CHG_FLAG21": "0", "CHG_LBL21": "No change", "SA3_CODE21": "70101", "SA3_NAME21": "Darwin City", "SA4_CODE21": "701", "SA4_NAME21": "Darwin", "GCC_CODE21": "7GDAR", "GCC_NAME21": "Greater Darwin", "STE_CODE21": "7", "STE_NAME21": "Northern Territory", "AUS_CODE21": "AUS", "AUS_NAME21": "Australia", "AREASQKM21": 5.35, "LOCI_URI21": "http://linked.data.gov.au/dataset/asgsed3/SA2/701011006", "Group": "Total_low_ses", "Australian Catholic University": 0.0, "Avondale University": 0.0, "Bond University": 0.0, "CQUniversity": 0.0, "Charles Darwin University": 0.0, "Charles Sturt University": 0.0, "Curtin University": 0.0, "Deakin University": 0.0, "Edith Cowan University": 0.0, "Federation University Australia": 0.0, "Flinders University": 0.0, "Griffith University": 0.0, "James Cook University": 0.0, "Macquarie University": 0.0, "Monash University": 0.0, "Murdoch University": 0.0, "Queensland University of Technology": 0.0, "RMIT University": 0.0, "Southern Cross University": 0.0, "Swinburne University of Technology": 0.0, "The Australian National University": 0.0, "The University of Adelaide": 0.0, "The University of Melbourne": 0.0, "The University of New England": 0.0, "The University of Newcastle": 0.0, "The University of Notre Dame Australia": 0.0, "The University of Queensland": 0.0, "The University of Sydney": 0.0, "The University of Western Australia": 0.0, "Torrens University Australia": 0.0, "University of Canberra": 0.0, "University of Divinity": 0.0, "University of New South Wales": 0.0, "University of South Australia": 0.0, "University of Southern Queensland": 0.0, "University of Tasmania": 0.0, "University of Technology Sydney": 0.0, "University of Wollongong": 0.0, "University of the Sunshine Coast": 0.0, "Victoria University": 0.0, "Western Sydney University": 0.0, "id": 701011006, "name": "Ludmilla - The Narrows" }, "geometry": { "type": "Polygon", "coordinates": [ [ [ 130.84734, -12.42052 ], [ 130.84813, -12.42172 ], [ 130.84852, -12.42267 ], [ 130.84867, -12.4237 ], [ 130.84871, -12.42482 ], [ 130.84891, -12.42598 ], [ 130.84895, -12.42719 ], [ 130.84903, -12.42742 ], [ 130.84949, -12.42835 ], [ 130.85009, -12.42884 ], [ 130.85105, -12.43004 ], [ 130.85362, -12.4281 ], [ 130.85414, -12.42875 ], [ 130.85479, -12.43062 ], [ 130.86593, -12.42555 ], [ 130.8668, -12.42527 ], [ 130.86771, -12.42509 ], [ 130.8697, -12.42501 ], [ 130.86972, -12.42232 ], [ 130.8684, -12.42234 ], [ 130.86833, -12.42203 ], [ 130.86838, -12.42146 ], [ 130.86827, -12.42107 ], [ 130.86796, -12.42066 ], [ 130.86745, -12.42038 ], [ 130.8669, -12.42033 ], [ 130.86643, -12.42048 ], [ 130.86547, -12.42035 ], [ 130.8651, -12.41993 ], [ 130.8638, -12.41994 ], [ 130.86378, -12.41726 ], [ 130.863, -12.41718 ], [ 130.86207, -12.41695 ], [ 130.86154, -12.41666 ], [ 130.86089, -12.41604 ], [ 130.86071, -12.41599 ], [ 130.85618, -12.41606 ], [ 130.85611, -12.40263 ], [ 130.84585, -12.40259 ], [ 130.84214, -12.40663 ], [ 130.84329, -12.40742 ], [ 130.84317, -12.40775 ], [ 130.83972, -12.40787 ], [ 130.83892, -12.40889 ], [ 130.83858, -12.41047 ], [ 130.83825, -12.41148 ], [ 130.83863, -12.41097 ], [ 130.83995, -12.41104 ], [ 130.84082, -12.41123 ], [ 130.84302, -12.41277 ], [ 130.84352, -12.41331 ], [ 130.84353, -12.41385 ], [ 130.84384, -12.4139 ], [ 130.84414, -12.41425 ], [ 130.84437, -12.41439 ], [ 130.84484, -12.41443 ], [ 130.84514, -12.41427 ], [ 130.84518, -12.41398 ], [ 130.84497, -12.4135 ], [ 130.84512, -12.41318 ], [ 130.84528, -12.41317 ], [ 130.84545, -12.41327 ], [ 130.84565, -12.4137 ], [ 130.84567, -12.41464 ], [ 130.84553, -12.41489 ], [ 130.8449, -12.41536 ], [ 130.84083, -12.41536 ], [ 130.84083, -12.42042 ], [ 130.84324, -12.4224 ], [ 130.84386, -12.42207 ], [ 130.84568, -12.42147 ], [ 130.84734, -12.42052 ] ] ] } },
{ "type": "Feature", "properties": { "SA2_CODE21": 701011007, "SA2_NAME21": "Parap", "CHG_FLAG21": "0", "CHG_LBL21": "No change", "SA3_CODE21": "70101", "SA3_NAME21": "Darwin City", "SA4_CODE21": "701", "SA4_NAME21": "Darwin", "GCC_CODE21": "7GDAR", "GCC_NAME21": "Greater Darwin", "STE_CODE21": "7", "STE_NAME21": "Northern Territory", "AUS_CODE21": "AUS", "AUS_NAME21": "Australia", "AREASQKM21": 1.1022, "LOCI_URI21": "http://linked.data.gov.au/dataset/asgsed3/SA2/701011007", "Group": "Total_low_ses", "Australian Catholic University": 0.0, "Avondale University": 0.0, "Bond University": 0.0, "CQUniversity": 0.0, "Charles Darwin University": 0.0, "Charles Sturt University": 0.0, "Curtin University": 0.0, "Deakin University": 0.0, "Edith Cowan University": 0.0, "Federation University Australia": 0.0, "Flinders University": 0.0, "Griffith University": 0.0, "James Cook University": 0.0, "Macquarie University": 0.0, "Monash University": 0.0, "Murdoch University": 0.0, "Queensland University of Technology": 0.0, "RMIT University": 0.0, "Southern Cross University": 0.0, "Swinburne University of Technology": 0.0, "The Australian National University": 0.0, "The University of Adelaide": 0.0, "The University of Melbourne": 0.0, "The University of New England": 0.0, "The University of Newcastle": 0.0, "The University of Notre Dame Australia": 0.0, "The University of Queensland": 0.0, "The University of Sydney": 0.0, "The University of Western Australia": 0.0, "Torrens University Australia": 0.0, "University of Canberra": 0.0, "University of Divinity": 0.0, "University of New South Wales": 0.0, "University of South Australia": 0.0, "University of Southern Queensland": 0.0, "University of Tasmania": 0.0, "University of Technology Sydney": 0.0, "University of Wollongong": 0.0, "University of the Sunshine Coast": 0.0, "Victoria University": 0.0, "Western Sydney University": 0.0, "id": 701011007, "name": "Parap" }, "geometry": { "type": "Polygon", "coordinates": [ [ [ 130.84156, -12.43219 ], [ 130.84038, -12.43219 ], [ 130.84041, -12.43434 ], [ 130.84021, -12.43472 ], [ 130.83993, -12.43503 ], [ 130.83983, -12.43568 ], [ 130.83948, -12.43568 ], [ 130.83948, -12.43582 ], [ 130.8392, -12.43582 ], [ 130.83919, -12.43794 ], [ 130.83797, -12.43795 ], [ 130.83798, -12.43837 ], [ 130.83752, -12.43896 ], [ 130.84085, -12.44164 ], [ 130.84129, -12.43884 ], [ 130.84145, -12.43822 ], [ 130.84176, -12.43763 ], [ 130.84342, -12.43646 ], [ 130.84803, -12.43371 ], [ 130.85479, -12.43062 ], [ 130.85414, -12.42875 ], [ 130.85362, -12.4281 ], [ 130.85105, -12.43004 ], [ 130.85009, -12.42884 ], [ 130.84949, -12.42835 ], [ 130.84903, -12.42742 ], [ 130.84797, -12.42838 ], [ 130.84606, -12.42817 ], [ 130.84507, -12.42951 ], [ 130.84113, -12.42667 ], [ 130.83972, -12.42854 ], [ 130.84155, -12.42983 ], [ 130.84156, -12.43219 ] ] ] } },
{ "type": "Feature", "properties": { "SA2_CODE21": 701011008, "SA2_NAME21": "Stuart Park", "CHG_FLAG21": "0", "CHG_LBL21": "No change", "SA3_CODE21": "70101", "SA3_NAME21": "Darwin City", "SA4_CODE21": "701", "SA4_NAME21": "Darwin", "GCC_CODE21": "7GDAR", "GCC_NAME21": "Greater Darwin", "STE_CODE21": "7", "STE_NAME21": "Northern Territory", "AUS_CODE21": "AUS", "AUS_NAME21": "Australia", "AREASQKM21": 1.6531, "LOCI_URI21": "http://linked.data.gov.au/dataset/asgsed3/SA2/701011008", "Group": "Total_low_ses", "Australian Catholic University": 0.0, "Avondale University": 0.0, "Bond University": 0.0, "CQUniversity": 0.0, "Charles Darwin University": 0.0, "Charles Sturt University": 0.0, "Curtin University": 0.0, "Deakin University": 0.0, "Edith Cowan University": 0.0, "Federation University Australia": 0.0, "Flinders University": 0.0, "Griffith University": 0.0, "James Cook University": 0.0, "Macquarie University": 0.0, "Monash University": 0.0, "Murdoch University": 0.0, "Queensland University of Technology": 0.0, "RMIT University": 0.0, "Southern Cross University": 0.0, "Swinburne University of Technology": 0.0, "The Australian National University": 0.0, "The University of Adelaide": 0.0, "The University of Melbourne": 0.0, "The University of New England": 0.0, "The University of Newcastle": 0.0, "The University of Notre Dame Australia": 0.0, "The University of Queensland": 0.0, "The University of Sydney": 0.0, "The University of Western Australia": 0.0, "Torrens University Australia": 0.0, "University of Canberra": 0.0, "University of Divinity": 0.0, "University of New South Wales": 0.0, "University of South Australia": 0.0, "University of Southern Queensland": 0.0, "University of Tasmania": 0.0, "University of Technology Sydney": 0.0, "University of Wollongong": 0.0, "University of the Sunshine Coast": 0.0, "Victoria University": 0.0, "Western Sydney University": 0.0, "id": 701011008, "name": "Stuart Park" }, "geometry": { "type": "Polygon", "coordinates": [ [ [ 130.83924, -12.45232 ], [ 130.83928, -12.4531 ], [ 130.83962, -12.45401 ], [ 130.8397, -12.45407 ], [ 130.84079, -12.45302 ], [ 130.84103, -12.45257 ], [ 130.84103, -12.45228 ], [ 130.8428, -12.45228 ], [ 130.84313, -12.4527 ], [ 130.8436, -12.45286 ], [ 130.84709, -12.45262 ], [ 130.84738, -12.45266 ], [ 130.8478, -12.45297 ], [ 130.84813, -12.45268 ], [ 130.85018, -12.453 ], [ 130.85039, -12.45278 ], [ 130.85163, -12.45318 ], [ 130.85166, -12.45161 ], [ 130.85275, -12.44841 ], [ 130.85192, -12.44784 ], [ 130.85194, -12.44778 ], [ 130.85256, -12.4482 ], [ 130.85262, -12.44816 ], [ 130.85253, -12.44804 ], [ 130.85247, -12.44766 ], [ 130.85223, -12.44765 ], [ 130.85174, -12.44745 ], [ 130.85188, -12.44702 ], [ 130.85183, -12.4469 ], [ 130.85119, -12.44654 ], [ 130.85112, -12.44634 ], [ 130.85076, -12.44604 ], [ 130.85003, -12.44586 ], [ 130.84995, -12.44563 ], [ 130.84925, -12.44541 ], [ 130.84911, -12.44222 ], [ 130.84844, -12.44214 ], [ 130.84838, -12.44191 ], [ 130.84788, -12.44151 ], [ 130.84766, -12.44144 ], [ 130.84686, -12.44185 ], [ 130.84636, -12.44197 ], [ 130.84634, -12.43959 ], [ 130.84593, -12.43959 ], [ 130.84573, -12.43936 ], [ 130.84573, -12.43912 ], [ 130.84591, -12.43887 ], [ 130.84625, -12.4388 ], [ 130.84649, -12.43846 ], [ 130.8463, -12.4383 ], [ 130.84593, -12.43819 ], [ 130.84347, -12.43821 ], [ 130.84124, -12.43937 ], [ 130.83924, -12.45232 ] ] ] } },
{ "type": "Feature", "properties": { "SA2_CODE21": 701011009, "SA2_NAME21": "Woolner - Bayview - Winnellie", "CHG_FLAG21": "0", "CHG_LBL21": "No change", "SA3_CODE21": "70101", "SA3_NAME21": "Darwin City", "SA4_CODE21": "701", "SA4_NAME21": "Darwin", "GCC_CODE21": "7GDAR", "GCC_NAME21": "Greater Darwin", "STE_CODE21": "7", "STE_NAME21": "Northern Territory", "AUS_CODE21": "AUS", "AUS_NAME21": "Australia", "AREASQKM21": 6.7936, "LOCI_URI21": "http://linked.data.gov.au/dataset/asgsed3/SA2/701011009", "Group": "Total_low_ses", "Australian Catholic University": 0.0, "Avondale University": 0.0, "Bond University": 0.0, "CQUniversity": 0.0, "Charles Darwin University": 0.0, "Charles Sturt University": 0.0, "Curtin University": 0.0, "Deakin University": 0.0, "Edith Cowan University": 0.0, "Federation University Australia": 0.0, "Flinders University": 0.0, "Griffith University": 0.0, "James Cook University": 0.0, "Macquarie University": 0.0, "Monash University": 0.0, "Murdoch University": 0.0, "Queensland University of Technology": 0.0, "RMIT University": 0.0, "Southern Cross University": 0.0, "Swinburne University of Technology": 0.0, "The Australian National University": 0.0, "The University of Adelaide": 0.0, "The University of Melbourne": 0.0, "The University of New England": 0.0, "The University of Newcastle": 0.0, "The University of Notre Dame Australia": 0.0, "The University of Queensland": 0.0, "The University of Sydney": 0.0, "The University of Western Australia": 0.0, "Torrens University Australia": 0.0, "University of Canberra": 0.0, "University of Divinity": 0.0, "University of New South Wales": 0.0, "University of South Australia": 0.0, "University of Southern Queensland": 0.0, "University of Tasmania": 0.0, "University of Technology Sydney": 0.0, "University of Wollongong": 0.0, "University of the Sunshine Coast": 0.0, "Victoria University": 0.0, "Western Sydney University": 0.0, "id": 701011009, "name": "Woolner - Bayview - Winnellie" }, "geometry": { "type": "Polygon", "coordinates": [ [ [ 130.86162, -12.42747 ], [ 130.84803, -12.43371 ], [ 130.84342, -12.43646 ], [ 130.84176, -12.43763 ], [ 130.84145, -12.43822 ], [ 130.84124, -12.43937 ], [ 130.84347, -12.43821 ], [ 130.84593, -12.43819 ], [ 130.8463, -12.4383 ], [ 130.84649, -12.43846 ], [ 130.84625, -12.4388 ], [ 130.84591, -12.43887 ], [ 130.84573, -12.43912 ], [ 130.84573, -12.43936 ], [ 130.84593, -12.43959 ], [ 130.84634, -12.43959 ], [ 130.84636, -12.44197 ], [ 130.84686, -12.44185 ], [ 130.84766, -12.44144 ], [ 130.84788, -12.44151 ], [ 130.84838, -12.44191 ], [ 130.84844, -12.44214 ], [ 130.84911, -12.44222 ], [ 130.84915, -12.4417 ], [ 130.84925, -12.44149 ], [ 130.84978, -12.44149 ], [ 130.85005, -12.4416 ], [ 130.85006, -12.44146 ], [ 130.84929, -12.44145 ], [ 130.84922, -12.44133 ], [ 130.84956, -12.43984 ], [ 130.85006, -12.43883 ], [ 130.8526, -12.43994 ], [ 130.853, -12.44063 ], [ 130.85405, -12.44167 ], [ 130.85535, -12.44213 ], [ 130.85669, -12.44219 ], [ 130.85733, -12.44199 ], [ 130.85985, -12.44309 ], [ 130.86114, -12.44297 ], [ 130.86129, -12.44309 ], [ 130.86244, -12.44308 ], [ 130.86301, -12.44274 ], [ 130.86462, -12.44285 ], [ 130.86626, -12.44029 ], [ 130.8646, -12.43998 ], [ 130.86386, -12.439 ], [ 130.86389, -12.43244 ], [ 130.8684, -12.43241 ], [ 130.88936, -12.43232 ], [ 130.89102, -12.43241 ], [ 130.89212, -12.43257 ], [ 130.89386, -12.43304 ], [ 130.89553, -12.43378 ], [ 130.89671, -12.43452 ], [ 130.90086, -12.43764 ], [ 130.9023, -12.43842 ], [ 130.90393, -12.43901 ], [ 130.90389, -12.42859 ], [ 130.90587, -12.42857 ], [ 130.90619, -12.42723 ], [ 130.90736, -12.42754 ], [ 130.90844, -12.42506 ], [ 130.90859, -12.42435 ], [ 130.89351, -12.42441 ], [ 130.89351, -12.42559 ], [ 130.8832, -12.4248 ], [ 130.86826, -12.42504 ], [ 130.86716, -12.42518 ], [ 130.8661, -12.42549 ], [ 130.86162, -12.42747 ] ] ] } },
{ "type": "Feature", "properties": { "SA2_CODE21": 701021010, "SA2_NAME21": "Alawa", "CHG_FLAG21": "0", "CHG_LBL21": "No change", "SA3_CODE21": "70102", "SA3_NAME21": "Darwin Suburbs", "SA4_CODE21": "701", "SA4_NAME21": "Darwin", "GCC_CODE21": "7GDAR", "GCC_NAME21": "Greater Darwin", "STE_CODE21": "7", "STE_NAME21": "Northern Territory", "AUS_CODE21": "AUS", "AUS_NAME21": "Australia", "AREASQKM21": 1.2399, "LOCI_URI21": "http://linked.data.gov.au/dataset/asgsed3/SA2/701021010", "Group": "Total_low_ses", "Australian Catholic University": 0.0, "Avondale University": 0.0, "Bond University": 0.0, "CQUniversity": 0.0, "Charles Darwin University": 0.0, "Charles Sturt University": 0.0, "Curtin University": 0.0, "Deakin University": 0.0, "Edith Cowan University": 0.0, "Federation University Australia": 0.0, "Flinders University": 0.0, "Griffith University": 0.0, "James Cook University": 0.0, "Macquarie University": 0.0, "Monash University": 0.0, "Murdoch University": 0.0, "Queensland University of Technology": 0.0, "RMIT University": 0.0, "Southern Cross University": 0.0, "Swinburne University of Technology": 0.0, "The Australian National University": 0.0, "The University of Adelaide": 0.0, "The University of Melbourne": 0.0, "The University of New England": 0.0, "The University of Newcastle": 0.0, "The University of Notre Dame Australia": 0.0, "The University of Queensland": 0.0, "The University of Sydney": 0.0, "The University of Western Australia": 0.0, "Torrens University Australia": 0.0, "University of Canberra": 0.0, "University of Divinity": 0.0, "University of New South Wales": 0.0, "University of South Australia": 0.0, "University of Southern Queensland": 0.0, "University of Tasmania": 0.0, "University of Technology Sydney": 0.0, "University of Wollongong": 0.0, "University of the Sunshine Coast": 0.0, "Victoria University": 0.0, "Western Sydney University": 0.0, "id": 701021010, "name": "Alawa" }, "geometry": { "type": "Polygon", "coordinates": [ [ [ 130.86761, -12.37992 ], [ 130.86612, -12.38094 ], [ 130.86589, -12.38162 ], [ 130.86647, -12.38331 ], [ 130.86661, -12.38486 ], [ 130.87073, -12.38363 ], [ 130.87803, -12.38236 ], [ 130.8788, -12.38199 ], [ 130.88166, -12.37926 ], [ 130.88215, -12.37758 ], [ 130.8776, -12.37619 ], [ 130.87515, -12.37497 ], [ 130.87477, -12.37454 ], [ 130.87241, -12.37653 ], [ 130.87125, -12.37525 ], [ 130.87068, -12.37526 ], [ 130.87017, -12.37511 ], [ 130.86921, -12.37596 ], [ 130.86845, -12.37632 ], [ 130.86761, -12.37642 ], [ 130.86586, -12.37649 ], [ 130.8656, -12.37639 ], [ 130.86542, -12.37699 ], [ 130.86623, -12.37766 ], [ 130.86703, -12.37766 ], [ 130.86761, -12.37811 ], [ 130.86784, -12.37879 ], [ 130.86761, -12.37992 ] ] ] } },
{ "type": "Feature", "properties": { "SA2_CODE21": 701021011, "SA2_NAME21": "Anula", "CHG_FLAG21": "0", "CHG_LBL21": "No change", "SA3_CODE21": "70102", "SA3_NAME21": "Darwin Suburbs", "SA4_CODE21": "701", "SA4_NAME21": "Darwin", "GCC_CODE21": "7GDAR", "GCC_NAME21": "Greater Darwin", "STE_CODE21": "7", "STE_NAME21": "Northern Territory", "AUS_CODE21": "AUS", "AUS_NAME21": "Australia", "AREASQKM21": 1.3178, "LOCI_URI21": "http://linked.data.gov.au/dataset/asgsed3/SA2/701021011", "Group": "Total_low_ses", "Australian Catholic University": 0.0, "Avondale University": 0.0, "Bond University": 0.0, "CQUniversity": 0.0, "Charles Darwin University": 0.0, "Charles Sturt University": 0.0, "Curtin University": 0.0, "Deakin University": 0.0, "Edith Cowan University": 0.0, "Federation University Australia": 0.0, "Flinders University": 0.0, "Griffith University": 0.0, "James Cook University": 0.0, "Macquarie University": 0.0, "Monash University": 0.0, "Murdoch University": 0.0, "Queensland University of Technology": 0.0, "RMIT University": 0.0, "Southern Cross University": 0.0, "Swinburne University of Technology": 0.0, "The Australian National University": 0.0, "The University of Adelaide": 0.0, "The University of Melbourne": 0.0, "The University of New England": 0.0, "The University of Newcastle": 0.0, "The University of Notre Dame Australia": 0.0, "The University of Queensland": 0.0, "The University of Sydney": 0.0, "The University of Western Australia": 0.0, "Torrens University Australia": 0.0, "University of Canberra": 0.0, "University of Divinity": 0.0, "University of New South Wales": 0.0, "University of South Australia": 0.0, "University of Southern Queensland": 0.0, "University of Tasmania": 0.0, "University of Technology Sydney": 0.0, "University of Wollongong": 0.0, "University of the Sunshine Coast": 0.0, "Victoria University": 0.0, "Western Sydney University": 0.0, "id": 701021011, "name": "Anula" }, "geometry": { "type": "Polygon", "coordinates": [ [ [ 130.88324, -12.39428 ], [ 130.88321, -12.39525 ], [ 130.89474, -12.39524 ], [ 130.89626, -12.39544 ], [ 130.89779, -12.39593 ], [ 130.89773, -12.39242 ], [ 130.89753, -12.39191 ], [ 130.89672, -12.39048 ], [ 130.89658, -12.39002 ], [ 130.89659, -12.38959 ], [ 130.89684, -12.38851 ], [ 130.89375, -12.38784 ], [ 130.89298, -12.38756 ], [ 130.88775, -12.38459 ], [ 130.88402, -12.39094 ], [ 130.88324, -12.39428 ] ] ] } },
{ "type": "Feature", "properties": { "SA2_CODE21": 701021012, "SA2_NAME21": "Berrimah", "CHG_FLAG21": "0", "CHG_LBL21": "No change", "SA3_CODE21": "70102", "SA3_NAME21": "Darwin Suburbs", "SA4_CODE21": "701", "SA4_NAME21": "Darwin", "GCC_CODE21": "7GDAR", "GCC_NAME21": "Greater Darwin", "STE_CODE21": "7", "STE_NAME21": "Northern Territory", "AUS_CODE21": "AUS", "AUS_NAME21": "Australia", "AREASQKM21": 30.2554, "LOCI_URI21": "http://linked.data.gov.au/dataset/asgsed3/SA2/701021012", "Group": "Total_low_ses", "Australian Catholic University": 0.0, "Avondale University": 0.0, "Bond University": 0.0, "CQUniversity": 0.0, "Charles Darwin University": 0.0, "Charles Sturt University": 0.0, "Curtin University": 0.0, "Deakin University": 0.0, "Edith Cowan University": 0.0, "Federation University Australia": 0.0, "Flinders University": 0.0, "Griffith University": 0.0, "James Cook University": 0.0, "Macquarie University": 0.0, "Monash University": 0.0, "Murdoch University": 0.0, "Queensland University of Technology": 0.0, "RMIT University": 0.0, "Southern Cross University": 0.0, "Swinburne University of Technology": 0.0, "The Australian National University": 0.0, "The University of Adelaide": 0.0, "The University of Melbourne": 0.0, "The University of New England": 0.0, "The University of Newcastle": 0.0, "The University of Notre Dame Australia": 0.0, "The University of Queensland": 0.0, "The University of Sydney": 0.0, "The University of Western Australia": 0.0, "Torrens University Australia": 0.0, "University of Canberra": 0.0, "University of Divinity": 0.0, "University of New South Wales": 0.0, "University of South Australia": 0.0, "University of Southern Queensland": 0.0, "University of Tasmania": 0.0, "University of Technology Sydney": 0.0, "University of Wollongong": 0.0, "University of the Sunshine Coast": 0.0, "Victoria University": 0.0, "Western Sydney University": 0.0, "id": 701021012, "name": "Berrimah" }, "geometry": { "type": "Polygon", "coordinates": [ [ [ 130.90736, -12.42754 ], [ 130.90619, -12.42723 ], [ 130.90587, -12.42857 ], [ 130.90389, -12.42859 ], [ 130.90393, -12.43901 ], [ 130.90915, -12.43995 ], [ 130.91094, -12.44049 ], [ 130.91209, -12.44104 ], [ 130.9134, -12.44184 ], [ 130.91628, -12.4441 ], [ 130.91732, -12.44531 ], [ 130.91809, -12.44657 ], [ 130.92345, -12.44654 ], [ 130.92361, -12.45382 ], [ 130.94642, -12.4537 ], [ 130.94642, -12.45549 ], [ 130.94626, -12.45612 ], [ 130.95318, -12.4452 ], [ 130.95462, -12.4463 ], [ 130.96817, -12.44624 ], [ 130.96798, -12.4095 ], [ 130.95778, -12.40955 ], [ 130.95779, -12.4113 ], [ 130.95319, -12.41132 ], [ 130.95316, -12.40228 ], [ 130.9382, -12.40232 ], [ 130.93822, -12.40959 ], [ 130.92343, -12.40963 ], [ 130.92268, -12.40991 ], [ 130.91915, -12.40786 ], [ 130.91831, -12.40921 ], [ 130.91833, -12.41275 ], [ 130.91408, -12.41028 ], [ 130.91447, -12.40962 ], [ 130.91403, -12.40965 ], [ 130.91369, -12.40921 ], [ 130.91355, -12.40869 ], [ 130.91236, -12.40707 ], [ 130.90841, -12.40478 ], [ 130.90849, -12.42435 ], [ 130.90859, -12.42435 ], [ 130.90844, -12.42506 ], [ 130.90736, -12.42754 ] ] ] } },
{ "type": "Feature", "properties": { "SA2_CODE21": 701021013, "SA2_NAME21": "Brinkin - Nakara", "CHG_FLAG21": "0", "CHG_LBL21": "No change", "SA3_CODE21": "70102", "SA3_NAME21": "Darwin Suburbs", "SA4_CODE21": "701", "SA4_NAME21": "Darwin", "GCC_CODE21": "7GDAR", "GCC_NAME21": "Greater Darwin", "STE_CODE21": "7", "STE_NAME21": "Northern Territory", "AUS_CODE21": "AUS", "AUS_NAME21": "Australia", "AREASQKM21": 2.6861, "LOCI_URI21": "http://linked.data.gov.au/dataset/asgsed3/SA2/701021013", "Group": "Total_low_ses", "Australian Catholic University": 0.0, "Avondale University": 0.0, "Bond University": 0.0, "CQUniversity": 0.0, "Charles Darwin University": 0.0, "Charles Sturt University": 0.0, "Curtin University": 0.0, "Deakin University": 0.0, "Edith Cowan University": 0.0, "Federation University Australia": 0.0, "Flinders University": 0.0, "Griffith University": 0.0, "James Cook University": 0.0, "Macquarie University": 0.0, "Monash University": 0.0, "Murdoch University": 0.0, "Queensland University of Technology": 0.0, "RMIT University": 0.0, "Southern Cross University": 0.0, "Swinburne University of Technology": 0.0, "The Australian National University": 0.0, "The University of Adelaide": 0.0, "The University of Melbourne": 0.0, "The University of New England": 0.0, "The University of Newcastle": 0.0, "The University of Notre Dame Australia": 0.0, "The University of Queensland": 0.0, "The University of Sydney": 0.0, "The University of Western Australia": 0.0, "Torrens University Australia": 0.0, "University of Canberra": 0.0, "University of Divinity": 0.0, "University of New South Wales": 0.0, "University of South Australia": 0.0, "University of Southern Queensland": 0.0, "University of Tasmania": 0.0, "University of Technology Sydney": 0.0, "University of Wollongong": 0.0, "University of the Sunshine Coast": 0.0, "Victoria University": 0.0, "Western Sydney University": 0.0, "id": 701021013, "name": "Brinkin - Nakara" }, "geometry": { "type": "Polygon", "coordinates": [ [ [ 130.86379, -12.36694 ], [ 130.86368, -12.3684 ], [ 130.86207, -12.37101 ], [ 130.86072, -12.37418 ], [ 130.86059, -12.37496 ], [ 130.86116, -12.37577 ], [ 130.86185, -12.3762 ], [ 130.86254, -12.3762 ], [ 130.86369, -12.37496 ], [ 130.86357, -12.37349 ], [ 130.86426, -12.37315 ], [ 130.86588, -12.37552 ], [ 130.8656, -12.37639 ], [ 130.86586, -12.37649 ], [ 130.86761, -12.37642 ], [ 130.86845, -12.37632 ], [ 130.86921, -12.37596 ], [ 130.87017, -12.37511 ], [ 130.87068, -12.37526 ], [ 130.87125, -12.37525 ], [ 130.87241, -12.37653 ], [ 130.87477, -12.37454 ], [ 130.87515, -12.37497 ], [ 130.8776, -12.37619 ], [ 130.88215, -12.37758 ], [ 130.88275, -12.37579 ], [ 130.88477, -12.37639 ], [ 130.88625, -12.37181 ], [ 130.88497, -12.3714 ], [ 130.88407, -12.37141 ], [ 130.88395, -12.37082 ], [ 130.88234, -12.36804 ], [ 130.88174, -12.3675 ], [ 130.87047, -12.36458 ], [ 130.86635, -12.36407 ], [ 130.86379, -12.36694 ] ] ] } },
{ "type": "Feature", "properties": { "SA2_CODE21": 701021016, "SA2_NAME21": "Coconut Grove", "CHG_FLAG21": "0", "CHG_LBL21": "No change", "SA3_CODE21": "70102", "SA3_NAME21": "Darwin Suburbs", "SA4_CODE21": "701", "SA4_NAME21": "Darwin", "GCC_CODE21": "7GDAR", "GCC_NAME21": "Greater Darwin", "STE_CODE21": "7", "STE_NAME21": "Northern Territory", "AUS_CODE21": "AUS", "AUS_NAME21": "Australia", "AREASQKM21": 1.4242, "LOCI_URI21": "http://linked.data.gov.au/dataset/asgsed3/SA2/701021016", "Group": "Total_low_ses", "Australian Catholic University": 0.0, "Avondale University": 0.0, "Bond University": 0.0, "CQUniversity": 0.0, "Charles Darwin University": 0.0, "Charles Sturt University": 0.0, "Curtin University": 0.0, "Deakin University": 0.0, "Edith Cowan University": 0.0, "Federation University Australia": 0.0, "Flinders University": 0.0, "Griffith University": 0.0, "James Cook University": 0.0, "Macquarie University": 0.0, "Monash University": 0.0, "Murdoch University": 0.0, "Queensland University of Technology": 0.0, "RMIT University": 0.0, "Southern Cross University": 0.0, "Swinburne University of Technology": 0.0, "The Australian National University": 0.0, "The University of Adelaide": 0.0, "The University of Melbourne": 0.0, "The University of New England": 0.0, "The University of Newcastle": 0.0, "The University of Notre Dame Australia": 0.0, "The University of Queensland": 0.0, "The University of Sydney": 0.0, "The University of Western Australia": 0.0, "Torrens University Australia": 0.0, "University of Canberra": 0.0, "University of Divinity": 0.0, "University of New South Wales": 0.0, "University of South Australia": 0.0, "University of Southern Queensland": 0.0, "University of Tasmania": 0.0, "University of Technology Sydney": 0.0, "University of Wollongong": 0.0, "University of the Sunshine Coast": 0.0, "Victoria University": 0.0, "Western Sydney University": 0.0, "id": 701021016, "name": "Coconut Grove" }, "geometry": { "type": "Polygon", "coordinates": [ [ [ 130.84822, -12.39305 ], [ 130.8481, -12.39397 ], [ 130.84778, -12.39516 ], [ 130.84785, -12.3956 ], [ 130.84729, -12.39669 ], [ 130.84729, -12.39737 ], [ 130.84718, -12.39777 ], [ 130.84717, -12.39821 ], [ 130.84585, -12.40259 ], [ 130.85611, -12.40263 ], [ 130.85603, -12.3879 ], [ 130.85229, -12.38793 ], [ 130.8523, -12.3894 ], [ 130.848, -12.38942 ], [ 130.84871, -12.39038 ], [ 130.84873, -12.39065 ], [ 130.84822, -12.39305 ] ] ] } },
{ "type": "Feature", "properties": { "SA2_CODE21": 701021018, "SA2_NAME21": "Jingili", "CHG_FLAG21": "0", "CHG_LBL21": "No change", "SA3_CODE21": "70102", "SA3_NAME21": "Darwin Suburbs", "SA4_CODE21": "701", "SA4_NAME21": "Darwin", "GCC_CODE21": "7GDAR", "GCC_NAME21": "Greater Darwin", "STE_CODE21": "7", "STE_NAME21": "Northern Territory", "AUS_CODE21": "AUS", "AUS_NAME21": "Australia", "AREASQKM21": 1.3163, "LOCI_URI21": "http://linked.data.gov.au/dataset/asgsed3/SA2/701021018", "Group": "Total_low_ses", "Australian Catholic University": 0.0, "Avondale University": 0.0, "Bond University": 0.0, "CQUniversity": 0.0, "Charles Darwin University": 0.0, "Charles Sturt University": 0.0, "Curtin University": 0.0, "Deakin University": 0.0, "Edith Cowan University": 0.0, "Federation University Australia": 0.0, "Flinders University": 0.0, "Griffith University": 0.0, "James Cook University": 0.0, "Macquarie University": 0.0, "Monash University": 0.0, "Murdoch University": 0.0, "Queensland University of Technology": 0.0, "RMIT University": 0.0, "Southern Cross University": 0.0, "Swinburne University of Technology": 0.0, "The Australian National University": 0.0, "The University of Adelaide": 0.0, "The University of Melbourne": 0.0, "The University of New England": 0.0, "The University of Newcastle": 0.0, "The University of Notre Dame Australia": 0.0, "The University of Queensland": 0.0, "The University of Sydney": 0.0, "The University of Western Australia": 0.0, "Torrens University Australia": 0.0, "University of Canberra": 0.0, "University of Divinity": 0.0, "University of New South Wales": 0.0, "University of South Australia": 0.0, "University of Southern Queensland": 0.0, "University of Tasmania": 0.0, "University of Technology Sydney": 0.0, "University of Wollongong": 0.0, "University of the Sunshine Coast": 0.0, "Victoria University": 0.0, "Western Sydney University": 0.0, "id": 701021018, "name": "Jingili" }, "geometry": { "type": "Polygon", "coordinates": [ [ [ 130.86578, -12.38512 ], [ 130.86587, -12.38554 ], [ 130.86608, -12.38591 ], [ 130.86642, -12.38735 ], [ 130.86705, -12.38928 ], [ 130.86774, -12.38974 ], [ 130.86783, -12.38991 ], [ 130.86784, -12.39023 ], [ 130.86837, -12.39086 ], [ 130.86943, -12.39162 ], [ 130.86979, -12.39197 ], [ 130.87142, -12.39409 ], [ 130.87212, -12.3953 ], [ 130.8783, -12.39527 ], [ 130.87829, -12.39309 ], [ 130.87774, -12.39041 ], [ 130.87675, -12.38621 ], [ 130.87681, -12.38353 ], [ 130.87671, -12.38259 ], [ 130.87073, -12.38363 ], [ 130.86578, -12.38512 ] ] ] } },
{ "type": "Feature", "properties": { "SA2_CODE21": 701021019, "SA2_NAME21": "Karama", "CHG_FLAG21": "0", "CHG_LBL21": "No change", "SA3_CODE21": "70102", "SA3_NAME21": "Darwin Suburbs", "SA4_CODE21": "701", "SA4_NAME21": "Darwin", "GCC_CODE21": "7GDAR", "GCC_NAME21": "Greater Darwin", "STE_CODE21": "7", "STE_NAME21": "Northern Territory", "AUS_CODE21": "AUS", "AUS_NAME21": "Australia", "AREASQKM21": 2.0655, "LOCI_URI21": "http://linked.data.gov.au/dataset/asgsed3/SA2/701021019", "Group": "Total_low_ses", "Australian Catholic University": 0.0, "Avondale University": 0.0, "Bond University": 0.0, "CQUniversity": 0.0, "Charles Darwin University": 8.0, "Charles Sturt University": 0.0, "Curtin University": 0.0, "Deakin University": 0.0, "Edith Cowan University": 2.0, "Federation University Australia": 0.0, "Flinders University": 0.0, "Griffith University": 0.0, "James Cook University": 0.0, "Macquarie University": 0.0, "Monash University": 2.0, "Murdoch University": 0.0, "Queensland University of Technology": 0.0, "RMIT University": 0.0, "Southern Cross University": 0.0, "Swinburne University of Technology": 0.0, "The Australian National University": 0.0, "The University of Adelaide": 2.0, "The University of Melbourne": 0.0, "The University of New England": 0.0, "The University of Newcastle": 0.0, "The University of Notre Dame Australia": 0.0, "The University of Queensland": 0.0, "The University of Sydney": 0.0, "The University of Western Australia": 0.0, "Torrens University Australia": 0.0, "University of Canberra": 0.0, "University of Divinity": 0.0, "University of New South Wales": 2.0, "University of South Australia": 0.0, "University of Southern Queensland": 0.0, "University of Tasmania": 0.0, "University of Technology Sydney": 0.0, "University of Wollongong": 0.0, "University of the Sunshine Coast": 0.0, "Victoria University": 0.0, "Western Sydney University": 0.0, "id": 701021019, "name": "Karama" }, "geometry": { "type": "Polygon", "coordinates": [ [ [ 130.90774, -12.40126 ], [ 130.92268, -12.40991 ], [ 130.9231, -12.4096 ], [ 130.92336, -12.4087 ], [ 130.92334, -12.40239 ], [ 130.92315, -12.40099 ], [ 130.9192, -12.3945 ], [ 130.91832, -12.39365 ], [ 130.91725, -12.39309 ], [ 130.91287, -12.39171 ], [ 130.91225, -12.39138 ], [ 130.91143, -12.39073 ], [ 130.91008, -12.39244 ], [ 130.90975, -12.39313 ], [ 130.90965, -12.39373 ], [ 130.90966, -12.39769 ], [ 130.90948, -12.39829 ], [ 130.90774, -12.40126 ] ] ] } },
{ "type": "Feature", "properties": { "SA2_CODE21": 701021020, "SA2_NAME21": "Leanyer", "CHG_FLAG21": "0", "CHG_LBL21": "No change", "SA3_CODE21": "70102", "SA3_NAME21": "Darwin Suburbs", "SA4_CODE21": "701", "SA4_NAME21": "Darwin", "GCC_CODE21": "7GDAR", "GCC_NAME21": "Greater Darwin", "STE_CODE21": "7", "STE_NAME21": "Northern Territory", "AUS_CODE21": "AUS", "AUS_NAME21": "Australia", "AREASQKM21": 2.5017, "LOCI_URI21": "http://linked.data.gov.au/dataset/asgsed3/SA2/701021020", "Group": "Total_low_ses", "Australian Catholic University": 0.0, "Avondale University": 0.0, "Bond University": 0.0, "CQUniversity": 0.0, "Charles Darwin University": 0.0, "Charles Sturt University": 0.0, "Curtin University": 0.0, "Deakin University": 0.0, "Edith Cowan University": 0.0, "Federation University Australia": 0.0, "Flinders University": 0.0, "Griffith University": 0.0, "James Cook University": 0.0, "Macquarie University": 0.0, "Monash University": 0.0, "Murdoch University": 0.0, "Queensland University of Technology": 0.0, "RMIT University": 0.0, "Southern Cross University": 0.0, "Swinburne University of Technology": 0.0, "The Australian National University": 0.0, "The University of Adelaide": 0.0, "The University of Melbourne": 0.0, "The University of New England": 0.0, "The University of Newcastle": 0.0, "The University of Notre Dame Australia": 0.0, "The University of Queensland": 0.0, "The University of Sydney": 0.0, "The University of Western Australia": 0.0, "Torrens University Australia": 0.0, "University of Canberra": 0.0, "University of Divinity": 0.0, "University of New South Wales": 0.0, "University of South Australia": 0.0, "University of Southern Queensland": 0.0, "University of Tasmania": 0.0, "University of Technology Sydney": 0.0, "University of Wollongong": 0.0, "University of the Sunshine Coast": 0.0, "Victoria University": 0.0, "Western Sydney University": 0.0, "id": 701021020, "name": "Leanyer" }, "geometry": { "type": "Polygon", "coordinates": [ [ [ 130.89079, -12.37747 ], [ 130.89383, -12.37785 ], [ 130.89486, -12.37815 ], [ 130.89557, -12.3785 ], [ 130.89637, -12.37902 ], [ 130.90368, -12.38468 ], [ 130.90363, -12.38248 ], [ 130.90379, -12.38234 ], [ 130.90545, -12.38268 ], [ 130.90732, -12.37667 ], [ 130.90742, -12.37386 ], [ 130.90083, -12.36565 ], [ 130.89232, -12.36569 ], [ 130.89079, -12.37747 ] ] ] } },
{ "type": "Feature", "properties": { "SA2_CODE21": 701021021, "SA2_NAME21": "Lyons (NT)", "CHG_FLAG21": "0", "CHG_LBL21": "No change", "SA3_CODE21": "70102", "SA3_NAME21": "Darwin Suburbs", "SA4_CODE21": "701", "SA4_NAME21": "Darwin", "GCC_CODE21": "7GDAR", "GCC_NAME21": "Greater Darwin", "STE_CODE21": "7", "STE_NAME21": "Northern Territory", "AUS_CODE21": "AUS", "AUS_NAME21": "Australia", "AREASQKM21": 7.0409, "LOCI_URI21": "http://linked.data.gov.au/dataset/asgsed3/SA2/701021021", "Group": "Total_low_ses", "Australian Catholic University": 0.0, "Avondale University": 0.0, "Bond University": 0.0, "CQUniversity": 0.0, "Charles Darwin University": 0.0, "Charles Sturt University": 0.0, "Curtin University": 0.0, "Deakin University": 0.0, "Edith Cowan University": 0.0, "Federation University Australia": 0.0, "Flinders University": 0.0, "Griffith University": 0.0, "James Cook University": 0.0, "Macquarie University": 0.0, "Monash University": 0.0, "Murdoch University": 0.0, "Queensland University of Technology": 0.0, "RMIT University": 0.0, "Southern Cross University": 0.0, "Swinburne University of Technology": 0.0, "The Australian National University": 0.0, "The University of Adelaide": 0.0, "The University of Melbourne": 0.0, "The University of New England": 0.0, "The University of Newcastle": 0.0, "The University of Notre Dame Australia": 0.0, "The University of Queensland": 0.0, "The University of Sydney": 0.0, "The University of Western Australia": 0.0, "Torrens University Australia": 0.0, "University of Canberra": 0.0, "University of Divinity": 0.0, "University of New South Wales": 0.0, "University of South Australia": 0.0, "University of Southern Queensland": 0.0, "University of Tasmania": 0.0, "University of Technology Sydney": 0.0, "University of Wollongong": 0.0, "University of the Sunshine Coast": 0.0, "Victoria University": 0.0, "Western Sydney University": 0.0, "id": 701021021, "name": "Lyons (NT)" }, "geometry": { "type": "Polygon", "coordinates": [ [ [ 130.88582, -12.35893 ], [ 130.88571, -12.35893 ], [ 130.88571, -12.3657 ], [ 130.89222, -12.36652 ], [ 130.89232, -12.36569 ], [ 130.90083, -12.36565 ], [ 130.90077, -12.35102 ], [ 130.90421, -12.35101 ], [ 130.90447, -12.34961 ], [ 130.90504, -12.34844 ], [ 130.9057, -12.34643 ], [ 130.90603, -12.34437 ], [ 130.90563, -12.34081 ], [ 130.90431, -12.33738 ], [ 130.90431, -12.335 ], [ 130.90522, -12.33466 ], [ 130.90143, -12.33354 ], [ 130.89982, -12.33275 ], [ 130.8974, -12.33027 ], [ 130.89694, -12.33005 ], [ 130.89602, -12.33005 ], [ 130.89545, -12.33028 ], [ 130.89441, -12.33118 ], [ 130.89304, -12.33378 ], [ 130.88972, -12.33887 ], [ 130.88822, -12.34046 ], [ 130.88574, -12.34187 ], [ 130.88294, -12.34284 ], [ 130.87967, -12.34602 ], [ 130.87972, -12.35094 ], [ 130.8827, -12.35092 ], [ 130.88256, -12.35109 ], [ 130.88579, -12.35109 ], [ 130.88582, -12.35893 ] ] ] } },
{ "type": "Feature", "properties": { "SA2_CODE21": 701021022, "SA2_NAME21": "Malak - Marrara", "CHG_FLAG21": "0", "CHG_LBL21": "No change", "SA3_CODE21": "70102", "SA3_NAME21": "Darwin Suburbs", "SA4_CODE21": "701", "SA4_NAME21": "Darwin", "GCC_CODE21": "7GDAR", "GCC_NAME21": "Greater Darwin", "STE_CODE21": "7", "STE_NAME21": "Northern Territory", "AUS_CODE21": "AUS", "AUS_NAME21": "Australia", "AREASQKM21": 4.8314, "LOCI_URI21": "http://linked.data.gov.au/dataset/asgsed3/SA2/701021022", "Group": "Total_low_ses", "Australian Catholic University": 0.0, "Avondale University": 0.0, "Bond University": 0.0, "CQUniversity": 0.0, "Charles Darwin University": 5.0, "Charles Sturt University": 0.0, "Curtin University": 0.0, "Deakin University": 0.0, "Edith Cowan University": 0.0, "Federation University Australia": 0.0, "Flinders University": 0.0, "Griffith University": 0.0, "James Cook University": 0.0, "Macquarie University": 0.0, "Monash University": 2.0, "Murdoch University": 0.0, "Queensland University of Technology": 0.0, "RMIT University": 0.0, "Southern Cross University": 0.0, "Swinburne University of Technology": 0.0, "The Australian National University": 0.0, "The University of Adelaide": 0.0, "The University of Melbourne": 0.0, "The University of New England": 0.0, "The University of Newcastle": 0.0, "The University of Notre Dame Australia": 0.0, "The University of Queensland": 0.0, "The University of Sydney": 0.0, "The University of Western Australia": 0.0, "Torrens University Australia": 0.0, "University of Canberra": 0.0, "University of Divinity": 0.0, "University of New South Wales": 2.0, "University of South Australia": 0.0, "University of Southern Queensland": 0.0, "University of Tasmania": 0.0, "University of Technology Sydney": 0.0, "University of Wollongong": 0.0, "University of the Sunshine Coast": 0.0, "Victoria University": 2.0, "Western Sydney University": 0.0, "id": 701021022, "name": "Malak - Marrara" }, "geometry": { "type": "Polygon", "coordinates": [ [ [ 130.89766, -12.39217 ], [ 130.89775, -12.39252 ], [ 130.89779, -12.39593 ], [ 130.89626, -12.39544 ], [ 130.89474, -12.39524 ], [ 130.87155, -12.3953 ], [ 130.87167, -12.39578 ], [ 130.87402, -12.39971 ], [ 130.87736, -12.4026 ], [ 130.90841, -12.40251 ], [ 130.90841, -12.40478 ], [ 130.91236, -12.40707 ], [ 130.91355, -12.40869 ], [ 130.91369, -12.40921 ], [ 130.91403, -12.40965 ], [ 130.91447, -12.40962 ], [ 130.91408, -12.41028 ], [ 130.91833, -12.41275 ], [ 130.91831, -12.40921 ], [ 130.91915, -12.40786 ], [ 130.90774, -12.40126 ], [ 130.90942, -12.3984 ], [ 130.90961, -12.39791 ], [ 130.90968, -12.3975 ], [ 130.90965, -12.39373 ], [ 130.9098, -12.39299 ], [ 130.91008, -12.39244 ], [ 130.91143, -12.39073 ], [ 130.9046, -12.3854 ], [ 130.90379, -12.38636 ], [ 130.90217, -12.38722 ], [ 130.90158, -12.38778 ], [ 130.90129, -12.38755 ], [ 130.90039, -12.38725 ], [ 130.89875, -12.3869 ], [ 130.8981, -12.38693 ], [ 130.89751, -12.38722 ], [ 130.89719, -12.38754 ], [ 130.89698, -12.38795 ], [ 130.89658, -12.38963 ], [ 130.89663, -12.39026 ], [ 130.89766, -12.39217 ] ] ] } },
{ "type": "Feature", "properties": { "SA2_CODE21": 701021023, "SA2_NAME21": "Millner", "CHG_FLAG21": "0", "CHG_LBL21": "No change", "SA3_CODE21": "70102", "SA3_NAME21": "Darwin Suburbs", "SA4_CODE21": "701", "SA4_NAME21": "Darwin", "GCC_CODE21": "7GDAR", "GCC_NAME21": "Greater Darwin", "STE_CODE21": "7", "STE_NAME21": "Northern Territory", "AUS_CODE21": "AUS", "AUS_NAME21": "Australia", "AREASQKM21": 1.4677, "LOCI_URI21": "http://linked.data.gov.au/dataset/asgsed3/SA2/701021023", "Group": "Total_low_ses", "Australian Catholic University": 0.0, "Avondale University": 0.0, "Bond University": 0.0, "CQUniversity": 0.0, "Charles Darwin University": 0.0, "Charles Sturt University": 0.0, "Curtin University": 0.0, "Deakin University": 0.0, "Edith Cowan University": 0.0, "Federation University Australia": 0.0, "Flinders University": 0.0, "Griffith University": 0.0, "James Cook University": 0.0, "Macquarie University": 0.0, "Monash University": 0.0, "Murdoch University": 0.0, "Queensland University of Technology": 0.0, "RMIT University": 0.0, "Southern Cross University": 0.0, "Swinburne University of Technology": 0.0, "The Australian National University": 0.0, "The University of Adelaide": 0.0, "The University of Melbourne": 0.0, "The University of New England": 0.0, "The University of Newcastle": 0.0, "The University of Notre Dame Australia": 0.0, "The University of Queensland": 0.0, "The University of Sydney": 0.0, "The University of Western Australia": 0.0, "Torrens University Australia": 0.0, "University of Canberra": 0.0, "University of Divinity": 0.0, "University of New South Wales": 0.0, "University of South Australia": 0.0, "University of Southern Queensland": 0.0, "University of Tasmania": 0.0, "University of Technology Sydney": 0.0, "University of Wollongong": 0.0, "University of the Sunshine Coast": 0.0, "Victoria University": 0.0, "Western Sydney University": 0.0, "id": 701021023, "name": "Millner" }, "geometry": { "type": "Polygon", "coordinates": [ [ [ 130.8614, -12.38643 ], [ 130.85969, -12.38717 ], [ 130.85698, -12.38851 ], [ 130.85607, -12.38913 ], [ 130.85607, -12.39823 ], [ 130.85732, -12.39788 ], [ 130.85952, -12.3971 ], [ 130.86095, -12.39643 ], [ 130.86278, -12.39542 ], [ 130.87079, -12.39537 ], [ 130.87212, -12.3953 ], [ 130.87142, -12.39409 ], [ 130.86979, -12.39197 ], [ 130.86943, -12.39162 ], [ 130.86837, -12.39086 ], [ 130.86784, -12.39023 ], [ 130.86783, -12.38991 ], [ 130.86774, -12.38974 ], [ 130.86705, -12.38928 ], [ 130.86642, -12.38735 ], [ 130.86608, -12.38591 ], [ 130.86587, -12.38554 ], [ 130.86578, -12.3851 ], [ 130.8614, -12.38643 ] ] ] } },
{ "type": "Feature", "properties": { "SA2_CODE21": 701021024, "SA2_NAME21": "Moil", "CHG_FLAG21": "0", "CHG_LBL21": "No change", "SA3_CODE21": "70102", "SA3_NAME21": "Darwin Suburbs", "SA4_CODE21": "701", "SA4_NAME21": "Darwin", "GCC_CODE21": "7GDAR", "GCC_NAME21": "Greater Darwin", "STE_CODE21": "7", "STE_NAME21": "Northern Territory", "AUS_CODE21": "AUS", "AUS_NAME21": "Australia", "AREASQKM21": 1.0424, "LOCI_URI21": "http://linked.data.gov.au/dataset/asgsed3/SA2/701021024", "Group": "Total_low_ses", "Australian Catholic University": 0.0, "Avondale University": 0.0, "Bond University": 0.0, "CQUniversity": 0.0, "Charles Darwin University": 0.0, "Charles Sturt University": 0.0, "Curtin University": 0.0, "Deakin University": 0.0, "Edith Cowan University": 0.0, "Federation University Australia": 0.0, "Flinders University": 0.0, "Griffith University": 0.0, "James Cook University": 0.0, "Macquarie University": 0.0, "Monash University": 0.0, "Murdoch University": 0.0, "Queensland University of Technology": 0.0, "RMIT University": 0.0, "Southern Cross University": 0.0, "Swinburne University of Technology": 0.0, "The Australian National University": 0.0, "The University of Adelaide": 0.0, "The University of Melbourne": 0.0, "The University of New England": 0.0, "The University of Newcastle": 0.0, "The University of Notre Dame Australia": 0.0, "The University of Queensland": 0.0, "The University of Sydney": 0.0, "The University of Western Australia": 0.0, "Torrens University Australia": 0.0, "University of Canberra": 0.0, "University of Divinity": 0.0, "University of New South Wales": 0.0, "University of South Australia": 0.0, "University of Southern Queensland": 0.0, "University of Tasmania": 0.0, "University of Technology Sydney": 0.0, "University of Wollongong": 0.0, "University of the Sunshine Coast": 0.0, "Victoria University": 0.0, "Western Sydney University": 0.0, "id": 701021024, "name": "Moil" }, "geometry": { "type": "Polygon", "coordinates": [ [ [ 130.87829, -12.39309 ], [ 130.8783, -12.39527 ], [ 130.88321, -12.39525 ], [ 130.88324, -12.39428 ], [ 130.88402, -12.39094 ], [ 130.88668, -12.3864 ], [ 130.88143, -12.38339 ], [ 130.87945, -12.38137 ], [ 130.8788, -12.38199 ], [ 130.87803, -12.38236 ], [ 130.87671, -12.38259 ], [ 130.87681, -12.38353 ], [ 130.87675, -12.38621 ], [ 130.87829, -12.39309 ] ] ] } },
{ "type": "Feature", "properties": { "SA2_CODE21": 701021025, "SA2_NAME21": "Nightcliff", "CHG_FLAG21": "0", "CHG_LBL21": "No change", "SA3_CODE21": "70102", "SA3_NAME21": "Darwin Suburbs", "SA4_CODE21": "701", "SA4_NAME21": "Darwin", "GCC_CODE21": "7GDAR", "GCC_NAME21": "Greater Darwin", "STE_CODE21": "7", "STE_NAME21": "Northern Territory", "AUS_CODE21": "AUS", "AUS_NAME21": "Australia", "AREASQKM21": 1.4512, "LOCI_URI21": "http://linked.data.gov.au/dataset/asgsed3/SA2/701021025", "Group": "Total_low_ses", "Australian Catholic University": 0.0, "Avondale University": 0.0, "Bond University": 0.0, "CQUniversity": 0.0, "Charles Darwin University": 0.0, "Charles Sturt University": 0.0, "Curtin University": 0.0, "Deakin University": 0.0, "Edith Cowan University": 0.0, "Federation University Australia": 0.0, "Flinders University": 0.0, "Griffith University": 0.0, "James Cook University": 0.0, "Macquarie University": 0.0, "Monash University": 0.0, "Murdoch University": 0.0, "Queensland University of Technology": 0.0, "RMIT University": 0.0, "Southern Cross University": 0.0, "Swinburne University of Technology": 0.0, "The Australian National University": 0.0, "The University of Adelaide": 0.0, "The University of Melbourne": 0.0, "The University of New England": 0.0, "The University of Newcastle": 0.0, "The University of Notre Dame Australia": 0.0, "The University of Queensland": 0.0, "The University of Sydney": 0.0, "The University of Western Australia": 0.0, "Torrens University Australia": 0.0, "University of Canberra": 0.0, "University of Divinity": 0.0, "University of New South Wales": 0.0, "University of South Australia": 0.0, "University of Southern Queensland": 0.0, "University of Tasmania": 0.0, "University of Technology Sydney": 0.0, "University of Wollongong": 0.0, "University of the Sunshine Coast": 0.0, "Victoria University": 0.0, "Western Sydney University": 0.0, "id": 701021025, "name": "Nightcliff" }, "geometry": { "type": "Polygon", "coordinates": [ [ [ 130.84712, -12.37753 ], [ 130.84616, -12.37892 ], [ 130.84587, -12.37904 ], [ 130.84567, -12.37924 ], [ 130.8452, -12.37923 ], [ 130.84447, -12.37936 ], [ 130.84424, -12.37925 ], [ 130.84388, -12.37888 ], [ 130.84369, -12.37885 ], [ 130.84253, -12.37918 ], [ 130.84228, -12.37903 ], [ 130.84234, -12.37885 ], [ 130.84225, -12.37881 ], [ 130.84213, -12.37895 ], [ 130.84212, -12.37927 ], [ 130.8419, -12.37939 ], [ 130.84171, -12.38 ], [ 130.84116, -12.38062 ], [ 130.84125, -12.38145 ], [ 130.84161, -12.38203 ], [ 130.84196, -12.38319 ], [ 130.84222, -12.38347 ], [ 130.84313, -12.38395 ], [ 130.8434, -12.38438 ], [ 130.84347, -12.385 ], [ 130.84341, -12.38601 ], [ 130.84348, -12.38618 ], [ 130.8434, -12.38675 ], [ 130.84357, -12.3871 ], [ 130.84455, -12.38772 ], [ 130.84546, -12.38798 ], [ 130.84587, -12.38821 ], [ 130.8461, -12.38818 ], [ 130.84665, -12.38837 ], [ 130.84691, -12.38855 ], [ 130.84711, -12.3889 ], [ 130.84737, -12.38914 ], [ 130.84776, -12.38933 ], [ 130.84775, -12.38919 ], [ 130.84784, -12.38912 ], [ 130.848, -12.38942 ], [ 130.8523, -12.3894 ], [ 130.85229, -12.38793 ], [ 130.85603, -12.3879 ], [ 130.85601, -12.385 ], [ 130.8517, -12.38007 ], [ 130.8493, -12.37642 ], [ 130.84908, -12.37631 ], [ 130.84879, -12.37638 ], [ 130.84852, -12.37614 ], [ 130.84838, -12.37621 ], [ 130.84811, -12.37607 ], [ 130.84781, -12.37609 ], [ 130.84783, -12.37634 ], [ 130.84762, -12.37637 ], [ 130.84744, -12.37662 ], [ 130.8476, -12.37698 ], [ 130.84712, -12.37753 ] ] ] } },
{ "type": "Feature", "properties": { "SA2_CODE21": 701021026, "SA2_NAME21": "Rapid Creek", "CHG_FLAG21": "0", "CHG_LBL21": "No change", "SA3_CODE21": "70102", "SA3_NAME21": "Darwin Suburbs", "SA4_CODE21": "701", "SA4_NAME21": "Darwin", "GCC_CODE21": "7GDAR", "GCC_NAME21": "Greater Darwin", "STE_CODE21": "7", "STE_NAME21": "Northern Territory", "AUS_CODE21": "AUS", "AUS_NAME21": "Australia", "AREASQKM21": 1.9176, "LOCI_URI21": "http://linked.data.gov.au/dataset/asgsed3/SA2/701021026", "Group": "Total_low_ses", "Australian Catholic University": 0.0, "Avondale University": 0.0, "Bond University": 0.0, "CQUniversity": 0.0, "Charles Darwin University": 0.0, "Charles Sturt University": 0.0, "Curtin University": 0.0, "Deakin University": 0.0, "Edith Cowan University": 0.0, "Federation University Australia": 0.0, "Flinders University": 0.0, "Griffith University": 0.0, "James Cook University": 0.0, "Macquarie University": 0.0, "Monash University": 0.0, "Murdoch University": 0.0, "Queensland University of Technology": 0.0, "RMIT University": 0.0, "Southern Cross University": 0.0, "Swinburne University of Technology": 0.0, "The Australian National University": 0.0, "The University of Adelaide": 0.0, "The University of Melbourne": 0.0, "The University of New England": 0.0, "The University of Newcastle": 0.0, "The University of Notre Dame Australia": 0.0, "The University of Queensland": 0.0, "The University of Sydney": 0.0, "The University of Western Australia": 0.0, "Torrens University Australia": 0.0, "University of Canberra": 0.0, "University of Divinity": 0.0, "University of New South Wales": 0.0, "University of South Australia": 0.0, "University of Southern Queensland": 0.0, "University of Tasmania": 0.0, "University of Technology Sydney": 0.0, "University of Wollongong": 0.0, "University of the Sunshine Coast": 0.0, "Victoria University": 0.0, "Western Sydney University": 0.0, "id": 701021026, "name": "Rapid Creek" }, "geometry": { "type": "Polygon", "coordinates": [ [ [ 130.8517, -12.38007 ], [ 130.85601, -12.385 ], [ 130.85607, -12.38913 ], [ 130.85698, -12.38851 ], [ 130.85969, -12.38717 ], [ 130.8614, -12.38643 ], [ 130.86661, -12.38486 ], [ 130.86647, -12.38331 ], [ 130.86589, -12.38162 ], [ 130.86612, -12.38094 ], [ 130.86761, -12.37992 ], [ 130.86784, -12.37879 ], [ 130.86761, -12.37811 ], [ 130.86703, -12.37766 ], [ 130.86623, -12.37766 ], [ 130.86542, -12.37699 ], [ 130.86588, -12.37552 ], [ 130.86426, -12.37315 ], [ 130.86357, -12.37349 ], [ 130.86369, -12.37496 ], [ 130.86254, -12.3762 ], [ 130.86185, -12.3762 ], [ 130.86116, -12.37577 ], [ 130.86064, -12.37568 ], [ 130.85962, -12.37579 ], [ 130.85863, -12.37579 ], [ 130.85823, -12.37548 ], [ 130.85795, -12.3754 ], [ 130.8575, -12.37559 ], [ 130.85703, -12.37564 ], [ 130.85646, -12.37537 ], [ 130.85568, -12.37537 ], [ 130.85543, -12.37526 ], [ 130.85512, -12.37497 ], [ 130.85475, -12.3743 ], [ 130.85439, -12.37403 ], [ 130.85314, -12.37394 ], [ 130.85294, -12.37395 ], [ 130.85279, -12.37413 ], [ 130.85246, -12.37427 ], [ 130.85202, -12.375 ], [ 130.8513, -12.37579 ], [ 130.85104, -12.37591 ], [ 130.85062, -12.37592 ], [ 130.85045, -12.37603 ], [ 130.84995, -12.37612 ], [ 130.84953, -12.37644 ], [ 130.8493, -12.37642 ], [ 130.8517, -12.38007 ] ] ] } },
{ "type": "Feature", "properties": { "SA2_CODE21": 701021027, "SA2_NAME21": "Tiwi", "CHG_FLAG21": "0", "CHG_LBL21": "No change", "SA3_CODE21": "70102", "SA3_NAME21": "Darwin Suburbs", "SA4_CODE21": "701", "SA4_NAME21": "Darwin", "GCC_CODE21": "7GDAR", "GCC_NAME21": "Greater Darwin", "STE_CODE21": "7", "STE_NAME21": "Northern Territory", "AUS_CODE21": "AUS", "AUS_NAME21": "Australia", "AREASQKM21": 3.1187, "LOCI_URI21": "http://linked.data.gov.au/dataset/asgsed3/SA2/701021027", "Group": "Total_low_ses", "Australian Catholic University": 0.0, "Avondale University": 0.0, "Bond University": 0.0, "CQUniversity": 0.0, "Charles Darwin University": 0.0, "Charles Sturt University": 0.0, "Curtin University": 0.0, "Deakin University": 0.0, "Edith Cowan University": 0.0, "Federation University Australia": 0.0, "Flinders University": 0.0, "Griffith University": 0.0, "James Cook University": 0.0, "Macquarie University": 0.0, "Monash University": 0.0, "Murdoch University": 0.0, "Queensland University of Technology": 0.0, "RMIT University": 0.0, "Southern Cross University": 0.0, "Swinburne University of Technology": 0.0, "The Australian National University": 0.0, "The University of Adelaide": 0.0, "The University of Melbourne": 0.0, "The University of New England": 0.0, "The University of Newcastle": 0.0, "The University of Notre Dame Australia": 0.0, "The University of Queensland": 0.0, "The University of Sydney": 0.0, "The University of Western Australia": 0.0, "Torrens University Australia": 0.0, "University of Canberra": 0.0, "University of Divinity": 0.0, "University of New South Wales": 0.0, "University of South Australia": 0.0, "University of Southern Queensland": 0.0, "University of Tasmania": 0.0, "University of Technology Sydney": 0.0, "University of Wollongong": 0.0, "University of the Sunshine Coast": 0.0, "Victoria University": 0.0, "Western Sydney University": 0.0, "id": 701021027, "name": "Tiwi" }, "geometry": { "type": "Polygon", "coordinates": [ [ [ 130.87027, -12.36455 ], [ 130.88149, -12.3674 ], [ 130.88174, -12.3675 ], [ 130.88234, -12.36804 ], [ 130.88287, -12.36895 ], [ 130.8849, -12.36779 ], [ 130.88536, -12.36737 ], [ 130.88558, -12.36696 ], [ 130.88568, -12.36648 ], [ 130.88574, -12.36503 ], [ 130.88571, -12.35893 ], [ 130.88582, -12.35893 ], [ 130.88579, -12.35109 ], [ 130.88256, -12.35109 ], [ 130.8827, -12.35092 ], [ 130.87972, -12.35094 ], [ 130.87967, -12.34602 ], [ 130.87411, -12.35144 ], [ 130.87055, -12.3554 ], [ 130.86769, -12.36184 ], [ 130.86635, -12.36407 ], [ 130.87027, -12.36455 ] ] ] } },
{ "type": "Feature", "properties": { "SA2_CODE21": 701021028, "SA2_NAME21": "Wagaman", "CHG_FLAG21": "0", "CHG_LBL21": "No change", "SA3_CODE21": "70102", "SA3_NAME21": "Darwin Suburbs", "SA4_CODE21": "701", "SA4_NAME21": "Darwin", "GCC_CODE21": "7GDAR", "GCC_NAME21": "Greater Darwin", "STE_CODE21": "7", "STE_NAME21": "Northern Territory", "AUS_CODE21": "AUS", "AUS_NAME21": "Australia", "AREASQKM21": 0.8378, "LOCI_URI21": "http://linked.data.gov.au/dataset/asgsed3/SA2/701021028", "Group": "Total_low_ses", "Australian Catholic University": 0.0, "Avondale University": 0.0, "Bond University": 0.0, "CQUniversity": 0.0, "Charles Darwin University": 0.0, "Charles Sturt University": 0.0, "Curtin University": 0.0, "Deakin University": 0.0, "Edith Cowan University": 0.0, "Federation University Australia": 0.0, "Flinders University": 0.0, "Griffith University": 0.0, "James Cook University": 0.0, "Macquarie University": 0.0, "Monash University": 0.0, "Murdoch University": 0.0, "Queensland University of Technology": 0.0, "RMIT University": 0.0, "Southern Cross University": 0.0, "Swinburne University of Technology": 0.0, "The Australian National University": 0.0, "The University of Adelaide": 0.0, "The University of Melbourne": 0.0, "The University of New England": 0.0, "The University of Newcastle": 0.0, "The University of Notre Dame Australia": 0.0, "The University of Queensland": 0.0, "The University of Sydney": 0.0, "The University of Western Australia": 0.0, "Torrens University Australia": 0.0, "University of Canberra": 0.0, "University of Divinity": 0.0, "University of New South Wales": 0.0, "University of South Australia": 0.0, "University of Southern Queensland": 0.0, "University of Tasmania": 0.0, "University of Technology Sydney": 0.0, "University of Wollongong": 0.0, "University of the Sunshine Coast": 0.0, "Victoria University": 0.0, "Western Sydney University": 0.0, "id": 701021028, "name": "Wagaman" }, "geometry": { "type": "Polygon", "coordinates": [ [ [ 130.88166, -12.37926 ], [ 130.87945, -12.38137 ], [ 130.88143, -12.38339 ], [ 130.88668, -12.3864 ], [ 130.89022, -12.38042 ], [ 130.89041, -12.37995 ], [ 130.89079, -12.37747 ], [ 130.88679, -12.37699 ], [ 130.88275, -12.37579 ], [ 130.88166, -12.37926 ] ] ] } },
{ "type": "Feature", "properties": { "SA2_CODE21": 701021029, "SA2_NAME21": "Wanguri", "CHG_FLAG21": "0", "CHG_LBL21": "No change", "SA3_CODE21": "70102", "SA3_NAME21": "Darwin Suburbs", "SA4_CODE21": "701", "SA4_NAME21": "Darwin", "GCC_CODE21": "7GDAR", "GCC_NAME21": "Greater Darwin", "STE_CODE21": "7", "STE_NAME21": "Northern Territory", "AUS_CODE21": "AUS", "AUS_NAME21": "Australia", "AREASQKM21": 0.8855, "LOCI_URI21": "http://linked.data.gov.au/dataset/asgsed3/SA2/701021029", "Group": "Total_low_ses", "Australian Catholic University": 0.0, "Avondale University": 0.0, "Bond University": 0.0, "CQUniversity": 0.0, "Charles Darwin University": 0.0, "Charles Sturt University": 0.0, "Curtin University": 0.0, "Deakin University": 0.0, "Edith Cowan University": 0.0, "Federation University Australia": 0.0, "Flinders University": 0.0, "Griffith University": 0.0, "James Cook University": 0.0, "Macquarie University": 0.0, "Monash University": 0.0, "Murdoch University": 0.0, "Queensland University of Technology": 0.0, "RMIT University": 0.0, "Southern Cross University": 0.0, "Swinburne University of Technology": 0.0, "The Australian National University": 0.0, "The University of Adelaide": 0.0, "The University of Melbourne": 0.0, "The University of New England": 0.0, "The University of Newcastle": 0.0, "The University of Notre Dame Australia": 0.0, "The University of Queensland": 0.0, "The University of Sydney": 0.0, "The University of Western Australia": 0.0, "Torrens University Australia": 0.0, "University of Canberra": 0.0, "University of Divinity": 0.0, "University of New South Wales": 0.0, "University of South Australia": 0.0, "University of Southern Queensland": 0.0, "University of Tasmania": 0.0, "University of Technology Sydney": 0.0, "University of Wollongong": 0.0, "University of the Sunshine Coast": 0.0, "Victoria University": 0.0, "Western Sydney University": 0.0, "id": 701021029, "name": "Wanguri" }, "geometry": { "type": "Polygon", "coordinates": [ [ [ 130.8849, -12.36779 ], [ 130.88287, -12.36895 ], [ 130.88395, -12.37082 ], [ 130.88407, -12.37141 ], [ 130.88497, -12.3714 ], [ 130.88625, -12.37181 ], [ 130.88477, -12.37639 ], [ 130.88679, -12.37699 ], [ 130.89079, -12.37747 ], [ 130.89222, -12.36652 ], [ 130.88571, -12.3657 ], [ 130.88558, -12.36696 ], [ 130.88536, -12.36737 ], [ 130.8849, -12.36779 ] ] ] } },
{ "type": "Feature", "properties": { "SA2_CODE21": 701021030, "SA2_NAME21": "Wulagi", "CHG_FLAG21": "0", "CHG_LBL21": "No change", "SA3_CODE21": "70102", "SA3_NAME21": "Darwin Suburbs", "SA4_CODE21": "701", "SA4_NAME21": "Darwin", "GCC_CODE21": "7GDAR", "GCC_NAME21": "Greater Darwin", "STE_CODE21": "7", "STE_NAME21": "Northern Territory", "AUS_CODE21": "AUS", "AUS_NAME21": "Australia", "AREASQKM21": 1.2629, "LOCI_URI21": "http://linked.data.gov.au/dataset/asgsed3/SA2/701021030", "Group": "Total_low_ses", "Australian Catholic University": 0.0, "Avondale University": 0.0, "Bond University": 0.0, "CQUniversity": 0.0, "Charles Darwin University": 0.0, "Charles Sturt University": 0.0, "Curtin University": 0.0, "Deakin University": 0.0, "Edith Cowan University": 0.0, "Federation University Australia": 0.0, "Flinders University": 0.0, "Griffith University": 0.0, "James Cook University": 0.0, "Macquarie University": 0.0, "Monash University": 0.0, "Murdoch University": 0.0, "Queensland University of Technology": 0.0, "RMIT University": 0.0, "Southern Cross University": 0.0, "Swinburne University of Technology": 0.0, "The Australian National University": 0.0, "The University of Adelaide": 0.0, "The University of Melbourne": 0.0, "The University of New England": 0.0, "The University of Newcastle": 0.0, "The University of Notre Dame Australia": 0.0, "The University of Queensland": 0.0, "The University of Sydney": 0.0, "The University of Western Australia": 0.0, "Torrens University Australia": 0.0, "University of Canberra": 0.0, "University of Divinity": 0.0, "University of New South Wales": 0.0, "University of South Australia": 0.0, "University of Southern Queensland": 0.0, "University of Tasmania": 0.0, "University of Technology Sydney": 0.0, "University of Wollongong": 0.0, "University of the Sunshine Coast": 0.0, "Victoria University": 0.0, "Western Sydney University": 0.0, "id": 701021030, "name": "Wulagi" }, "geometry": { "type": "Polygon", "coordinates": [ [ [ 130.88775, -12.38459 ], [ 130.89298, -12.38756 ], [ 130.89375, -12.38784 ], [ 130.89684, -12.38851 ], [ 130.89704, -12.38781 ], [ 130.89739, -12.38732 ], [ 130.8979, -12.38699 ], [ 130.89852, -12.38688 ], [ 130.90039, -12.38725 ], [ 130.90129, -12.38755 ], [ 130.90158, -12.38778 ], [ 130.90217, -12.38722 ], [ 130.90379, -12.38636 ], [ 130.9046, -12.3854 ], [ 130.89624, -12.37893 ], [ 130.89514, -12.37828 ], [ 130.89413, -12.37792 ], [ 130.89079, -12.37747 ], [ 130.89041, -12.37995 ], [ 130.89022, -12.38042 ], [ 130.88775, -12.38459 ] ] ] } },
{ "type": "Feature", "properties": { "SA2_CODE21": 701031031, "SA2_NAME21": "Howard Springs", "CHG_FLAG21": "0", "CHG_LBL21": "No change", "SA3_CODE21": "70103", "SA3_NAME21": "Litchfield", "SA4_CODE21": "701", "SA4_NAME21": "Darwin", "GCC_CODE21": "7GDAR", "GCC_NAME21": "Greater Darwin", "STE_CODE21": "7", "STE_NAME21": "Northern Territory", "AUS_CODE21": "AUS", "AUS_NAME21": "Australia", "AREASQKM21": 118.021, "LOCI_URI21": "http://linked.data.gov.au/dataset/asgsed3/SA2/701031031", "Group": "Total_low_ses", "Australian Catholic University": 0.0, "Avondale University": 0.0, "Bond University": 0.0, "CQUniversity": 0.0, "Charles Darwin University": 2.0, "Charles Sturt University": 0.0, "Curtin University": 0.0, "Deakin University": 0.0, "Edith Cowan University": 0.0, "Federation University Australia": 0.0, "Flinders University": 0.0, "Griffith University": 0.0, "James Cook University": 0.0, "Macquarie University": 0.0, "Monash University": 0.0, "Murdoch University": 0.0, "Queensland University of Technology": 0.0, "RMIT University": 0.0, "Southern Cross University": 0.0, "Swinburne University of Technology": 0.0, "The Australian National University": 0.0, "The University of Adelaide": 0.0, "The University of Melbourne": 0.0, "The University of New England": 0.0, "The University of Newcastle": 0.0, "The University of Notre Dame Australia": 0.0, "The University of Queensland": 0.0, "The University of Sydney": 0.0, "The University of Western Australia": 0.0, "Torrens University Australia": 0.0, "University of Canberra": 0.0, "University of Divinity": 0.0, "University of New South Wales": 0.0, "University of South Australia": 0.0, "University of Southern Queensland": 0.0, "University of Tasmania": 0.0, "University of Technology Sydney": 0.0, "University of Wollongong": 0.0, "University of the Sunshine Coast": 0.0, "Victoria University": 0.0, "Western Sydney University": 0.0, "id": 701031031, "name": "Howard Springs" }, "geometry": { "type": "Polygon", "coordinates": [ [ [ 130.99032, -12.46803 ], [ 130.99812, -12.47306 ], [ 131.00543, -12.4808 ], [ 131.01093, -12.48512 ], [ 131.00969, -12.48626 ], [ 131.01107, -12.48972 ], [ 131.01325, -12.48972 ], [ 131.01328, -12.49629 ], [ 131.02054, -12.50893 ], [ 131.02341, -12.51258 ], [ 131.02608, -12.51429 ], [ 131.03245, -12.51644 ], [ 131.03575, -12.5187 ], [ 131.03574, -12.51092 ], [ 131.03658, -12.51092 ], [ 131.04066, -12.51521 ], [ 131.04791, -12.52547 ], [ 131.0712, -12.52557 ], [ 131.07121, -12.52052 ], [ 131.069, -12.52052 ], [ 131.06901, -12.51617 ], [ 131.07257, -12.51449 ], [ 131.07131, -12.51148 ], [ 131.06975, -12.51148 ], [ 131.06976, -12.50596 ], [ 131.06746, -12.5018 ], [ 131.06655, -12.5018 ], [ 131.06656, -12.49628 ], [ 131.11122, -12.49622 ], [ 131.1112, -12.46703 ], [ 131.09641, -12.46704 ], [ 131.09641, -12.46233 ], [ 131.08899, -12.46233 ], [ 131.0888, -12.40882 ], [ 131.0515, -12.40886 ], [ 131.05151, -12.44297 ], [ 131.05055, -12.44269 ], [ 131.04465, -12.43567 ], [ 131.0446, -12.43129 ], [ 131.01284, -12.43136 ], [ 131.01277, -12.4238 ], [ 130.96806, -12.42395 ], [ 130.96817, -12.44624 ], [ 130.95462, -12.4463 ], [ 130.97313, -12.46093 ], [ 130.97579, -12.46373 ], [ 130.9766, -12.46641 ], [ 130.97756, -12.46752 ], [ 130.97838, -12.468 ], [ 130.99032, -12.46803 ] ] ] } },
{ "type": "Feature", "properties": { "SA2_CODE21": 701031032, "SA2_NAME21": "Humpty Doo", "CHG_FLAG21": "0", "CHG_LBL21": "No change", "SA3_CODE21": "70103", "SA3_NAME21": "Litchfield", "SA4_CODE21": "701", "SA4_NAME21": "Darwin", "GCC_CODE21": "7GDAR", "GCC_NAME21": "Greater Darwin", "STE_CODE21": "7", "STE_NAME21": "Northern Territory", "AUS_CODE21": "AUS", "AUS_NAME21": "Australia", "AREASQKM21": 157.4161, "LOCI_URI21": "http://linked.data.gov.au/dataset/asgsed3/SA2/701031032", "Group": "Total_low_ses", "Australian Catholic University": 0.0, "Avondale University": 0.0, "Bond University": 0.0, "CQUniversity": 0.0, "Charles Darwin University": 6.0, "Charles Sturt University": 0.0, "Curtin University": 2.0, "Deakin University": 0.0, "Edith Cowan University": 0.0, "Federation University Australia": 0.0, "Flinders University": 0.0, "Griffith University": 0.0, "James Cook University": 0.0, "Macquarie University": 0.0, "Monash University": 0.0, "Murdoch University": 0.0, "Queensland University of Technology": 0.0, "RMIT University": 0.0, "Southern Cross University": 0.0, "Swinburne University of Technology": 0.0, "The Australian National University": 0.0, "The University of Adelaide": 0.0, "The University of Melbourne": 0.0, "The University of New England": 0.0, "The University of Newcastle": 0.0, "The University of Notre Dame Australia": 0.0, "The University of Queensland": 0.0, "The University of Sydney": 0.0, "The University of Western Australia": 0.0, "Torrens University Australia": 0.0, "University of Canberra": 0.0, "University of Divinity": 0.0, "University of New South Wales": 0.0, "University of South Australia": 0.0, "University of Southern Queensland": 0.0, "University of Tasmania": 0.0, "University of Technology Sydney": 0.0, "University of Wollongong": 0.0, "University of the Sunshine Coast": 0.0, "Victoria University": 0.0, "Western Sydney University": 0.0, "id": 701031032, "name": "Humpty Doo" }, "geometry": { "type": "Polygon", "coordinates": [ [ [ 131.14843, -12.52556 ], [ 131.10379, -12.52555 ], [ 131.1038, -12.49632 ], [ 131.06656, -12.49628 ], [ 131.06655, -12.5018 ], [ 131.06746, -12.5018 ], [ 131.06976, -12.50596 ], [ 131.06975, -12.51148 ], [ 131.07131, -12.51148 ], [ 131.07257, -12.51449 ], [ 131.06901, -12.51617 ], [ 131.069, -12.52052 ], [ 131.07121, -12.52052 ], [ 131.0712, -12.52557 ], [ 131.04554, -12.52557 ], [ 131.05877, -12.54069 ], [ 131.07158, -12.55888 ], [ 131.07259, -12.56159 ], [ 131.07339, -12.56473 ], [ 131.07331, -12.61338 ], [ 131.19313, -12.61334 ], [ 131.19315, -12.56949 ], [ 131.20806, -12.56946 ], [ 131.20805, -12.55485 ], [ 131.20056, -12.55485 ], [ 131.20059, -12.52545 ], [ 131.17826, -12.52555 ], [ 131.17818, -12.49641 ], [ 131.16331, -12.4964 ], [ 131.16331, -12.51093 ], [ 131.14832, -12.51096 ], [ 131.14843, -12.52556 ] ] ] } },
{ "type": "Feature", "properties": { "SA2_CODE21": 701031034, "SA2_NAME21": "Virginia", "CHG_FLAG21": "0", "CHG_LBL21": "No change", "SA3_CODE21": "70103", "SA3_NAME21": "Litchfield", "SA4_CODE21": "701", "SA4_NAME21": "Darwin", "GCC_CODE21": "7GDAR", "GCC_NAME21": "Greater Darwin", "STE_CODE21": "7", "STE_NAME21": "Northern Territory", "AUS_CODE21": "AUS", "AUS_NAME21": "Australia", "AREASQKM21": 54.7364, "LOCI_URI21": "http://linked.data.gov.au/dataset/asgsed3/SA2/701031034", "Group": "Total_low_ses", "Australian Catholic University": 0.0, "Avondale University": 0.0, "Bond University": 0.0, "CQUniversity": 0.0, "Charles Darwin University": 2.0, "Charles Sturt University": 0.0, "Curtin University": 0.0, "Deakin University": 0.0, "Edith Cowan University": 0.0, "Federation University Australia": 0.0, "Flinders University": 0.0, "Griffith University": 0.0, "James Cook University": 2.0, "Macquarie University": 0.0, "Monash University": 2.0, "Murdoch University": 0.0, "Queensland University of Technology": 0.0, "RMIT University": 0.0, "Southern Cross University": 0.0, "Swinburne University of Technology": 0.0, "The Australian National University": 0.0, "The University of Adelaide": 0.0, "The University of Melbourne": 0.0, "The University of New England": 0.0, "The University of Newcastle": 2.0, "The University of Notre Dame Australia": 0.0, "The University of Queensland": 0.0, "The University of Sydney": 0.0, "The University of Western Australia": 0.0, "Torrens University Australia": 0.0, "University of Canberra": 0.0, "University of Divinity": 0.0, "University of New South Wales": 0.0, "University of South Australia": 0.0, "University of Southern Queensland": 0.0, "University of Tasmania": 0.0, "University of Technology Sydney": 0.0, "University of Wollongong": 0.0, "University of the Sunshine Coast": 0.0, "Victoria University": 0.0, "Western Sydney University": 0.0, "id": 701031034, "name": "Virginia" }, "geometry": { "type": "Polygon", "coordinates": [ [ [ 131.01435, -12.52565 ], [ 131.01434, -12.52722 ], [ 131.01314, -12.52763 ], [ 131.01222, -12.52864 ], [ 131.01223, -12.52966 ], [ 131.01257, -12.53067 ], [ 131.01189, -12.53147 ], [ 131.01062, -12.5317 ], [ 131.00947, -12.5317 ], [ 131.00913, -12.53193 ], [ 131.00741, -12.53374 ], [ 131.00706, -12.53363 ], [ 131.00683, -12.53329 ], [ 131.00677, -12.53231 ], [ 131.00579, -12.5325 ], [ 131.00396, -12.53363 ], [ 131.00304, -12.53409 ], [ 131.00166, -12.53432 ], [ 131.00014, -12.53494 ], [ 130.9999, -12.53527 ], [ 130.99944, -12.53646 ], [ 130.99856, -12.53761 ], [ 130.9965, -12.53809 ], [ 130.99463, -12.53771 ], [ 130.99243, -12.53811 ], [ 130.99157, -12.53867 ], [ 130.99071, -12.5401 ], [ 130.98995, -12.54288 ], [ 130.98821, -12.5452 ], [ 130.98722, -12.54718 ], [ 130.98815, -12.54795 ], [ 130.99002, -12.54918 ], [ 130.99199, -12.552 ], [ 130.99665, -12.56026 ], [ 130.99759, -12.5615 ], [ 131.00073, -12.56258 ], [ 131.00401, -12.56345 ], [ 131.00598, -12.56548 ], [ 131.00977, -12.56545 ], [ 131.01238, -12.5662 ], [ 131.01318, -12.56863 ], [ 131.01437, -12.57131 ], [ 131.01635, -12.57373 ], [ 131.0191, -12.57601 ], [ 131.02173, -12.57791 ], [ 131.02473, -12.57815 ], [ 131.0272, -12.57736 ], [ 131.02969, -12.57952 ], [ 131.03424, -12.58486 ], [ 131.03481, -12.58619 ], [ 131.03506, -12.58655 ], [ 131.03598, -12.58591 ], [ 131.03797, -12.5866 ], [ 131.03876, -12.58631 ], [ 131.03949, -12.58651 ], [ 131.04018, -12.58675 ], [ 131.03977, -12.58761 ], [ 131.04004, -12.58791 ], [ 131.04054, -12.58814 ], [ 131.04158, -12.58811 ], [ 131.04278, -12.58779 ], [ 131.04385, -12.58887 ], [ 131.04483, -12.58931 ], [ 131.04533, -12.58937 ], [ 131.04602, -12.58912 ], [ 131.04664, -12.58925 ], [ 131.04723, -12.58978 ], [ 131.04775, -12.59043 ], [ 131.0486, -12.59115 ], [ 131.04922, -12.59131 ], [ 131.04968, -12.59095 ], [ 131.04998, -12.5909 ], [ 131.05052, -12.59104 ], [ 131.05103, -12.59187 ], [ 131.05083, -12.59236 ], [ 131.05087, -12.59296 ], [ 131.05053, -12.59296 ], [ 131.05158, -12.5957 ], [ 131.05253, -12.59522 ], [ 131.0557, -12.59781 ], [ 131.05681, -12.59752 ], [ 131.0589, -12.59833 ], [ 131.05891, -12.5997 ], [ 131.059, -12.59974 ], [ 131.05898, -12.61341 ], [ 131.07331, -12.61338 ], [ 131.07341, -12.60513 ], [ 131.07335, -12.5839 ], [ 131.07339, -12.56473 ], [ 131.07259, -12.56159 ], [ 131.07158, -12.55888 ], [ 131.05877, -12.54069 ], [ 131.05533, -12.53667 ], [ 131.04567, -12.52584 ], [ 131.04554, -12.52557 ], [ 131.04609, -12.52556 ], [ 131.04612, -12.52548 ], [ 131.04791, -12.52547 ], [ 131.04066, -12.51521 ], [ 131.03901, -12.5133 ], [ 131.03658, -12.51092 ], [ 131.03574, -12.51092 ], [ 131.03575, -12.5187 ], [ 131.03245, -12.51644 ], [ 131.03028, -12.51556 ], [ 131.02749, -12.5148 ], [ 131.02608, -12.51429 ], [ 131.02422, -12.51322 ], [ 131.02277, -12.51197 ], [ 131.0216, -12.51062 ], [ 131.01904, -12.50641 ], [ 131.01705, -12.50281 ], [ 131.01619, -12.50159 ], [ 131.01406, -12.49788 ], [ 131.01318, -12.49613 ], [ 131.01336, -12.52561 ], [ 131.01435, -12.52565 ] ] ] } },
{ "type": "Feature", "properties": { "SA2_CODE21": 701031035, "SA2_NAME21": "Weddell", "CHG_FLAG21": "0", "CHG_LBL21": "No change", "SA3_CODE21": "70103", "SA3_NAME21": "Litchfield", "SA4_CODE21": "701", "SA4_NAME21": "Darwin", "GCC_CODE21": "7GDAR", "GCC_NAME21": "Greater Darwin", "STE_CODE21": "7", "STE_NAME21": "Northern Territory", "AUS_CODE21": "AUS", "AUS_NAME21": "Australia", "AREASQKM21": 1408.6881, "LOCI_URI21": "http://linked.data.gov.au/dataset/asgsed3/SA2/701031035", "Group": "Total_low_ses", "Australian Catholic University": 0.0, "Avondale University": 0.0, "Bond University": 0.0, "CQUniversity": 0.0, "Charles Darwin University": 2.0, "Charles Sturt University": 0.0, "Curtin University": 0.0, "Deakin University": 0.0, "Edith Cowan University": 0.0, "Federation University Australia": 0.0, "Flinders University": 2.0, "Griffith University": 0.0, "James Cook University": 2.0, "Macquarie University": 0.0, "Monash University": 0.0, "Murdoch University": 0.0, "Queensland University of Technology": 0.0, "RMIT University": 0.0, "Southern Cross University": 0.0, "Swinburne University of Technology": 0.0, "The Australian National University": 0.0, "The University of Adelaide": 2.0, "The University of Melbourne": 0.0, "The University of New England": 0.0, "The University of Newcastle": 0.0, "The University of Notre Dame Australia": 0.0, "The University of Queensland": 2.0, "The University of Sydney": 0.0, "The University of Western Australia": 0.0, "Torrens University Australia": 0.0, "University of Canberra": 0.0, "University of Divinity": 0.0, "University of New South Wales": 0.0, "University of South Australia": 0.0, "University of Southern Queensland": 0.0, "University of Tasmania": 0.0, "University of Technology Sydney": 0.0, "University of Wollongong": 0.0, "University of the Sunshine Coast": 0.0, "Victoria University": 0.0, "Western Sydney University": 0.0, "id": 701031035, "name": "Weddell" }, "geometry": { "type": "MultiPolygon", "coordinates": [ [ [ [ 130.86418, -12.54554 ], [ 130.86311, -12.54716 ], [ 130.86511, -12.54968 ], [ 130.86452, -12.55126 ], [ 130.86325, -12.55126 ], [ 130.86227, -12.55317 ], [ 130.86241, -12.55403 ], [ 130.86388, -12.55414 ], [ 130.86236, -12.55662 ], [ 130.86129, -12.55707 ], [ 130.86187, -12.56223 ], [ 130.8629, -12.56163 ], [ 130.8629, -12.56043 ], [ 130.86403, -12.55922 ], [ 130.86532, -12.55995 ], [ 130.86602, -12.55965 ], [ 130.8663, -12.55837 ], [ 130.86682, -12.55931 ], [ 130.86833, -12.55867 ], [ 130.87185, -12.55435 ], [ 130.87253, -12.55265 ], [ 130.87241, -12.54814 ], [ 130.87172, -12.54735 ], [ 130.867, -12.5451 ], [ 130.86418, -12.54554 ] ] ], [ [ [ 130.95325, -12.53792 ], [ 130.95428, -12.53657 ], [ 130.95152, -12.53646 ], [ 130.9514, -12.53725 ], [ 130.95325, -12.53792 ] ] ], [ [ [ 130.8776, -12.55739 ], [ 130.87783, -12.55671 ], [ 130.87749, -12.55626 ], [ 130.87726, -12.55705 ], [ 130.8776, -12.55739 ] ] ], [ [ [ 130.97695, -12.54131 ], [ 130.96696, -12.53464 ], [ 130.96026, -12.53325 ], [ 130.95588, -12.53404 ], [ 130.9564, -12.53739 ], [ 130.95417, -12.53905 ], [ 130.95729, -12.54718 ], [ 130.95649, -12.55288 ], [ 130.95386, -12.55512 ], [ 130.9558, -12.54955 ], [ 130.95568, -12.54583 ], [ 130.95349, -12.5421 ], [ 130.94946, -12.53963 ], [ 130.94854, -12.53985 ], [ 130.949, -12.54256 ], [ 130.94866, -12.54595 ], [ 130.94729, -12.54901 ], [ 130.94499, -12.55048 ], [ 130.94166, -12.55049 ], [ 130.93898, -12.55407 ], [ 130.93959, -12.55128 ], [ 130.94074, -12.55026 ], [ 130.94465, -12.54947 ], [ 130.94602, -12.54822 ], [ 130.94728, -12.54494 ], [ 130.94704, -12.54167 ], [ 130.94566, -12.53896 ], [ 130.9437, -12.53749 ], [ 130.93933, -12.53592 ], [ 130.93426, -12.5322 ], [ 130.93403, -12.53435 ], [ 130.93588, -12.53627 ], [ 130.93485, -12.54062 ], [ 130.93369, -12.53717 ], [ 130.93266, -12.53695 ], [ 130.9315, -12.53526 ], [ 130.93047, -12.53503 ], [ 130.92737, -12.53662 ], [ 130.92702, -12.53606 ], [ 130.92863, -12.53391 ], [ 130.92851, -12.53199 ], [ 130.93091, -12.52645 ], [ 130.93055, -12.52023 ], [ 130.92778, -12.51436 ], [ 130.92263, -12.50924 ], [ 130.92167, -12.50907 ], [ 130.92075, -12.5102 ], [ 130.9196, -12.5102 ], [ 130.91604, -12.51235 ], [ 130.91432, -12.51417 ], [ 130.91237, -12.51507 ], [ 130.91042, -12.51745 ], [ 130.91137, -12.53055 ], [ 130.91309, -12.53179 ], [ 130.91539, -12.52998 ], [ 130.91651, -12.52999 ], [ 130.91666, -12.53088 ], [ 130.91264, -12.53258 ], [ 130.91057, -12.53473 ], [ 130.91092, -12.53744 ], [ 130.91069, -12.5379 ], [ 130.90954, -12.53767 ], [ 130.90874, -12.5405 ], [ 130.90805, -12.54073 ], [ 130.9077, -12.53881 ], [ 130.91011, -12.53293 ], [ 130.9101, -12.53112 ], [ 130.90939, -12.52276 ], [ 130.90708, -12.51644 ], [ 130.90651, -12.5161 ], [ 130.90536, -12.51689 ], [ 130.90135, -12.52504 ], [ 130.89652, -12.52832 ], [ 130.89663, -12.53202 ], [ 130.89561, -12.52979 ], [ 130.89572, -12.52798 ], [ 130.89985, -12.52413 ], [ 130.90467, -12.51644 ], [ 130.90501, -12.51475 ], [ 130.90362, -12.51328 ], [ 130.90236, -12.51317 ], [ 130.89765, -12.51578 ], [ 130.88489, -12.52077 ], [ 130.8796, -12.52112 ], [ 130.8773, -12.52 ], [ 130.87154, -12.51515 ], [ 130.87085, -12.51368 ], [ 130.87176, -12.51018 ], [ 130.87095, -12.50735 ], [ 130.8698, -12.50577 ], [ 130.866, -12.5051 ], [ 130.86462, -12.5033 ], [ 130.86289, -12.50285 ], [ 130.86071, -12.50579 ], [ 130.85922, -12.50658 ], [ 130.85899, -12.5076 ], [ 130.86118, -12.50974 ], [ 130.86155, -12.52409 ], [ 130.86213, -12.52624 ], [ 130.86294, -12.5268 ], [ 130.86524, -12.5268 ], [ 130.86754, -12.52544 ], [ 130.87099, -12.526 ], [ 130.87387, -12.52802 ], [ 130.8756, -12.53141 ], [ 130.87688, -12.53977 ], [ 130.87954, -12.5479 ], [ 130.88668, -12.55252 ], [ 130.88772, -12.55251 ], [ 130.88891, -12.55073 ], [ 130.88933, -12.55127 ], [ 130.88864, -12.55342 ], [ 130.89221, -12.55601 ], [ 130.89429, -12.55849 ], [ 130.89762, -12.5586 ], [ 130.90143, -12.55625 ], [ 130.90004, -12.55972 ], [ 130.89751, -12.56063 ], [ 130.89337, -12.56052 ], [ 130.88772, -12.5559 ], [ 130.88036, -12.55275 ], [ 130.87783, -12.55242 ], [ 130.87737, -12.55423 ], [ 130.88315, -12.56755 ], [ 130.88466, -12.57478 ], [ 130.88638, -12.57534 ], [ 130.89087, -12.57465 ], [ 130.89283, -12.57589 ], [ 130.90261, -12.57892 ], [ 130.90341, -12.57485 ], [ 130.90294, -12.57271 ], [ 130.90571, -12.57395 ], [ 130.90747, -12.57283 ], [ 130.90801, -12.57394 ], [ 130.91192, -12.57495 ], [ 130.91733, -12.57878 ], [ 130.92309, -12.5799 ], [ 130.92885, -12.58395 ], [ 130.93298, -12.58826 ], [ 130.93497, -12.59287 ], [ 130.93697, -12.59401 ], [ 130.93693, -12.59614 ], [ 130.93781, -12.59801 ], [ 130.94546, -12.60651 ], [ 130.94845, -12.60617 ], [ 130.95333, -12.59685 ], [ 130.95401, -12.59749 ], [ 130.95309, -12.59844 ], [ 130.95007, -12.60617 ], [ 130.94811, -12.60843 ], [ 130.9532, -12.61779 ], [ 130.95447, -12.61949 ], [ 130.95618, -12.61953 ], [ 130.95609, -12.62366 ], [ 130.95726, -12.63089 ], [ 130.95852, -12.63202 ], [ 130.96025, -12.63213 ], [ 130.96634, -12.62952 ], [ 130.96686, -12.62977 ], [ 130.96313, -12.63235 ], [ 130.95979, -12.63326 ], [ 130.95553, -12.63214 ], [ 130.95462, -12.63508 ], [ 130.95471, -12.63697 ], [ 130.9453, -12.63785 ], [ 130.94, -12.63002 ], [ 130.93699, -12.62201 ], [ 130.93571, -12.61614 ], [ 130.93455, -12.61309 ], [ 130.93294, -12.61109 ], [ 130.92971, -12.60948 ], [ 130.92304, -12.60848 ], [ 130.92223, -12.6104 ], [ 130.92062, -12.60781 ], [ 130.91659, -12.60623 ], [ 130.90877, -12.60727 ], [ 130.90589, -12.60671 ], [ 130.90055, -12.60752 ], [ 130.89749, -12.60571 ], [ 130.89415, -12.60492 ], [ 130.8823, -12.60619 ], [ 130.88368, -12.61032 ], [ 130.88152, -12.6176 ], [ 130.88221, -12.61873 ], [ 130.88199, -12.61997 ], [ 130.88291, -12.62087 ], [ 130.8828, -12.6246 ], [ 130.8843, -12.62584 ], [ 130.88694, -12.62538 ], [ 130.88718, -12.62606 ], [ 130.88591, -12.62674 ], [ 130.88568, -12.62787 ], [ 130.88718, -12.63002 ], [ 130.89018, -12.63216 ], [ 130.89153, -12.63204 ], [ 130.89225, -12.63373 ], [ 130.89364, -12.6343 ], [ 130.89283, -12.6352 ], [ 130.89007, -12.63408 ], [ 130.89065, -12.63905 ], [ 130.89108, -12.63988 ], [ 130.89255, -12.64016 ], [ 130.89135, -12.64119 ], [ 130.89077, -12.64097 ], [ 130.89043, -12.64176 ], [ 130.89919, -12.64649 ], [ 130.90449, -12.65201 ], [ 130.90426, -12.65326 ], [ 130.90519, -12.65574 ], [ 130.90703, -12.65574 ], [ 130.90819, -12.65642 ], [ 130.9037, -12.658 ], [ 130.90118, -12.66169 ], [ 130.89991, -12.66106 ], [ 130.8983, -12.66276 ], [ 130.89773, -12.66773 ], [ 130.89879, -12.67586 ], [ 130.89523, -12.68246 ], [ 130.8958, -12.67892 ], [ 130.89786, -12.67519 ], [ 130.89623, -12.66502 ], [ 130.89703, -12.66152 ], [ 130.8999, -12.65722 ], [ 130.90001, -12.6553 ], [ 130.89482, -12.65068 ], [ 130.89033, -12.64933 ], [ 130.88927, -12.64822 ], [ 130.88921, -12.85954 ], [ 131.03875, -12.86038 ], [ 131.03876, -12.81582 ], [ 131.06869, -12.81586 ], [ 131.06867, -12.82317 ], [ 131.11194, -12.82322 ], [ 131.11199, -12.82525 ], [ 131.13437, -12.82473 ], [ 131.13497, -12.83927 ], [ 131.14216, -12.8391 ], [ 131.1423, -12.84597 ], [ 131.15828, -12.84598 ], [ 131.15825, -12.86188 ], [ 131.20303, -12.86135 ], [ 131.20353, -12.85853 ], [ 131.20845, -12.84936 ], [ 131.20722, -12.84517 ], [ 131.20693, -12.83805 ], [ 131.21105, -12.82858 ], [ 131.20937, -12.82699 ], [ 131.20835, -12.82222 ], [ 131.21072, -12.82067 ], [ 131.2135, -12.82107 ], [ 131.21915, -12.81973 ], [ 131.21682, -12.80818 ], [ 131.21514, -12.8054 ], [ 131.2134, -12.804 ], [ 131.21334, -12.80308 ], [ 131.21566, -12.80263 ], [ 131.2174, -12.80394 ], [ 131.22099, -12.80297 ], [ 131.22925, -12.79021 ], [ 131.23102, -12.78849 ], [ 131.23428, -12.78941 ], [ 131.23534, -12.78873 ], [ 131.23561, -12.78579 ], [ 131.23815, -12.78389 ], [ 131.23983, -12.78031 ], [ 131.24159, -12.77908 ], [ 131.2462, -12.77968 ], [ 131.25191, -12.78261 ], [ 131.25405, -12.782 ], [ 131.2555, -12.77927 ], [ 131.25801, -12.78042 ], [ 131.25925, -12.78001 ], [ 131.25989, -12.77896 ], [ 131.26037, -12.77366 ], [ 131.25958, -12.77299 ], [ 131.25717, -12.77268 ], [ 131.25452, -12.77062 ], [ 131.25404, -12.7689 ], [ 131.25475, -12.76774 ], [ 131.25622, -12.76717 ], [ 131.25909, -12.76802 ], [ 131.26146, -12.7657 ], [ 131.26564, -12.76833 ], [ 131.26962, -12.76923 ], [ 131.27162, -12.76898 ], [ 131.27291, -12.76804 ], [ 131.27445, -12.76523 ], [ 131.27428, -12.76045 ], [ 131.27505, -12.75811 ], [ 131.281, -12.75498 ], [ 131.2825, -12.75352 ], [ 131.28141, -12.74803 ], [ 131.28111, -12.74228 ], [ 131.2817, -12.73946 ], [ 131.28328, -12.73692 ], [ 131.28337, -12.73508 ], [ 131.27774, -12.73373 ], [ 131.27531, -12.73045 ], [ 131.26957, -12.72514 ], [ 131.26983, -12.72314 ], [ 131.27441, -12.71604 ], [ 131.27519, -12.71376 ], [ 131.275, -12.71155 ], [ 131.27344, -12.70923 ], [ 131.27264, -12.70632 ], [ 131.27778, -12.70271 ], [ 131.27991, -12.698 ], [ 131.28247, -12.6963 ], [ 131.2898, -12.69515 ], [ 131.29315, -12.69674 ], [ 131.29552, -12.6921 ], [ 131.29743, -12.69001 ], [ 131.30414, -12.68981 ], [ 131.30508, -12.68917 ], [ 131.30584, -12.6864 ], [ 131.3066, -12.68565 ], [ 131.31456, -12.68524 ], [ 131.32058, -12.68262 ], [ 131.32594, -12.6786 ], [ 131.33013, -12.67695 ], [ 131.33227, -12.67537 ], [ 131.3333, -12.66882 ], [ 131.33671, -12.66216 ], [ 131.33902, -12.65345 ], [ 131.34, -12.65179 ], [ 131.34808, -12.64402 ], [ 131.35115, -12.64306 ], [ 131.35767, -12.64822 ], [ 131.36654, -12.64873 ], [ 131.36798, -12.64784 ], [ 131.36895, -12.64567 ], [ 131.3685, -12.64357 ], [ 131.367, -12.64211 ], [ 131.3638, -12.64089 ], [ 131.3578, -12.64026 ], [ 131.3565, -12.63892 ], [ 131.35584, -12.63701 ], [ 131.35598, -12.63465 ], [ 131.35982, -12.62841 ], [ 131.36348, -12.62535 ], [ 131.37026, -12.6214 ], [ 131.37437, -12.61707 ], [ 131.37763, -12.61242 ], [ 131.37874, -12.61032 ], [ 131.37861, -12.60879 ], [ 131.37502, -12.6042 ], [ 131.3745, -12.6014 ], [ 131.37495, -12.5993 ], [ 131.37626, -12.59732 ], [ 131.38017, -12.59414 ], [ 131.38585, -12.59376 ], [ 131.38689, -12.59274 ], [ 131.38617, -12.59006 ], [ 131.37998, -12.58681 ], [ 131.37965, -12.58452 ], [ 131.38134, -12.58133 ], [ 131.38819, -12.57465 ], [ 131.38793, -12.5735 ], [ 131.3865, -12.57261 ], [ 131.38128, -12.57254 ], [ 131.38011, -12.57152 ], [ 131.37985, -12.56879 ], [ 131.38056, -12.56675 ], [ 131.38474, -12.56356 ], [ 131.38565, -12.56216 ], [ 131.38565, -12.5605 ], [ 131.38513, -12.5591 ], [ 131.38056, -12.55566 ], [ 131.37508, -12.55343 ], [ 131.37443, -12.55203 ], [ 131.37469, -12.55076 ], [ 131.37921, -12.54758 ], [ 131.35006, -12.54526 ], [ 131.34389, -12.54614 ], [ 131.3451, -12.54848 ], [ 131.3301, -12.54881 ], [ 131.32276, -12.55011 ], [ 131.3043, -12.53791 ], [ 131.29168, -12.55634 ], [ 131.2814, -12.54958 ], [ 131.27751, -12.5322 ], [ 131.28577, -12.52752 ], [ 131.27561, -12.51248 ], [ 131.26072, -12.5073 ], [ 131.25291, -12.51596 ], [ 131.24962, -12.52782 ], [ 131.25031, -12.54191 ], [ 131.24285, -12.55277 ], [ 131.21681, -12.52543 ], [ 131.21496, -12.51613 ], [ 131.21665, -12.51522 ], [ 131.21906, -12.5151 ], [ 131.22193, -12.51373 ], [ 131.22255, -12.51272 ], [ 131.2202, -12.51306 ], [ 131.21859, -12.51408 ], [ 131.22055, -12.51182 ], [ 131.22043, -12.51092 ], [ 131.21359, -12.50584 ], [ 131.21354, -12.47304 ], [ 131.20163, -12.47408 ], [ 131.17818, -12.48982 ], [ 131.17826, -12.52555 ], [ 131.20059, -12.52545 ], [ 131.20056, -12.55485 ], [ 131.20805, -12.55485 ], [ 131.20806, -12.56946 ], [ 131.19315, -12.56949 ], [ 131.19313, -12.61334 ], [ 131.05898, -12.61341 ], [ 131.0589, -12.59833 ], [ 131.05681, -12.59752 ], [ 131.0557, -12.59781 ], [ 131.05253, -12.59522 ], [ 131.05158, -12.5957 ], [ 131.05053, -12.59296 ], [ 131.05103, -12.59187 ], [ 131.05052, -12.59104 ], [ 131.0486, -12.59115 ], [ 131.04664, -12.58925 ], [ 131.04483, -12.58931 ], [ 131.04278, -12.58779 ], [ 131.04054, -12.58814 ], [ 131.03977, -12.58761 ], [ 131.04018, -12.58675 ], [ 131.03949, -12.58651 ], [ 131.03598, -12.58591 ], [ 131.03506, -12.58655 ], [ 131.02969, -12.57952 ], [ 131.0272, -12.57736 ], [ 131.02473, -12.57815 ], [ 131.02173, -12.57791 ], [ 131.01635, -12.57373 ], [ 131.01437, -12.57131 ], [ 131.01238, -12.5662 ], [ 131.00977, -12.56545 ], [ 131.00598, -12.56548 ], [ 131.00401, -12.56345 ], [ 130.99759, -12.5615 ], [ 130.99002, -12.54918 ], [ 130.98387, -12.54489 ], [ 130.97695, -12.54131 ] ] ], [ [ [ 130.95243, -12.63565 ], [ 130.9538, -12.63011 ], [ 130.95368, -12.62762 ], [ 130.95264, -12.62457 ], [ 130.94802, -12.61735 ], [ 130.94549, -12.61928 ], [ 130.94504, -12.62199 ], [ 130.94736, -12.6291 ], [ 130.95036, -12.63373 ], [ 130.95243, -12.63565 ] ] ], [ [ [ 130.94491, -12.61781 ], [ 130.9456, -12.61736 ], [ 130.94641, -12.61566 ], [ 130.94422, -12.61375 ], [ 130.94376, -12.61544 ], [ 130.94491, -12.61781 ] ] ] ] } },
{ "type": "Feature", "properties": { "SA2_CODE21": 701041036, "SA2_NAME21": "Bakewell", "CHG_FLAG21": "0", "CHG_LBL21": "No change", "SA3_CODE21": "70104", "SA3_NAME21": "Palmerston", "SA4_CODE21": "701", "SA4_NAME21": "Darwin", "GCC_CODE21": "7GDAR", "GCC_NAME21": "Greater Darwin", "STE_CODE21": "7", "STE_NAME21": "Northern Territory", "AUS_CODE21": "AUS", "AUS_NAME21": "Australia", "AREASQKM21": 1.3185, "LOCI_URI21": "http://linked.data.gov.au/dataset/asgsed3/SA2/701041036", "Group": "Total_low_ses", "Australian Catholic University": 0.0, "Avondale University": 0.0, "Bond University": 0.0, "CQUniversity": 0.0, "Charles Darwin University": 2.0, "Charles Sturt University": 0.0, "Curtin University": 0.0, "Deakin University": 2.0, "Edith Cowan University": 0.0, "Federation University Australia": 0.0, "Flinders University": 0.0, "Griffith University": 0.0, "James Cook University": 0.0, "Macquarie University": 0.0, "Monash University": 0.0, "Murdoch University": 0.0, "Queensland University of Technology": 0.0, "RMIT University": 0.0, "Southern Cross University": 0.0, "Swinburne University of Technology": 0.0, "The Australian National University": 0.0, "The University of Adelaide": 2.0, "The University of Melbourne": 0.0, "The University of New England": 0.0, "The University of Newcastle": 0.0, "The University of Notre Dame Australia": 0.0, "The University of Queensland": 0.0, "The University of Sydney": 0.0, "The University of Western Australia": 0.0, "Torrens University Australia": 0.0, "University of Canberra": 0.0, "University of Divinity": 0.0, "University of New South Wales": 0.0, "University of South Australia": 0.0, "University of Southern Queensland": 0.0, "University of Tasmania": 0.0, "University of Technology Sydney": 0.0, "University of Wollongong": 0.0, "University of the Sunshine Coast": 0.0, "Victoria University": 0.0, "Western Sydney University": 0.0, "id": 701041036, "name": "Bakewell" }, "geometry": { "type": "Polygon", "coordinates": [ [ [ 130.99244, -12.49311 ], [ 130.99168, -12.4933 ], [ 130.98947, -12.49359 ], [ 130.98798, -12.49414 ], [ 130.98713, -12.49406 ], [ 130.98568, -12.50017 ], [ 130.99011, -12.50108 ], [ 130.99364, -12.50114 ], [ 130.99487, -12.50124 ], [ 130.99886, -12.50215 ], [ 130.99875, -12.50196 ], [ 130.9989, -12.50179 ], [ 130.99899, -12.5009 ], [ 130.99909, -12.49547 ], [ 130.9993, -12.49419 ], [ 130.99994, -12.49147 ], [ 130.99821, -12.49109 ], [ 130.997, -12.49109 ], [ 130.9958, -12.49141 ], [ 130.99244, -12.49311 ] ] ] } },
{ "type": "Feature", "properties": { "SA2_CODE21": 701041037, "SA2_NAME21": "Driver", "CHG_FLAG21": "0", "CHG_LBL21": "No change", "SA3_CODE21": "70104", "SA3_NAME21": "Palmerston", "SA4_CODE21": "701", "SA4_NAME21": "Darwin", "GCC_CODE21": "7GDAR", "GCC_NAME21": "Greater Darwin", "STE_CODE21": "7", "STE_NAME21": "Northern Territory", "AUS_CODE21": "AUS", "AUS_NAME21": "Australia", "AREASQKM21": 1.7157, "LOCI_URI21": "http://linked.data.gov.au/dataset/asgsed3/SA2/701041037", "Group": "Total_low_ses", "Australian Catholic University": 0.0, "Avondale University": 0.0, "Bond University": 0.0, "CQUniversity": 0.0, "Charles Darwin University": 2.0, "Charles Sturt University": 0.0, "Curtin University": 0.0, "Deakin University": 0.0, "Edith Cowan University": 0.0, "Federation University Australia": 0.0, "Flinders University": 0.0, "Griffith University": 0.0, "James Cook University": 0.0, "Macquarie University": 0.0, "Monash University": 2.0, "Murdoch University": 0.0, "Queensland University of Technology": 0.0, "RMIT University": 0.0, "Southern Cross University": 0.0, "Swinburne University of Technology": 0.0, "The Australian National University": 0.0, "The University of Adelaide": 0.0, "The University of Melbourne": 0.0, "The University of New England": 0.0, "The University of Newcastle": 0.0, "The University of Notre Dame Australia": 0.0, "The University of Queensland": 0.0, "The University of Sydney": 0.0, "The University of Western Australia": 0.0, "Torrens University Australia": 0.0, "University of Canberra": 0.0, "University of Divinity": 0.0, "University of New South Wales": 0.0, "University of South Australia": 0.0, "University of Southern Queensland": 0.0, "University of Tasmania": 0.0, "University of Technology Sydney": 0.0, "University of Wollongong": 0.0, "University of the Sunshine Coast": 0.0, "Victoria University": 0.0, "Western Sydney University": 0.0, "id": 701041037, "name": "Driver" }, "geometry": { "type": "Polygon", "coordinates": [ [ [ 130.97022, -12.48257 ], [ 130.9703, -12.48449 ], [ 130.97015, -12.48694 ], [ 130.96975, -12.4894 ], [ 130.96867, -12.49434 ], [ 130.96968, -12.49464 ], [ 130.971, -12.4954 ], [ 130.97204, -12.49584 ], [ 130.97311, -12.49605 ], [ 130.97508, -12.49606 ], [ 130.97496, -12.49153 ], [ 130.97503, -12.49063 ], [ 130.97528, -12.48963 ], [ 130.97588, -12.48848 ], [ 130.9767, -12.48753 ], [ 130.97773, -12.48675 ], [ 130.98285, -12.48474 ], [ 130.98361, -12.48433 ], [ 130.98447, -12.48348 ], [ 130.98522, -12.48234 ], [ 130.98406, -12.48153 ], [ 130.98247, -12.47978 ], [ 130.98201, -12.47905 ], [ 130.98161, -12.47798 ], [ 130.97719, -12.47961 ], [ 130.97492, -12.48019 ], [ 130.97277, -12.48055 ], [ 130.96999, -12.48079 ], [ 130.97022, -12.48257 ] ] ] } },
{ "type": "Feature", "properties": { "SA2_CODE21": 701041038, "SA2_NAME21": "Durack - Marlow Lagoon", "CHG_FLAG21": "0", "CHG_LBL21": "No change", "SA3_CODE21": "70104", "SA3_NAME21": "Palmerston", "SA4_CODE21": "701", "SA4_NAME21": "Darwin", "GCC_CODE21": "7GDAR", "GCC_NAME21": "Greater Darwin", "STE_CODE21": "7", "STE_NAME21": "Northern Territory", "AUS_CODE21": "AUS", "AUS_NAME21": "Australia", "AREASQKM21": 11.7191, "LOCI_URI21": "http://linked.data.gov.au/dataset/asgsed3/SA2/701041038", "Group": "Total_low_ses", "Australian Catholic University": 0.0, "Avondale University": 0.0, "Bond University": 0.0, "CQUniversity": 0.0, "Charles Darwin University": 2.0, "Charles Sturt University": 0.0, "Curtin University": 0.0, "Deakin University": 0.0, "Edith Cowan University": 0.0, "Federation University Australia": 0.0, "Flinders University": 0.0, "Griffith University": 0.0, "James Cook University": 0.0, "Macquarie University": 0.0, "Monash University": 0.0, "Murdoch University": 0.0, "Queensland University of Technology": 0.0, "RMIT University": 0.0, "Southern Cross University": 0.0, "Swinburne University of Technology": 0.0, "The Australian National University": 0.0, "The University of Adelaide": 0.0, "The University of Melbourne": 0.0, "The University of New England": 0.0, "The University of Newcastle": 0.0, "The University of Notre Dame Australia": 0.0, "The University of Queensland": 0.0, "The University of Sydney": 0.0, "The University of Western Australia": 0.0, "Torrens University Australia": 0.0, "University of Canberra": 0.0, "University of Divinity": 0.0, "University of New South Wales": 0.0, "University of South Australia": 0.0, "University of Southern Queensland": 0.0, "University of Tasmania": 0.0, "University of Technology Sydney": 0.0, "University of Wollongong": 0.0, "University of the Sunshine Coast": 0.0, "Victoria University": 0.0, "Western Sydney University": 0.0, "id": 701041038, "name": "Durack - Marlow Lagoon" }, "geometry": { "type": "Polygon", "coordinates": [ [ [ 130.96234, -12.46808 ], [ 130.96274, -12.46915 ], [ 130.9635, -12.47266 ], [ 130.96369, -12.47473 ], [ 130.96358, -12.47618 ], [ 130.96277, -12.4809 ], [ 130.96219, -12.48284 ], [ 130.96161, -12.48404 ], [ 130.95708, -12.49232 ], [ 130.95629, -12.49401 ], [ 130.94676, -12.49405 ], [ 130.94717, -12.49501 ], [ 130.94693, -12.49595 ], [ 130.94729, -12.49648 ], [ 130.94741, -12.49953 ], [ 130.94707, -12.50032 ], [ 130.94718, -12.50066 ], [ 130.94455, -12.50371 ], [ 130.94409, -12.50394 ], [ 130.94363, -12.50462 ], [ 130.94363, -12.50496 ], [ 130.94328, -12.50518 ], [ 130.94306, -12.50631 ], [ 130.94317, -12.50801 ], [ 130.94295, -12.50925 ], [ 130.94295, -12.51015 ], [ 130.94341, -12.51065 ], [ 130.94427, -12.51265 ], [ 130.94901, -12.51337 ], [ 130.95006, -12.50654 ], [ 130.95175, -12.5048 ], [ 130.95548, -12.50478 ], [ 130.95562, -12.50537 ], [ 130.95712, -12.50543 ], [ 130.95931, -12.50481 ], [ 130.95979, -12.5046 ], [ 130.96019, -12.50432 ], [ 130.96054, -12.50395 ], [ 130.96114, -12.50309 ], [ 130.96167, -12.50271 ], [ 130.96199, -12.50262 ], [ 130.96838, -12.50255 ], [ 130.96812, -12.49997 ], [ 130.9682, -12.49715 ], [ 130.96847, -12.49522 ], [ 130.96998, -12.48817 ], [ 130.97026, -12.48571 ], [ 130.97027, -12.48324 ], [ 130.97018, -12.482 ], [ 130.96999, -12.48079 ], [ 130.97277, -12.48055 ], [ 130.97379, -12.4804 ], [ 130.97492, -12.48019 ], [ 130.97719, -12.47961 ], [ 130.98161, -12.47798 ], [ 130.98396, -12.47703 ], [ 130.98526, -12.47604 ], [ 130.97839, -12.46844 ], [ 130.97752, -12.46819 ], [ 130.97735, -12.46801 ], [ 130.97838, -12.468 ], [ 130.97756, -12.46752 ], [ 130.9766, -12.46641 ], [ 130.97579, -12.46373 ], [ 130.97313, -12.46093 ], [ 130.96445, -12.45387 ], [ 130.95534, -12.44667 ], [ 130.95462, -12.4463 ], [ 130.95318, -12.4452 ], [ 130.94626, -12.45612 ], [ 130.94595, -12.45689 ], [ 130.95334, -12.46065 ], [ 130.95335, -12.46142 ], [ 130.95577, -12.46297 ], [ 130.95939, -12.46487 ], [ 130.96051, -12.46567 ], [ 130.96144, -12.46662 ], [ 130.96184, -12.46719 ], [ 130.96234, -12.46808 ] ] ] } },
{ "type": "Feature", "properties": { "SA2_CODE21": 701041039, "SA2_NAME21": "Gray", "CHG_FLAG21": "0", "CHG_LBL21": "No change", "SA3_CODE21": "70104", "SA3_NAME21": "Palmerston", "SA4_CODE21": "701", "SA4_NAME21": "Darwin", "GCC_CODE21": "7GDAR", "GCC_NAME21": "Greater Darwin", "STE_CODE21": "7", "STE_NAME21": "Northern Territory", "AUS_CODE21": "AUS", "AUS_NAME21": "Australia", "AREASQKM21": 1.5029, "LOCI_URI21": "http://linked.data.gov.au/dataset/asgsed3/SA2/701041039", "Group": "Total_low_ses", "Australian Catholic University": 0.0, "Avondale University": 0.0, "Bond University": 0.0, "CQUniversity": 0.0, "Charles Darwin University": 2.0, "Charles Sturt University": 0.0, "Curtin University": 2.0, "Deakin University": 0.0, "Edith Cowan University": 0.0, "Federation University Australia": 0.0, "Flinders University": 0.0, "Griffith University": 0.0, "James Cook University": 0.0, "Macquarie University": 0.0, "Monash University": 2.0, "Murdoch University": 0.0, "Queensland University of Technology": 2.0, "RMIT University": 0.0, "Southern Cross University": 0.0, "Swinburne University of Technology": 0.0, "The Australian National University": 0.0, "The University of Adelaide": 2.0, "The University of Melbourne": 0.0, "The University of New England": 0.0, "The University of Newcastle": 0.0, "The University of Notre Dame Australia": 0.0, "The University of Queensland": 0.0, "The University of Sydney": 0.0, "The University of Western Australia": 0.0, "Torrens University Australia": 0.0, "University of Canberra": 0.0, "University of Divinity": 0.0, "University of New South Wales": 0.0, "University of South Australia": 0.0, "University of Southern Queensland": 0.0, "University of Tasmania": 0.0, "University of Technology Sydney": 0.0, "University of Wollongong": 2.0, "University of the Sunshine Coast": 0.0, "Victoria University": 0.0, "Western Sydney University": 0.0, "id": 701041039, "name": "Gray" }, "geometry": { "type": "Polygon", "coordinates": [ [ [ 130.97773, -12.48675 ], [ 130.9772, -12.48711 ], [ 130.97627, -12.48796 ], [ 130.97553, -12.48906 ], [ 130.97512, -12.49017 ], [ 130.97496, -12.49153 ], [ 130.97503, -12.49402 ], [ 130.97616, -12.49403 ], [ 130.97711, -12.49419 ], [ 130.98639, -12.49712 ], [ 130.98846, -12.48851 ], [ 130.98854, -12.48753 ], [ 130.98831, -12.48637 ], [ 130.987, -12.48393 ], [ 130.98655, -12.48417 ], [ 130.98538, -12.4841 ], [ 130.98505, -12.48453 ], [ 130.98416, -12.48383 ], [ 130.98361, -12.48433 ], [ 130.98328, -12.48452 ], [ 130.97773, -12.48675 ] ] ] } },
{ "type": "Feature", "properties": { "SA2_CODE21": 701041040, "SA2_NAME21": "Moulden", "CHG_FLAG21": "0", "CHG_LBL21": "No change", "SA3_CODE21": "70104", "SA3_NAME21": "Palmerston", "SA4_CODE21": "701", "SA4_NAME21": "Darwin", "GCC_CODE21": "7GDAR", "GCC_NAME21": "Greater Darwin", "STE_CODE21": "7", "STE_NAME21": "Northern Territory", "AUS_CODE21": "AUS", "AUS_NAME21": "Australia", "AREASQKM21": 1.7504, "LOCI_URI21": "http://linked.data.gov.au/dataset/asgsed3/SA2/701041040", "Group": "Total_low_ses", "Australian Catholic University": 0.0, "Avondale University": 0.0, "Bond University": 0.0, "CQUniversity": 0.0, "Charles Darwin University": 2.0, "Charles Sturt University": 0.0, "Curtin University": 0.0, "Deakin University": 0.0, "Edith Cowan University": 0.0, "Federation University Australia": 0.0, "Flinders University": 0.0, "Griffith University": 0.0, "James Cook University": 0.0, "Macquarie University": 0.0, "Monash University": 0.0, "Murdoch University": 0.0, "Queensland University of Technology": 0.0, "RMIT University": 0.0, "Southern Cross University": 0.0, "Swinburne University of Technology": 0.0, "The Australian National University": 2.0, "The University of Adelaide": 0.0, "The University of Melbourne": 2.0, "The University of New England": 0.0, "The University of Newcastle": 0.0, "The University of Notre Dame Australia": 0.0, "The University of Queensland": 2.0, "The University of Sydney": 0.0, "The University of Western Australia": 0.0, "Torrens University Australia": 0.0, "University of Canberra": 0.0, "University of Divinity": 0.0, "University of New South Wales": 0.0, "University of South Australia": 0.0, "University of Southern Queensland": 0.0, "University of Tasmania": 0.0, "University of Technology Sydney": 0.0, "University of Wollongong": 0.0, "University of the Sunshine Coast": 0.0, "Victoria University": 0.0, "Western Sydney University": 0.0, "id": 701041040, "name": "Moulden" }, "geometry": { "type": "Polygon", "coordinates": [ [ [ 130.96811, -12.49891 ], [ 130.96818, -12.50102 ], [ 130.96843, -12.50289 ], [ 130.96952, -12.50816 ], [ 130.97004, -12.50995 ], [ 130.97082, -12.51166 ], [ 130.97185, -12.51332 ], [ 130.97243, -12.51406 ], [ 130.97378, -12.51542 ], [ 130.97524, -12.5166 ], [ 130.9762, -12.51535 ], [ 130.97707, -12.51439 ], [ 130.9807, -12.51109 ], [ 130.97795, -12.50811 ], [ 130.97655, -12.50671 ], [ 130.97595, -12.50585 ], [ 130.97554, -12.50491 ], [ 130.97536, -12.50419 ], [ 130.97527, -12.50332 ], [ 130.97508, -12.49606 ], [ 130.97311, -12.49605 ], [ 130.97204, -12.49584 ], [ 130.971, -12.4954 ], [ 130.96968, -12.49464 ], [ 130.96867, -12.49434 ], [ 130.96831, -12.49621 ], [ 130.96811, -12.49891 ] ] ] } },
{ "type": "Feature", "properties": { "SA2_CODE21": 701041041, "SA2_NAME21": "Palmerston - North", "CHG_FLAG21": "0", "CHG_LBL21": "No change", "SA3_CODE21": "70104", "SA3_NAME21": "Palmerston", "SA4_CODE21": "701", "SA4_NAME21": "Darwin", "GCC_CODE21": "7GDAR", "GCC_NAME21": "Greater Darwin", "STE_CODE21": "7", "STE_NAME21": "Northern Territory", "AUS_CODE21": "AUS", "AUS_NAME21": "Australia", "AREASQKM21": 4.7651, "LOCI_URI21": "http://linked.data.gov.au/dataset/asgsed3/SA2/701041041", "Group": "Total_low_ses", "Australian Catholic University": 0.0, "Avondale University": 0.0, "Bond University": 0.0, "CQUniversity": 0.0, "Charles Darwin University": 0.0, "Charles Sturt University": 0.0, "Curtin University": 0.0, "Deakin University": 0.0, "Edith Cowan University": 0.0, "Federation University Australia": 0.0, "Flinders University": 0.0, "Griffith University": 0.0, "James Cook University": 0.0, "Macquarie University": 0.0, "Monash University": 0.0, "Murdoch University": 0.0, "Queensland University of Technology": 0.0, "RMIT University": 0.0, "Southern Cross University": 0.0, "Swinburne University of Technology": 0.0, "The Australian National University": 0.0, "The University of Adelaide": 0.0, "The University of Melbourne": 0.0, "The University of New England": 0.0, "The University of Newcastle": 0.0, "The University of Notre Dame Australia": 0.0, "The University of Queensland": 0.0, "The University of Sydney": 0.0, "The University of Western Australia": 0.0, "Torrens University Australia": 0.0, "University of Canberra": 0.0, "University of Divinity": 0.0, "University of New South Wales": 0.0, "University of South Australia": 0.0, "University of Southern Queensland": 0.0, "University of Tasmania": 0.0, "University of Technology Sydney": 0.0, "University of Wollongong": 0.0, "University of the Sunshine Coast": 0.0, "Victoria University": 0.0, "Western Sydney University": 0.0, "id": 701041041, "name": "Palmerston - North" }, "geometry": { "type": "Polygon", "coordinates": [ [ [ 130.97735, -12.46801 ], [ 130.97752, -12.46819 ], [ 130.97839, -12.46844 ], [ 130.98526, -12.47604 ], [ 130.98396, -12.47703 ], [ 130.98161, -12.47798 ], [ 130.98201, -12.47905 ], [ 130.98247, -12.47978 ], [ 130.98406, -12.48153 ], [ 130.98522, -12.48234 ], [ 130.98463, -12.48327 ], [ 130.98416, -12.48383 ], [ 130.98505, -12.48453 ], [ 130.98538, -12.4841 ], [ 130.98655, -12.48417 ], [ 130.987, -12.48393 ], [ 130.98831, -12.48637 ], [ 130.98853, -12.48733 ], [ 130.98853, -12.48808 ], [ 130.98713, -12.49406 ], [ 130.98798, -12.49414 ], [ 130.98947, -12.49359 ], [ 130.99168, -12.4933 ], [ 130.99244, -12.49311 ], [ 130.99536, -12.49161 ], [ 130.99659, -12.49116 ], [ 130.9974, -12.49106 ], [ 130.99821, -12.49109 ], [ 130.99996, -12.49147 ], [ 131.00019, -12.49145 ], [ 131.00041, -12.49111 ], [ 131.00058, -12.49034 ], [ 131.00066, -12.48977 ], [ 131.00066, -12.48889 ], [ 131.00173, -12.48711 ], [ 131.00107, -12.48664 ], [ 131.00035, -12.4863 ], [ 131.00128, -12.48577 ], [ 131.00247, -12.48565 ], [ 131.00259, -12.48577 ], [ 131.00275, -12.48667 ], [ 131.00384, -12.48635 ], [ 131.00392, -12.48616 ], [ 131.00367, -12.48488 ], [ 131.00407, -12.48438 ], [ 131.0042, -12.48449 ], [ 131.00534, -12.48431 ], [ 131.00562, -12.48404 ], [ 131.00589, -12.48297 ], [ 131.00677, -12.48189 ], [ 131.00507, -12.48045 ], [ 130.99812, -12.47306 ], [ 130.99813, -12.47343 ], [ 130.99032, -12.46803 ], [ 130.98748, -12.46805 ], [ 130.98751, -12.46796 ], [ 130.97735, -12.46801 ] ] ] } },
{ "type": "Feature", "properties": { "SA2_CODE21": 701041042, "SA2_NAME21": "Palmerston - South", "CHG_FLAG21": "0", "CHG_LBL21": "No change", "SA3_CODE21": "70104", "SA3_NAME21": "Palmerston", "SA4_CODE21": "701", "SA4_NAME21": "Darwin", "GCC_CODE21": "7GDAR", "GCC_NAME21": "Greater Darwin", "STE_CODE21": "7", "STE_NAME21": "Northern Territory", "AUS_CODE21": "AUS", "AUS_NAME21": "Australia", "AREASQKM21": 24.9843, "LOCI_URI21": "http://linked.data.gov.au/dataset/asgsed3/SA2/701041042", "Group": "Total_low_ses", "Australian Catholic University": 0.0, "Avondale University": 0.0, "Bond University": 0.0, "CQUniversity": 0.0, "Charles Darwin University": 2.0, "Charles Sturt University": 0.0, "Curtin University": 0.0, "Deakin University": 0.0, "Edith Cowan University": 0.0, "Federation University Australia": 0.0, "Flinders University": 0.0, "Griffith University": 0.0, "James Cook University": 0.0, "Macquarie University": 0.0, "Monash University": 0.0, "Murdoch University": 0.0, "Queensland University of Technology": 0.0, "RMIT University": 0.0, "Southern Cross University": 0.0, "Swinburne University of Technology": 0.0, "The Australian National University": 0.0, "The University of Adelaide": 0.0, "The University of Melbourne": 0.0, "The University of New England": 0.0, "The University of Newcastle": 0.0, "The University of Notre Dame Australia": 0.0, "The University of Queensland": 0.0, "The University of Sydney": 0.0, "The University of Western Australia": 0.0, "Torrens University Australia": 0.0, "University of Canberra": 0.0, "University of Divinity": 0.0, "University of New South Wales": 0.0, "University of South Australia": 0.0, "University of Southern Queensland": 0.0, "University of Tasmania": 0.0, "University of Technology Sydney": 0.0, "University of Wollongong": 0.0, "University of the Sunshine Coast": 0.0, "Victoria University": 0.0, "Western Sydney University": 0.0, "id": 701041042, "name": "Palmerston - South" }, "geometry": { "type": "MultiPolygon", "coordinates": [ [ [ [ 130.94241, -12.52688 ], [ 130.94195, -12.52688 ], [ 130.94161, -12.52744 ], [ 130.94161, -12.52857 ], [ 130.94242, -12.52925 ], [ 130.94288, -12.52913 ], [ 130.94345, -12.52845 ], [ 130.94345, -12.52789 ], [ 130.94287, -12.5271 ], [ 130.94241, -12.52688 ] ] ], [ [ [ 130.94483, -12.52676 ], [ 130.94506, -12.52653 ], [ 130.94528, -12.52608 ], [ 130.94517, -12.52574 ], [ 130.94482, -12.52574 ], [ 130.94436, -12.52631 ], [ 130.94483, -12.52676 ] ] ], [ [ [ 131.00275, -12.48667 ], [ 131.00259, -12.48577 ], [ 131.00247, -12.48565 ], [ 131.00128, -12.48577 ], [ 131.00035, -12.4863 ], [ 131.00107, -12.48664 ], [ 131.00173, -12.48711 ], [ 131.00066, -12.48889 ], [ 131.00066, -12.48977 ], [ 131.00041, -12.49111 ], [ 131.00019, -12.49145 ], [ 130.99994, -12.49147 ], [ 130.99918, -12.49483 ], [ 130.99904, -12.49607 ], [ 130.99899, -12.5009 ], [ 130.9989, -12.50179 ], [ 130.99875, -12.50196 ], [ 130.99886, -12.50215 ], [ 130.99921, -12.50223 ], [ 130.99896, -12.50345 ], [ 130.99845, -12.50504 ], [ 130.99631, -12.51021 ], [ 130.99545, -12.51173 ], [ 130.99496, -12.51243 ], [ 130.99441, -12.51311 ], [ 130.99318, -12.51439 ], [ 130.99252, -12.51495 ], [ 130.99016, -12.51636 ], [ 130.98827, -12.51784 ], [ 130.9867, -12.51889 ], [ 130.98504, -12.51982 ], [ 130.98255, -12.52104 ], [ 130.98145, -12.52168 ], [ 130.98132, -12.52173 ], [ 130.98107, -12.5216 ], [ 130.9808, -12.52167 ], [ 130.97968, -12.52029 ], [ 130.97856, -12.51918 ], [ 130.97378, -12.51542 ], [ 130.97243, -12.51406 ], [ 130.97135, -12.51258 ], [ 130.97043, -12.5109 ], [ 130.96976, -12.50908 ], [ 130.96838, -12.50255 ], [ 130.96199, -12.50262 ], [ 130.96167, -12.50271 ], [ 130.96114, -12.50309 ], [ 130.96054, -12.50395 ], [ 130.96019, -12.50432 ], [ 130.95979, -12.5046 ], [ 130.95931, -12.50481 ], [ 130.95754, -12.50536 ], [ 130.95712, -12.50543 ], [ 130.95562, -12.50537 ], [ 130.95548, -12.50478 ], [ 130.95175, -12.5048 ], [ 130.95006, -12.50654 ], [ 130.94901, -12.51337 ], [ 130.94427, -12.51265 ], [ 130.94341, -12.51065 ], [ 130.94303, -12.51544 ], [ 130.94262, -12.51829 ], [ 130.94228, -12.51942 ], [ 130.94194, -12.52021 ], [ 130.94194, -12.52179 ], [ 130.9424, -12.5236 ], [ 130.94275, -12.5245 ], [ 130.9431, -12.52484 ], [ 130.94367, -12.52484 ], [ 130.94512, -12.52401 ], [ 130.9462, -12.52585 ], [ 130.94621, -12.52642 ], [ 130.9454, -12.52766 ], [ 130.94586, -12.52822 ], [ 130.94748, -12.52879 ], [ 130.95061, -12.52943 ], [ 130.95516, -12.52939 ], [ 130.95588, -12.53404 ], [ 130.96026, -12.53325 ], [ 130.96346, -12.53372 ], [ 130.96696, -12.53464 ], [ 130.97012, -12.53657 ], [ 130.97401, -12.53934 ], [ 130.97804, -12.54199 ], [ 130.98387, -12.54489 ], [ 130.98552, -12.5459 ], [ 130.98722, -12.54718 ], [ 130.98821, -12.5452 ], [ 130.98995, -12.54288 ], [ 130.99071, -12.5401 ], [ 130.99157, -12.53867 ], [ 130.99243, -12.53811 ], [ 130.99463, -12.53771 ], [ 130.9965, -12.53809 ], [ 130.99856, -12.53761 ], [ 130.99944, -12.53646 ], [ 130.9999, -12.53527 ], [ 131.00014, -12.53494 ], [ 131.00166, -12.53432 ], [ 131.00304, -12.53409 ], [ 131.00396, -12.53363 ], [ 131.00579, -12.5325 ], [ 131.00677, -12.53231 ], [ 131.00683, -12.53329 ], [ 131.00706, -12.53363 ], [ 131.00741, -12.53374 ], [ 131.00913, -12.53193 ], [ 131.00947, -12.5317 ], [ 131.01062, -12.5317 ], [ 131.01189, -12.53147 ], [ 131.01257, -12.53067 ], [ 131.01223, -12.52966 ], [ 131.01222, -12.52864 ], [ 131.01314, -12.52763 ], [ 131.01434, -12.52722 ], [ 131.01435, -12.52565 ], [ 131.01336, -12.52561 ], [ 131.01318, -12.49613 ], [ 131.01328, -12.49629 ], [ 131.01325, -12.48972 ], [ 131.01107, -12.48972 ], [ 131.01061, -12.48809 ], [ 131.00994, -12.4866 ], [ 131.00969, -12.48626 ], [ 131.01042, -12.48567 ], [ 131.01093, -12.48512 ], [ 131.00677, -12.48189 ], [ 131.00589, -12.48297 ], [ 131.00562, -12.48404 ], [ 131.00534, -12.48431 ], [ 131.0042, -12.48449 ], [ 131.00407, -12.48438 ], [ 131.00367, -12.48488 ], [ 131.00392, -12.48616 ], [ 131.00388, -12.4863 ], [ 131.00275, -12.48667 ] ] ] ] } },
{ "type": "Feature", "properties": { "SA2_CODE21": 701041043, "SA2_NAME21": "Rosebery - Bellamack", "CHG_FLAG21": "0", "CHG_LBL21": "No change", "SA3_CODE21": "70104", "SA3_NAME21": "Palmerston", "SA4_CODE21": "701", "SA4_NAME21": "Darwin", "GCC_CODE21": "7GDAR", "GCC_NAME21": "Greater Darwin", "STE_CODE21": "7", "STE_NAME21": "Northern Territory", "AUS_CODE21": "AUS", "AUS_NAME21": "Australia", "AREASQKM21": 3.1751, "LOCI_URI21": "http://linked.data.gov.au/dataset/asgsed3/SA2/701041043", "Group": "Total_low_ses", "Australian Catholic University": 0.0, "Avondale University": 0.0, "Bond University": 0.0, "CQUniversity": 0.0, "Charles Darwin University": 0.0, "Charles Sturt University": 0.0, "Curtin University": 0.0, "Deakin University": 0.0, "Edith Cowan University": 0.0, "Federation University Australia": 0.0, "Flinders University": 0.0, "Griffith University": 0.0, "James Cook University": 0.0, "Macquarie University": 0.0, "Monash University": 0.0, "Murdoch University": 0.0, "Queensland University of Technology": 0.0, "RMIT University": 0.0, "Southern Cross University": 0.0, "Swinburne University of Technology": 0.0, "The Australian National University": 0.0, "The University of Adelaide": 0.0, "The University of Melbourne": 0.0, "The University of New England": 0.0, "The University of Newcastle": 0.0, "The University of Notre Dame Australia": 0.0, "The University of Queensland": 0.0, "The University of Sydney": 0.0, "The University of Western Australia": 0.0, "Torrens University Australia": 0.0, "University of Canberra": 0.0, "University of Divinity": 0.0, "University of New South Wales": 0.0, "University of South Australia": 0.0, "University of Southern Queensland": 0.0, "University of Tasmania": 0.0, "University of Technology Sydney": 0.0, "University of Wollongong": 0.0, "University of the Sunshine Coast": 0.0, "Victoria University": 0.0, "Western Sydney University": 0.0, "id": 701041043, "name": "Rosebery - Bellamack" }, "geometry": { "type": "Polygon", "coordinates": [ [ [ 130.98431, -12.5059 ], [ 130.9838, -12.50771 ], [ 130.98354, -12.50822 ], [ 130.983, -12.50901 ], [ 130.98255, -12.5095 ], [ 130.97707, -12.51439 ], [ 130.9762, -12.51535 ], [ 130.97524, -12.5166 ], [ 130.97856, -12.51918 ], [ 130.97968, -12.52029 ], [ 130.9808, -12.52167 ], [ 130.98107, -12.5216 ], [ 130.98132, -12.52173 ], [ 130.98145, -12.52168 ], [ 130.98255, -12.52104 ], [ 130.98504, -12.51982 ], [ 130.9867, -12.51889 ], [ 130.98827, -12.51784 ], [ 130.99016, -12.51636 ], [ 130.99252, -12.51495 ], [ 130.99382, -12.51376 ], [ 130.99441, -12.51311 ], [ 130.99545, -12.51173 ], [ 130.99631, -12.51021 ], [ 130.99845, -12.50504 ], [ 130.99896, -12.50345 ], [ 130.99921, -12.50223 ], [ 130.99487, -12.50124 ], [ 130.99364, -12.50114 ], [ 130.99011, -12.50108 ], [ 130.98568, -12.50017 ], [ 130.98431, -12.5059 ] ] ] } },
{ "type": "Feature", "properties": { "SA2_CODE21": 701041044, "SA2_NAME21": "Woodroffe", "CHG_FLAG21": "0", "CHG_LBL21": "No change", "SA3_CODE21": "70104", "SA3_NAME21": "Palmerston", "SA4_CODE21": "701", "SA4_NAME21": "Darwin", "GCC_CODE21": "7GDAR", "GCC_NAME21": "Greater Darwin", "STE_CODE21": "7", "STE_NAME21": "Northern Territory", "AUS_CODE21": "AUS", "AUS_NAME21": "Australia", "AREASQKM21": 1.5977, "LOCI_URI21": "http://linked.data.gov.au/dataset/asgsed3/SA2/701041044", "Group": "Total_low_ses", "Australian Catholic University": 2.0, "Avondale University": 0.0, "Bond University": 0.0, "CQUniversity": 0.0, "Charles Darwin University": 7.0, "Charles Sturt University": 0.0, "Curtin University": 2.0, "Deakin University": 0.0, "Edith Cowan University": 0.0, "Federation University Australia": 0.0, "Flinders University": 2.0, "Griffith University": 0.0, "James Cook University": 0.0, "Macquarie University": 0.0, "Monash University": 0.0, "Murdoch University": 0.0, "Queensland University of Technology": 0.0, "RMIT University": 0.0, "Southern Cross University": 0.0, "Swinburne University of Technology": 0.0, "The Australian National University": 0.0, "The University of Adelaide": 0.0, "The University of Melbourne": 2.0, "The University of New England": 0.0, "The University of Newcastle": 0.0, "The University of Notre Dame Australia": 0.0, "The University of Queensland": 0.0, "The University of Sydney": 0.0, "The University of Western Australia": 0.0, "Torrens University Australia": 0.0, "University of Canberra": 0.0, "University of Divinity": 0.0, "University of New South Wales": 0.0, "University of South Australia": 0.0, "University of Southern Queensland": 0.0, "University of Tasmania": 0.0, "University of Technology Sydney": 2.0, "University of Wollongong": 0.0, "University of the Sunshine Coast": 0.0, "Victoria University": 0.0, "Western Sydney University": 0.0, "id": 701041044, "name": "Woodroffe" }, "geometry": { "type": "Polygon", "coordinates": [ [ [ 130.97531, -12.50389 ], [ 130.97554, -12.50491 ], [ 130.97595, -12.50585 ], [ 130.97685, -12.50704 ], [ 130.97795, -12.50811 ], [ 130.9807, -12.51109 ], [ 130.98277, -12.50928 ], [ 130.98322, -12.50874 ], [ 130.9838, -12.50771 ], [ 130.98409, -12.50683 ], [ 130.98639, -12.49712 ], [ 130.97711, -12.49419 ], [ 130.97616, -12.49403 ], [ 130.97503, -12.49402 ], [ 130.97531, -12.50389 ] ] ] } },
{ "type": "Feature", "properties": { "SA2_CODE21": 702011045, "SA2_NAME21": "Charles", "CHG_FLAG21": "0", "CHG_LBL21": "No change", "SA3_CODE21": "70201", "SA3_NAME21": "Alice Springs", "SA4_CODE21": "702", "SA4_NAME21": "Northern Territory - Outback", "GCC_CODE21": "7RNTE", "GCC_NAME21": "Rest of NT", "STE_CODE21": "7", "STE_NAME21": "Northern Territory", "AUS_CODE21": "AUS", "AUS_NAME21": "Australia", "AREASQKM21": 16.693, "LOCI_URI21": "http://linked.data.gov.au/dataset/asgsed3/SA2/702011045", "Group": "Total_low_ses", "Australian Catholic University": 0.0, "Avondale University": 0.0, "Bond University": 0.0, "CQUniversity": 0.0, "Charles Darwin University": 0.0, "Charles Sturt University": 0.0, "Curtin University": 0.0, "Deakin University": 0.0, "Edith Cowan University": 0.0, "Federation University Australia": 0.0, "Flinders University": 2.0, "Griffith University": 0.0, "James Cook University": 0.0, "Macquarie University": 0.0, "Monash University": 0.0, "Murdoch University": 0.0, "Queensland University of Technology": 0.0, "RMIT University": 0.0, "Southern Cross University": 0.0, "Swinburne University of Technology": 0.0, "The Australian National University": 0.0, "The University of Adelaide": 0.0, "The University of Melbourne": 0.0, "The University of New England": 0.0, "The University of Newcastle": 0.0, "The University of Notre Dame Australia": 0.0, "The University of Queensland": 0.0, "The University of Sydney": 0.0, "The University of Western Australia": 0.0, "Torrens University Australia": 0.0, "University of Canberra": 0.0, "University of Divinity": 0.0, "University of New South Wales": 0.0, "University of South Australia": 0.0, "University of Southern Queensland": 0.0, "University of Tasmania": 0.0, "University of Technology Sydney": 0.0, "University of Wollongong": 0.0, "University of the Sunshine Coast": 0.0, "Victoria University": 0.0, "Western Sydney University": 0.0, "id": 702011045, "name": "Charles" }, "geometry": { "type": "Polygon", "coordinates": [ [ [ 133.8552, -23.68486 ], [ 133.85936, -23.68792 ], [ 133.85846, -23.68891 ], [ 133.86044, -23.69034 ], [ 133.85956, -23.69213 ], [ 133.86086, -23.69269 ], [ 133.86087, -23.69318 ], [ 133.86177, -23.69319 ], [ 133.86139, -23.69482 ], [ 133.86219, -23.69502 ], [ 133.86286, -23.69595 ], [ 133.86282, -23.69603 ], [ 133.86293, -23.69637 ], [ 133.86276, -23.69736 ], [ 133.86336, -23.69761 ], [ 133.86407, -23.69818 ], [ 133.86552, -23.6989 ], [ 133.86568, -23.69893 ], [ 133.86576, -23.69865 ], [ 133.8662, -23.69863 ], [ 133.86682, -23.69895 ], [ 133.86686, -23.6991 ], [ 133.86674, -23.69924 ], [ 133.86669, -23.69973 ], [ 133.86827, -23.7 ], [ 133.8689, -23.70027 ], [ 133.86863, -23.70086 ], [ 133.87042, -23.7016 ], [ 133.87522, -23.7017 ], [ 133.87543, -23.70147 ], [ 133.87629, -23.70108 ], [ 133.87583, -23.702 ], [ 133.87621, -23.70227 ], [ 133.87605, -23.70282 ], [ 133.87756, -23.70343 ], [ 133.87819, -23.70345 ], [ 133.88043, -23.70438 ], [ 133.87965, -23.70548 ], [ 133.88058, -23.70603 ], [ 133.88045, -23.70633 ], [ 133.88176, -23.70773 ], [ 133.88206, -23.70755 ], [ 133.88394, -23.70414 ], [ 133.88492, -23.70378 ], [ 133.88504, -23.70351 ], [ 133.88506, -23.70314 ], [ 133.88621, -23.70079 ], [ 133.88647, -23.69739 ], [ 133.8862, -23.69735 ], [ 133.8862, -23.69318 ], [ 133.88601, -23.69233 ], [ 133.88609, -23.69231 ], [ 133.88572, -23.69091 ], [ 133.88555, -23.69087 ], [ 133.88546, -23.68867 ], [ 133.88714, -23.6844 ], [ 133.89702, -23.68439 ], [ 133.89703, -23.66478 ], [ 133.89438, -23.66477 ], [ 133.89437, -23.66023 ], [ 133.85531, -23.66028 ], [ 133.85531, -23.6648 ], [ 133.85233, -23.67761 ], [ 133.85254, -23.67873 ], [ 133.85326, -23.68008 ], [ 133.85378, -23.68167 ], [ 133.8544, -23.68253 ], [ 133.85479, -23.68296 ], [ 133.85486, -23.68398 ], [ 133.8552, -23.68486 ] ] ] } },
{ "type": "Feature", "properties": { "SA2_CODE21": 702011046, "SA2_NAME21": "East Side", "CHG_FLAG21": "0", "CHG_LBL21": "No change", "SA3_CODE21": "70201", "SA3_NAME21": "Alice Springs", "SA4_CODE21": "702", "SA4_NAME21": "Northern Territory - Outback", "GCC_CODE21": "7RNTE", "GCC_NAME21": "Rest of NT", "STE_CODE21": "7", "STE_NAME21": "Northern Territory", "AUS_CODE21": "AUS", "AUS_NAME21": "Australia", "AREASQKM21": 25.7669, "LOCI_URI21": "http://linked.data.gov.au/dataset/asgsed3/SA2/702011046", "Group": "Total_low_ses", "Australian Catholic University": 0.0, "Avondale University": 0.0, "Bond University": 0.0, "CQUniversity": 0.0, "Charles Darwin University": 2.0, "Charles Sturt University": 0.0, "Curtin University": 0.0, "Deakin University": 0.0, "Edith Cowan University": 0.0, "Federation University Australia": 0.0, "Flinders University": 2.0, "Griffith University": 0.0, "James Cook University": 2.0, "Macquarie University": 0.0, "Monash University": 2.0, "Murdoch University": 0.0, "Queensland University of Technology": 0.0, "RMIT University": 0.0, "Southern Cross University": 0.0, "Swinburne University of Technology": 0.0, "The Australian National University": 0.0, "The University of Adelaide": 2.0, "The University of Melbourne": 0.0, "The University of New England": 0.0, "The University of Newcastle": 0.0, "The University of Notre Dame Australia": 0.0, "The University of Queensland": 0.0, "The University of Sydney": 0.0, "The University of Western Australia": 0.0, "Torrens University Australia": 0.0, "University of Canberra": 0.0, "University of Divinity": 0.0, "University of New South Wales": 0.0, "University of South Australia": 0.0, "University of Southern Queensland": 0.0, "University of Tasmania": 0.0, "University of Technology Sydney": 0.0, "University of Wollongong": 0.0, "University of the Sunshine Coast": 0.0, "Victoria University": 0.0, "Western Sydney University": 0.0, "id": 702011046, "name": "East Side" }, "geometry": { "type": "Polygon", "coordinates": [ [ [ 133.88572, -23.69091 ], [ 133.88609, -23.69231 ], [ 133.88601, -23.69233 ], [ 133.8862, -23.69318 ], [ 133.8862, -23.69735 ], [ 133.88647, -23.69739 ], [ 133.88621, -23.70079 ], [ 133.88506, -23.70314 ], [ 133.88504, -23.70351 ], [ 133.88492, -23.70378 ], [ 133.88689, -23.70447 ], [ 133.88642, -23.70697 ], [ 133.88581, -23.70796 ], [ 133.88565, -23.70872 ], [ 133.88695, -23.70898 ], [ 133.88869, -23.70912 ], [ 133.88883, -23.70934 ], [ 133.88854, -23.70935 ], [ 133.88953, -23.71176 ], [ 133.88968, -23.71308 ], [ 133.89086, -23.71313 ], [ 133.89322, -23.71434 ], [ 133.89736, -23.71526 ], [ 133.90032, -23.71399 ], [ 133.90061, -23.71406 ], [ 133.90112, -23.71366 ], [ 133.90249, -23.71371 ], [ 133.90297, -23.71173 ], [ 133.90261, -23.71167 ], [ 133.90262, -23.71136 ], [ 133.90305, -23.71128 ], [ 133.9028, -23.71093 ], [ 133.90226, -23.71085 ], [ 133.90197, -23.71039 ], [ 133.91621, -23.70982 ], [ 133.92617, -23.70823 ], [ 133.92837, -23.70888 ], [ 133.94043, -23.71071 ], [ 133.94042, -23.66481 ], [ 133.89703, -23.66478 ], [ 133.89702, -23.68439 ], [ 133.88714, -23.6844 ], [ 133.88546, -23.68867 ], [ 133.88555, -23.69087 ], [ 133.88572, -23.69091 ] ] ] } },
{ "type": "Feature", "properties": { "SA2_CODE21": 702011047, "SA2_NAME21": "Flynn (NT)", "CHG_FLAG21": "0", "CHG_LBL21": "No change", "SA3_CODE21": "70201", "SA3_NAME21": "Alice Springs", "SA4_CODE21": "702", "SA4_NAME21": "Northern Territory - Outback", "GCC_CODE21": "7RNTE", "GCC_NAME21": "Rest of NT", "STE_CODE21": "7", "STE_NAME21": "Northern Territory", "AUS_CODE21": "AUS", "AUS_NAME21": "Australia", "AREASQKM21": 17.0626, "LOCI_URI21": "http://linked.data.gov.au/dataset/asgsed3/SA2/702011047", "Group": "Total_low_ses", "Australian Catholic University": 0.0, "Avondale University": 0.0, "Bond University": 0.0, "CQUniversity": 0.0, "Charles Darwin University": 0.0, "Charles Sturt University": 0.0, "Curtin University": 0.0, "Deakin University": 0.0, "Edith Cowan University": 0.0, "Federation University Australia": 0.0, "Flinders University": 0.0, "Griffith University": 0.0, "James Cook University": 0.0, "Macquarie University": 0.0, "Monash University": 0.0, "Murdoch University": 0.0, "Queensland University of Technology": 0.0, "RMIT University": 0.0, "Southern Cross University": 0.0, "Swinburne University of Technology": 0.0, "The Australian National University": 0.0, "The University of Adelaide": 0.0, "The University of Melbourne": 0.0, "The University of New England": 0.0, "The University of Newcastle": 0.0, "The University of Notre Dame Australia": 0.0, "The University of Queensland": 0.0, "The University of Sydney": 0.0, "The University of Western Australia": 0.0, "Torrens University Australia": 0.0, "University of Canberra": 0.0, "University of Divinity": 0.0, "University of New South Wales": 0.0, "University of South Australia": 0.0, "University of Southern Queensland": 0.0, "University of Tasmania": 0.0, "University of Technology Sydney": 0.0, "University of Wollongong": 0.0, "University of the Sunshine Coast": 0.0, "Victoria University": 0.0, "Western Sydney University": 0.0, "id": 702011047, "name": "Flynn (NT)" }, "geometry": { "type": "Polygon", "coordinates": [ [ [ 133.85606, -23.7093 ], [ 133.85405, -23.71004 ], [ 133.85354, -23.70884 ], [ 133.85326, -23.70695 ], [ 133.85324, -23.70614 ], [ 133.85291, -23.70612 ], [ 133.85197, -23.70547 ], [ 133.84982, -23.70451 ], [ 133.84804, -23.70313 ], [ 133.84646, -23.70265 ], [ 133.84532, -23.70071 ], [ 133.84279, -23.69892 ], [ 133.84327, -23.69799 ], [ 133.84282, -23.69782 ], [ 133.84143, -23.69753 ], [ 133.84036, -23.69754 ], [ 133.83962, -23.69766 ], [ 133.83652, -23.69848 ], [ 133.83437, -23.69878 ], [ 133.82365, -23.69842 ], [ 133.82275, -23.69835 ], [ 133.81509, -23.69677 ], [ 133.81154, -23.69564 ], [ 133.81171, -23.70937 ], [ 133.81167, -23.72489 ], [ 133.84912, -23.72637 ], [ 133.84907, -23.72753 ], [ 133.85245, -23.72774 ], [ 133.85531, -23.72852 ], [ 133.8568, -23.72744 ], [ 133.86002, -23.72772 ], [ 133.86103, -23.72826 ], [ 133.86152, -23.72729 ], [ 133.86282, -23.72785 ], [ 133.86307, -23.72745 ], [ 133.86438, -23.72808 ], [ 133.86535, -23.7265 ], [ 133.86557, -23.72601 ], [ 133.86573, -23.7255 ], [ 133.86575, -23.7249 ], [ 133.86605, -23.72291 ], [ 133.86686, -23.72064 ], [ 133.869, -23.71634 ], [ 133.86951, -23.71665 ], [ 133.87546, -23.70463 ], [ 133.87621, -23.70227 ], [ 133.87583, -23.702 ], [ 133.87629, -23.70108 ], [ 133.87543, -23.70147 ], [ 133.87522, -23.7017 ], [ 133.87042, -23.7016 ], [ 133.86801, -23.7006 ], [ 133.86499, -23.7003 ], [ 133.86484, -23.70168 ], [ 133.86483, -23.70523 ], [ 133.85846, -23.70519 ], [ 133.85713, -23.70388 ], [ 133.8563, -23.70442 ], [ 133.85556, -23.70473 ], [ 133.85562, -23.70491 ], [ 133.85559, -23.70689 ], [ 133.85567, -23.70836 ], [ 133.85606, -23.7093 ] ] ] } },
{ "type": "Feature", "properties": { "SA2_CODE21": 702011048, "SA2_NAME21": "Larapinta", "CHG_FLAG21": "0", "CHG_LBL21": "No change", "SA3_CODE21": "70201", "SA3_NAME21": "Alice Springs", "SA4_CODE21": "702", "SA4_NAME21": "Northern Territory - Outback", "GCC_CODE21": "7RNTE", "GCC_NAME21": "Rest of NT", "STE_CODE21": "7", "STE_NAME21": "Northern Territory", "AUS_CODE21": "AUS", "AUS_NAME21": "Australia", "AREASQKM21": 58.5557, "LOCI_URI21": "http://linked.data.gov.au/dataset/asgsed3/SA2/702011048", "Group": "Total_low_ses", "Australian Catholic University": 0.0, "Avondale University": 0.0, "Bond University": 0.0, "CQUniversity": 0.0, "Charles Darwin University": 0.0, "Charles Sturt University": 0.0, "Curtin University": 0.0, "Deakin University": 0.0, "Edith Cowan University": 0.0, "Federation University Australia": 0.0, "Flinders University": 0.0, "Griffith University": 0.0, "James Cook University": 0.0, "Macquarie University": 0.0, "Monash University": 0.0, "Murdoch University": 0.0, "Queensland University of Technology": 0.0, "RMIT University": 0.0, "Southern Cross University": 0.0, "Swinburne University of Technology": 0.0, "The Australian National University": 0.0, "The University of Adelaide": 0.0, "The University of Melbourne": 0.0, "The University of New England": 0.0, "The University of Newcastle": 0.0, "The University of Notre Dame Australia": 0.0, "The University of Queensland": 0.0, "The University of Sydney": 0.0, "The University of Western Australia": 0.0, "Torrens University Australia": 0.0, "University of Canberra": 0.0, "University of Divinity": 0.0, "University of New South Wales": 0.0, "University of South Australia": 2.0, "University of Southern Queensland": 0.0, "University of Tasmania": 0.0, "University of Technology Sydney": 0.0, "University of Wollongong": 0.0, "University of the Sunshine Coast": 0.0, "Victoria University": 0.0, "Western Sydney University": 0.0, "id": 702011048, "name": "Larapinta" }, "geometry": { "type": "Polygon", "coordinates": [ [ [ 133.8412, -23.69751 ], [ 133.84234, -23.69768 ], [ 133.84327, -23.69799 ], [ 133.84279, -23.69892 ], [ 133.84532, -23.70071 ], [ 133.84646, -23.70265 ], [ 133.84804, -23.70313 ], [ 133.84982, -23.70451 ], [ 133.85197, -23.70547 ], [ 133.85291, -23.70612 ], [ 133.85324, -23.70614 ], [ 133.85326, -23.70695 ], [ 133.85354, -23.70884 ], [ 133.85405, -23.71004 ], [ 133.85606, -23.7093 ], [ 133.85567, -23.70836 ], [ 133.85559, -23.70689 ], [ 133.85562, -23.70491 ], [ 133.85556, -23.70473 ], [ 133.8563, -23.70442 ], [ 133.85713, -23.70388 ], [ 133.85846, -23.70519 ], [ 133.86483, -23.70523 ], [ 133.86484, -23.70168 ], [ 133.86499, -23.7003 ], [ 133.86801, -23.7006 ], [ 133.86863, -23.70086 ], [ 133.8689, -23.70027 ], [ 133.86827, -23.7 ], [ 133.86669, -23.69973 ], [ 133.86674, -23.69924 ], [ 133.86686, -23.6991 ], [ 133.86682, -23.69895 ], [ 133.8662, -23.69863 ], [ 133.86576, -23.69865 ], [ 133.86568, -23.69893 ], [ 133.86552, -23.6989 ], [ 133.86407, -23.69818 ], [ 133.86336, -23.69761 ], [ 133.86276, -23.69736 ], [ 133.86293, -23.69637 ], [ 133.86282, -23.69603 ], [ 133.86286, -23.69595 ], [ 133.86219, -23.69502 ], [ 133.86139, -23.69482 ], [ 133.86177, -23.69319 ], [ 133.86087, -23.69318 ], [ 133.86086, -23.69269 ], [ 133.85956, -23.69213 ], [ 133.86044, -23.69034 ], [ 133.85846, -23.68891 ], [ 133.85936, -23.68792 ], [ 133.8552, -23.68486 ], [ 133.85486, -23.68398 ], [ 133.85479, -23.68296 ], [ 133.8544, -23.68253 ], [ 133.85378, -23.68167 ], [ 133.85326, -23.68008 ], [ 133.85254, -23.67873 ], [ 133.85233, -23.67761 ], [ 133.85531, -23.6648 ], [ 133.85531, -23.66028 ], [ 133.89437, -23.66023 ], [ 133.89438, -23.66477 ], [ 133.91952, -23.66479 ], [ 133.91951, -23.63049 ], [ 133.8108, -23.63049 ], [ 133.81154, -23.69564 ], [ 133.81509, -23.69677 ], [ 133.82275, -23.69835 ], [ 133.82365, -23.69842 ], [ 133.83437, -23.69878 ], [ 133.83652, -23.69848 ], [ 133.83999, -23.69759 ], [ 133.8412, -23.69751 ] ] ] } },
{ "type": "Feature", "properties": { "SA2_CODE21": 702011049, "SA2_NAME21": "Mount Johns", "CHG_FLAG21": "0", "CHG_LBL21": "No change", "SA3_CODE21": "70201", "SA3_NAME21": "Alice Springs", "SA4_CODE21": "702", "SA4_NAME21": "Northern Territory - Outback", "GCC_CODE21": "7RNTE", "GCC_NAME21": "Rest of NT", "STE_CODE21": "7", "STE_NAME21": "Northern Territory", "AUS_CODE21": "AUS", "AUS_NAME21": "Australia", "AREASQKM21": 18.9529, "LOCI_URI21": "http://linked.data.gov.au/dataset/asgsed3/SA2/702011049", "Group": "Total_low_ses", "Australian Catholic University": 0.0, "Avondale University": 0.0, "Bond University": 0.0, "CQUniversity": 0.0, "Charles Darwin University": 0.0, "Charles Sturt University": 0.0, "Curtin University": 0.0, "Deakin University": 0.0, "Edith Cowan University": 0.0, "Federation University Australia": 0.0, "Flinders University": 0.0, "Griffith University": 0.0, "James Cook University": 0.0, "Macquarie University": 0.0, "Monash University": 0.0, "Murdoch University": 0.0, "Queensland University of Technology": 0.0, "RMIT University": 0.0, "Southern Cross University": 0.0, "Swinburne University of Technology": 0.0, "The Australian National University": 0.0, "The University of Adelaide": 0.0, "The University of Melbourne": 0.0, "The University of New England": 0.0, "The University of Newcastle": 0.0, "The University of Notre Dame Australia": 0.0, "The University of Queensland": 0.0, "The University of Sydney": 0.0, "The University of Western Australia": 0.0, "Torrens University Australia": 0.0, "University of Canberra": 0.0, "University of Divinity": 0.0, "University of New South Wales": 0.0, "University of South Australia": 0.0, "University of Southern Queensland": 0.0, "University of Tasmania": 0.0, "University of Technology Sydney": 0.0, "University of Wollongong": 0.0, "University of the Sunshine Coast": 0.0, "Victoria University": 0.0, "Western Sydney University": 0.0, "id": 702011049, "name": "Mount Johns" }, "geometry": { "type": "Polygon", "coordinates": [ [ [ 133.86951, -23.71665 ], [ 133.869, -23.71634 ], [ 133.86686, -23.72064 ], [ 133.86605, -23.72291 ], [ 133.86572, -23.72519 ], [ 133.88027, -23.73011 ], [ 133.89338, -23.73196 ], [ 133.89704, -23.73214 ], [ 133.94046, -23.73787 ], [ 133.94043, -23.71071 ], [ 133.92837, -23.70888 ], [ 133.92617, -23.70823 ], [ 133.91621, -23.70982 ], [ 133.90197, -23.71039 ], [ 133.90226, -23.71085 ], [ 133.9028, -23.71093 ], [ 133.90305, -23.71128 ], [ 133.90262, -23.71136 ], [ 133.90261, -23.71167 ], [ 133.90297, -23.71173 ], [ 133.90249, -23.71371 ], [ 133.90112, -23.71366 ], [ 133.90061, -23.71406 ], [ 133.90032, -23.71399 ], [ 133.89736, -23.71526 ], [ 133.89322, -23.71434 ], [ 133.89086, -23.71313 ], [ 133.88968, -23.71308 ], [ 133.88953, -23.71176 ], [ 133.88854, -23.70935 ], [ 133.88883, -23.70934 ], [ 133.88869, -23.70912 ], [ 133.88695, -23.70898 ], [ 133.88565, -23.70872 ], [ 133.88581, -23.70796 ], [ 133.88642, -23.70697 ], [ 133.88689, -23.70447 ], [ 133.88492, -23.70378 ], [ 133.88394, -23.70414 ], [ 133.88206, -23.70755 ], [ 133.88176, -23.70773 ], [ 133.88045, -23.70633 ], [ 133.88058, -23.70603 ], [ 133.87965, -23.70548 ], [ 133.88043, -23.70438 ], [ 133.87819, -23.70345 ], [ 133.87756, -23.70343 ], [ 133.87605, -23.70282 ], [ 133.87546, -23.70463 ], [ 133.86951, -23.71665 ] ] ] } },
{ "type": "Feature", "properties": { "SA2_CODE21": 702011051, "SA2_NAME21": "Ross", "CHG_FLAG21": "0", "CHG_LBL21": "No change", "SA3_CODE21": "70201", "SA3_NAME21": "Alice Springs", "SA4_CODE21": "702", "SA4_NAME21": "Northern Territory - Outback", "GCC_CODE21": "7RNTE", "GCC_NAME21": "Rest of NT", "STE_CODE21": "7", "STE_NAME21": "Northern Territory", "AUS_CODE21": "AUS", "AUS_NAME21": "Australia", "AREASQKM21": 190.6821, "LOCI_URI21": "http://linked.data.gov.au/dataset/asgsed3/SA2/702011051", "Group": "Total_low_ses", "Australian Catholic University": 0.0, "Avondale University": 0.0, "Bond University": 0.0, "CQUniversity": 0.0, "Charles Darwin University": 0.0, "Charles Sturt University": 0.0, "Curtin University": 0.0, "Deakin University": 0.0, "Edith Cowan University": 0.0, "Federation University Australia": 0.0, "Flinders University": 0.0, "Griffith University": 0.0, "James Cook University": 0.0, "Macquarie University": 0.0, "Monash University": 0.0, "Murdoch University": 0.0, "Queensland University of Technology": 0.0, "RMIT University": 0.0, "Southern Cross University": 0.0, "Swinburne University of Technology": 0.0, "The Australian National University": 0.0, "The University of Adelaide": 0.0, "The University of Melbourne": 0.0, "The University of New England": 0.0, "The University of Newcastle": 0.0, "The University of Notre Dame Australia": 0.0, "The University of Queensland": 0.0, "The University of Sydney": 0.0, "The University of Western Australia": 0.0, "Torrens University Australia": 0.0, "University of Canberra": 0.0, "University of Divinity": 0.0, "University of New South Wales": 0.0, "University of South Australia": 0.0, "University of Southern Queensland": 0.0, "University of Tasmania": 0.0, "University of Technology Sydney": 0.0, "University of Wollongong": 0.0, "University of the Sunshine Coast": 0.0, "Victoria University": 0.0, "Western Sydney University": 0.0, "id": 702011051, "name": "Ross" }, "geometry": { "type": "Polygon", "coordinates": [ [ [ 133.8568, -23.72744 ], [ 133.85531, -23.72852 ], [ 133.84907, -23.72753 ], [ 133.84912, -23.72637 ], [ 133.81172, -23.72456 ], [ 133.7819, -23.72457 ], [ 133.72599, -23.74754 ], [ 133.72598, -23.77609 ], [ 133.74124, -23.77377 ], [ 133.74139, -23.78711 ], [ 133.75722, -23.78293 ], [ 133.75722, -23.80654 ], [ 133.75631, -23.8134 ], [ 133.8455, -23.81345 ], [ 133.86864, -23.79341 ], [ 133.87192, -23.79202 ], [ 133.88328, -23.83152 ], [ 133.94043, -23.83148 ], [ 133.94044, -23.78099 ], [ 133.9207, -23.78101 ], [ 133.92067, -23.76669 ], [ 133.92017, -23.76417 ], [ 133.92162, -23.76178 ], [ 133.92162, -23.75568 ], [ 133.94043, -23.75569 ], [ 133.94046, -23.73787 ], [ 133.88027, -23.73011 ], [ 133.86572, -23.72519 ], [ 133.86438, -23.72808 ], [ 133.86152, -23.72729 ], [ 133.86103, -23.72826 ], [ 133.8568, -23.72744 ] ] ] } },
{ "type": "Feature", "properties": { "SA2_CODE21": 702011052, "SA2_NAME21": "Sandover - Plenty", "CHG_FLAG21": "0", "CHG_LBL21": "No change", "SA3_CODE21": "70201", "SA3_NAME21": "Alice Springs", "SA4_CODE21": "702", "SA4_NAME21": "Northern Territory - Outback", "GCC_CODE21": "7RNTE", "GCC_NAME21": "Rest of NT", "STE_CODE21": "7", "STE_NAME21": "Northern Territory", "AUS_CODE21": "AUS", "AUS_NAME21": "Australia", "AREASQKM21": 129517.1822, "LOCI_URI21": "http://linked.data.gov.au/dataset/asgsed3/SA2/702011052", "Group": "Total_low_ses", "Australian Catholic University": 0.0, "Avondale University": 0.0, "Bond University": 0.0, "CQUniversity": 0.0, "Charles Darwin University": 0.0, "Charles Sturt University": 0.0, "Curtin University": 2.0, "Deakin University": 0.0, "Edith Cowan University": 0.0, "Federation University Australia": 0.0, "Flinders University": 0.0, "Griffith University": 0.0, "James Cook University": 0.0, "Macquarie University": 0.0, "Monash University": 0.0, "Murdoch University": 0.0, "Queensland University of Technology": 0.0, "RMIT University": 0.0, "Southern Cross University": 0.0, "Swinburne University of Technology": 0.0, "The Australian National University": 0.0, "The University of Adelaide": 0.0, "The University of Melbourne": 0.0, "The University of New England": 0.0, "The University of Newcastle": 0.0, "The University of Notre Dame Australia": 0.0, "The University of Queensland": 0.0, "The University of Sydney": 0.0, "The University of Western Australia": 0.0, "Torrens University Australia": 0.0, "University of Canberra": 0.0, "University of Divinity": 0.0, "University of New South Wales": 0.0, "University of South Australia": 0.0, "University of Southern Queensland": 0.0, "University of Tasmania": 0.0, "University of Technology Sydney": 0.0, "University of Wollongong": 0.0, "University of the Sunshine Coast": 0.0, "Victoria University": 0.0, "Western Sydney University": 0.0, "id": 702011052, "name": "Sandover - Plenty" }, "geometry": { "type": "Polygon", "coordinates": [ [ [ 134.12554, -23.09901 ], [ 133.88166, -23.09947 ], [ 133.8353, -23.04717 ], [ 133.83535, -23.01867 ], [ 132.82137, -23.01864 ], [ 132.82142, -23.60011 ], [ 132.82988, -23.60062 ], [ 132.83419, -23.61529 ], [ 132.82146, -23.64563 ], [ 132.8214, -23.75979 ], [ 133.17843, -23.75981 ], [ 133.17845, -24.35376 ], [ 133.37153, -24.35376 ], [ 133.37121, -24.49931 ], [ 133.75045, -24.50062 ], [ 133.75046, -24.76385 ], [ 133.81511, -24.76395 ], [ 133.81495, -24.79184 ], [ 133.81912, -24.79494 ], [ 133.8148, -24.7977 ], [ 133.81453, -24.80277 ], [ 133.81492, -25.01865 ], [ 134.28542, -25.01865 ], [ 134.28548, -24.65968 ], [ 134.52222, -24.70878 ], [ 134.73958, -24.67028 ], [ 134.76931, -24.65967 ], [ 134.81288, -24.65966 ], [ 134.81288, -24.49991 ], [ 135.62394, -24.49988 ], [ 135.62393, -24.786 ], [ 136.00125, -24.78604 ], [ 135.99757, -24.1988 ], [ 136.61087, -23.88694 ], [ 136.84424, -23.88692 ], [ 137.68205, -23.87023 ], [ 137.99876, -23.87195 ], [ 137.99761, -21.92923 ], [ 137.68146, -21.92924 ], [ 137.68145, -21.99841 ], [ 136.49014, -21.99811 ], [ 136.48994, -21.54462 ], [ 135.82187, -21.54464 ], [ 135.82305, -21.41398 ], [ 135.72992, -21.41398 ], [ 135.66783, -21.47213 ], [ 135.33498, -21.47215 ], [ 135.33495, -21.38402 ], [ 134.94492, -21.38403 ], [ 134.94583, -21.59586 ], [ 134.28929, -21.59452 ], [ 134.28891, -21.69878 ], [ 134.37201, -21.69973 ], [ 134.37071, -21.84618 ], [ 134.42569, -21.84593 ], [ 134.52513, -21.94504 ], [ 134.54043, -21.94802 ], [ 134.60915, -22.04489 ], [ 134.60041, -22.12052 ], [ 134.57905, -22.1256 ], [ 134.5441, -22.15207 ], [ 134.54843, -22.18704 ], [ 134.5398, -22.22247 ], [ 134.56029, -22.22912 ], [ 134.5465, -22.26388 ], [ 134.54082, -22.28931 ], [ 134.53105, -22.29718 ], [ 134.46835, -22.29717 ], [ 134.46585, -22.57019 ], [ 134.12229, -22.57049 ], [ 134.12248, -23.03103 ], [ 134.12555, -23.03104 ], [ 134.12554, -23.09901 ] ], [ [ 133.94044, -23.78099 ], [ 133.94043, -23.83148 ], [ 133.88328, -23.83152 ], [ 133.87192, -23.79202 ], [ 133.8455, -23.81345 ], [ 133.75631, -23.8134 ], [ 133.75722, -23.78293 ], [ 133.74139, -23.78711 ], [ 133.74124, -23.77377 ], [ 133.72598, -23.77609 ], [ 133.72599, -23.74754 ], [ 133.7819, -23.72457 ], [ 133.81172, -23.72456 ], [ 133.8108, -23.63049 ], [ 133.91951, -23.63049 ], [ 133.91952, -23.66479 ], [ 133.94042, -23.66481 ], [ 133.94043, -23.75569 ], [ 133.92162, -23.75568 ], [ 133.9207, -23.78101 ], [ 133.94044, -23.78099 ] ] ] } },
{ "type": "Feature", "properties": { "SA2_CODE21": 702021056, "SA2_NAME21": "Tennant Creek", "CHG_FLAG21": "0", "CHG_LBL21": "No change", "SA3_CODE21": "70202", "SA3_NAME21": "Barkly", "SA4_CODE21": "702", "SA4_NAME21": "Northern Territory - Outback", "GCC_CODE21": "7RNTE", "GCC_NAME21": "Rest of NT", "STE_CODE21": "7", "STE_NAME21": "Northern Territory", "AUS_CODE21": "AUS", "AUS_NAME21": "Australia", "AREASQKM21": 42.0605, "LOCI_URI21": "http://linked.data.gov.au/dataset/asgsed3/SA2/702021056", "Group": "Total_low_ses", "Australian Catholic University": 0.0, "Avondale University": 0.0, "Bond University": 0.0, "CQUniversity": 0.0, "Charles Darwin University": 0.0, "Charles Sturt University": 0.0, "Curtin University": 0.0, "Deakin University": 0.0, "Edith Cowan University": 0.0, "Federation University Australia": 0.0, "Flinders University": 0.0, "Griffith University": 0.0, "James Cook University": 0.0, "Macquarie University": 0.0, "Monash University": 0.0, "Murdoch University": 0.0, "Queensland University of Technology": 0.0, "RMIT University": 0.0, "Southern Cross University": 0.0, "Swinburne University of Technology": 0.0, "The Australian National University": 0.0, "The University of Adelaide": 0.0, "The University of Melbourne": 0.0, "The University of New England": 0.0, "The University of Newcastle": 0.0, "The University of Notre Dame Australia": 0.0, "The University of Queensland": 0.0, "The University of Sydney": 0.0, "The University of Western Australia": 0.0, "Torrens University Australia": 0.0, "University of Canberra": 0.0, "University of Divinity": 0.0, "University of New South Wales": 0.0, "University of South Australia": 0.0, "University of Southern Queensland": 0.0, "University of Tasmania": 0.0, "University of Technology Sydney": 0.0, "University of Wollongong": 0.0, "University of the Sunshine Coast": 0.0, "Victoria University": 0.0, "Western Sydney University": 0.0, "id": 702021056, "name": "Tennant Creek" }, "geometry": { "type": "Polygon", "coordinates": [ [ [ 134.15261, -19.62326 ], [ 134.15263, -19.6526 ], [ 134.15312, -19.65604 ], [ 134.15349, -19.65767 ], [ 134.15395, -19.65927 ], [ 134.15452, -19.66083 ], [ 134.15518, -19.66236 ], [ 134.15594, -19.66386 ], [ 134.15679, -19.66531 ], [ 134.15773, -19.66671 ], [ 134.15986, -19.66934 ], [ 134.17238, -19.68303 ], [ 134.17327, -19.68411 ], [ 134.17403, -19.68528 ], [ 134.17465, -19.68651 ], [ 134.17512, -19.6878 ], [ 134.17545, -19.68913 ], [ 134.17562, -19.69049 ], [ 134.17595, -19.69538 ], [ 134.18008, -19.69541 ], [ 134.17938, -19.6937 ], [ 134.17918, -19.69098 ], [ 134.18017, -19.68773 ], [ 134.2214, -19.67534 ], [ 134.22837, -19.67578 ], [ 134.22888, -19.66865 ], [ 134.22848, -19.65626 ], [ 134.22754, -19.65578 ], [ 134.22422, -19.65372 ], [ 134.21867, -19.65078 ], [ 134.21697, -19.64941 ], [ 134.21376, -19.64752 ], [ 134.2073, -19.63163 ], [ 134.2064, -19.63011 ], [ 134.20527, -19.62896 ], [ 134.20533, -19.62796 ], [ 134.20372, -19.62782 ], [ 134.20257, -19.62713 ], [ 134.20065, -19.62639 ], [ 134.20074, -19.62407 ], [ 134.19876, -19.62287 ], [ 134.19718, -19.6227 ], [ 134.19773, -19.62527 ], [ 134.1915, -19.62288 ], [ 134.1915, -19.62672 ], [ 134.15261, -19.62326 ] ] ] } },
{ "type": "Feature", "properties": { "SA2_CODE21": 702031057, "SA2_NAME21": "Alligator", "CHG_FLAG21": "0", "CHG_LBL21": "No change", "SA3_CODE21": "70203", "SA3_NAME21": "Daly - Tiwi - West Arnhem", "SA4_CODE21": "702", "SA4_NAME21": "Northern Territory - Outback", "GCC_CODE21": "7RNTE", "GCC_NAME21": "Rest of NT", "STE_CODE21": "7", "STE_NAME21": "Northern Territory", "AUS_CODE21": "AUS", "AUS_NAME21": "Australia", "AREASQKM21": 33100.6653, "LOCI_URI21": "http://linked.data.gov.au/dataset/asgsed3/SA2/702031057", "Group": "Total_low_ses", "Australian Catholic University": 0.0, "Avondale University": 0.0, "Bond University": 0.0, "CQUniversity": 0.0, "Charles Darwin University": 2.0, "Charles Sturt University": 0.0, "Curtin University": 0.0, "Deakin University": 0.0, "Edith Cowan University": 0.0, "Federation University Australia": 0.0, "Flinders University": 0.0, "Griffith University": 0.0, "James Cook University": 0.0, "Macquarie University": 0.0, "Monash University": 0.0, "Murdoch University": 0.0, "Queensland University of Technology": 0.0, "RMIT University": 2.0, "Southern Cross University": 0.0, "Swinburne University of Technology": 0.0, "The Australian National University": 0.0, "The University of Adelaide": 2.0, "The University of Melbourne": 0.0, "The University of New England": 2.0, "The University of Newcastle": 0.0, "The University of Notre Dame Australia": 0.0, "The University of Queensland": 0.0, "The University of Sydney": 2.0, "The University of Western Australia": 0.0, "Torrens University Australia": 0.0, "University of Canberra": 0.0, "University of Divinity": 0.0, "University of New South Wales": 2.0, "University of South Australia": 0.0, "University of Southern Queensland": 0.0, "University of Tasmania": 0.0, "University of Technology Sydney": 2.0, "University of Wollongong": 0.0, "University of the Sunshine Coast": 0.0, "Victoria University": 0.0, "Western Sydney University": 0.0, "id": 702031057, "name": "Alligator" }, "geometry": { "type": "MultiPolygon", "coordinates": [ [ [ [ 130.02172, -13.18026 ], [ 130.04111, -13.18316 ], [ 130.04353, -13.17751 ], [ 130.0472, -13.17592 ], [ 130.04485, -13.17825 ], [ 130.05414, -13.17726 ], [ 130.06812, -13.18243 ], [ 130.07376, -13.17869 ], [ 130.07501, -13.17123 ], [ 130.05767, -13.15205 ], [ 130.04913, -13.1506 ], [ 130.0346, -13.15481 ], [ 130.02767, -13.15086 ], [ 130.02085, -13.14071 ], [ 130.02473, -13.11979 ], [ 130.01849, -13.11121 ], [ 130.01678, -13.12478 ], [ 130.02172, -13.18026 ] ] ], [ [ [ 130.08557, -13.20499 ], [ 130.08501, -13.20986 ], [ 130.08581, -13.20725 ], [ 130.09761, -13.22124 ], [ 130.10835, -13.22359 ], [ 130.10961, -13.22009 ], [ 130.10463, -13.2114 ], [ 130.1077, -13.21026 ], [ 130.10103, -13.20112 ], [ 130.10194, -13.194 ], [ 130.09097, -13.19278 ], [ 130.08557, -13.20499 ] ] ], [ [ [ 132.33641, -12.09352 ], [ 132.34386, -12.09636 ], [ 132.35095, -12.10891 ], [ 132.36162, -12.11402 ], [ 132.3639, -12.11899 ], [ 132.36677, -12.11832 ], [ 132.36642, -12.12396 ], [ 132.38991, -12.13971 ], [ 132.40059, -12.14153 ], [ 132.41127, -12.13828 ], [ 132.42198, -12.12057 ], [ 132.41535, -12.10542 ], [ 132.41309, -12.08814 ], [ 132.4014, -12.07615 ], [ 132.37754, -12.07294 ], [ 132.36088, -12.08307 ], [ 132.34905, -12.08519 ], [ 132.33976, -12.08145 ], [ 132.33608, -12.08573 ], [ 132.33883, -12.09014 ], [ 132.33641, -12.09352 ] ] ], [ [ [ 131.35241, -12.09721 ], [ 131.34953, -12.09688 ], [ 131.34428, -12.10469 ], [ 131.34441, -12.10966 ], [ 131.34798, -12.11247 ], [ 131.35727, -12.10905 ], [ 131.35241, -12.09721 ] ] ], [ [ [ 132.35624, -12.15658 ], [ 132.35039, -12.1577 ], [ 132.3445, -12.17214 ], [ 132.34585, -12.18423 ], [ 132.35204, -12.18898 ], [ 132.35871, -12.18448 ], [ 132.36022, -12.17387 ], [ 132.35624, -12.15658 ] ] ], [ [ [ 130.36091, -12.66828 ], [ 130.36758, -12.67246 ], [ 130.37046, -12.66975 ], [ 130.35779, -12.6615 ], [ 130.36091, -12.66828 ] ] ], [ [ [ 130.73761, -12.71082 ], [ 130.70734, -12.7165 ], [ 130.70819, -12.72266 ], [ 130.6985, -12.72736 ], [ 130.69264, -12.73867 ], [ 130.68459, -12.74444 ], [ 130.68597, -12.74715 ], [ 130.69394, -12.74666 ], [ 130.68915, -12.75148 ], [ 130.67976, -12.74524 ], [ 130.68297, -12.73834 ], [ 130.69067, -12.73268 ], [ 130.68715, -12.72794 ], [ 130.66914, -12.72401 ], [ 130.66061, -12.71464 ], [ 130.64956, -12.71307 ], [ 130.64763, -12.71694 ], [ 130.64702, -12.71352 ], [ 130.64115, -12.7124 ], [ 130.6301, -12.71523 ], [ 130.62146, -12.70519 ], [ 130.6163, -12.71087 ], [ 130.62216, -12.71829 ], [ 130.63633, -12.72709 ], [ 130.63773, -12.74076 ], [ 130.63993, -12.73924 ], [ 130.64356, -12.74368 ], [ 130.63935, -12.7437 ], [ 130.63464, -12.75941 ], [ 130.62475, -12.7697 ], [ 130.62671, -12.77388 ], [ 130.6352, -12.77418 ], [ 130.62435, -12.77509 ], [ 130.62371, -12.76778 ], [ 130.62854, -12.75919 ], [ 130.6252, -12.75353 ], [ 130.62865, -12.75309 ], [ 130.63094, -12.74529 ], [ 130.62954, -12.72778 ], [ 130.61031, -12.72226 ], [ 130.60249, -12.7278 ], [ 130.60503, -12.7327 ], [ 130.59984, -12.72905 ], [ 130.60766, -12.71989 ], [ 130.59603, -12.71798 ], [ 130.59454, -12.72544 ], [ 130.58511, -12.73188 ], [ 130.59115, -12.73918 ], [ 130.58465, -12.73527 ], [ 130.57948, -12.7424 ], [ 130.57833, -12.73957 ], [ 130.56992, -12.74376 ], [ 130.56949, -12.73986 ], [ 130.58074, -12.73392 ], [ 130.58326, -12.71923 ], [ 130.57266, -12.70771 ], [ 130.56724, -12.70636 ], [ 130.56034, -12.70964 ], [ 130.56104, -12.71721 ], [ 130.55862, -12.71857 ], [ 130.55986, -12.70487 ], [ 130.55728, -12.70198 ], [ 130.54222, -12.71313 ], [ 130.54267, -12.71691 ], [ 130.53825, -12.71351 ], [ 130.53577, -12.71901 ], [ 130.53589, -12.71339 ], [ 130.52063, -12.70348 ], [ 130.51142, -12.71024 ], [ 130.51545, -12.72267 ], [ 130.52685, -12.72209 ], [ 130.53111, -12.72492 ], [ 130.52525, -12.7343 ], [ 130.52951, -12.74085 ], [ 130.5338, -12.73966 ], [ 130.53101, -12.74215 ], [ 130.52767, -12.74017 ], [ 130.52433, -12.73407 ], [ 130.52939, -12.72503 ], [ 130.51753, -12.7256 ], [ 130.52064, -12.73317 ], [ 130.51732, -12.74199 ], [ 130.51917, -12.75012 ], [ 130.5164, -12.74594 ], [ 130.51539, -12.74049 ], [ 130.51822, -12.73148 ], [ 130.50613, -12.71499 ], [ 130.50119, -12.71795 ], [ 130.51831, -12.69136 ], [ 130.51842, -12.68086 ], [ 130.51358, -12.66775 ], [ 130.50886, -12.66436 ], [ 130.49211, -12.66727 ], [ 130.49095, -12.66196 ], [ 130.47172, -12.65045 ], [ 130.46089, -12.63916 ], [ 130.44467, -12.6455 ], [ 130.43856, -12.63364 ], [ 130.42787, -12.64303 ], [ 130.42028, -12.64541 ], [ 130.42455, -12.65694 ], [ 130.41416, -12.66451 ], [ 130.40959, -12.6635 ], [ 130.41281, -12.65559 ], [ 130.39359, -12.66227 ], [ 130.39832, -12.67143 ], [ 130.39648, -12.68013 ], [ 130.40259, -12.6868 ], [ 130.40555, -12.68532 ], [ 130.40726, -12.69301 ], [ 130.40412, -12.70146 ], [ 130.38969, -12.685 ], [ 130.37887, -12.67766 ], [ 130.37249, -12.68202 ], [ 130.3738, -12.67856 ], [ 130.36471, -12.67766 ], [ 130.35273, -12.66953 ], [ 130.34768, -12.68853 ], [ 130.34632, -12.71521 ], [ 130.35392, -12.72549 ], [ 130.35623, -12.73476 ], [ 130.35199, -12.76314 ], [ 130.35602, -12.77534 ], [ 130.35281, -12.79536 ], [ 130.35835, -12.80722 ], [ 130.34755, -12.84815 ], [ 130.33317, -12.88106 ], [ 130.33893, -12.88467 ], [ 130.33871, -12.88931 ], [ 130.31452, -12.90244 ], [ 130.30289, -12.91657 ], [ 130.27951, -12.93252 ], [ 130.24713, -12.94836 ], [ 130.22142, -12.94933 ], [ 130.2053, -12.94237 ], [ 130.19169, -12.92536 ], [ 130.19377, -12.91049 ], [ 130.18606, -12.91433 ], [ 130.1758, -12.91026 ], [ 130.1591, -12.92921 ], [ 130.14112, -12.93344 ], [ 130.13927, -12.95039 ], [ 130.1297, -12.96532 ], [ 130.1282, -12.97368 ], [ 130.13027, -12.98216 ], [ 130.138, -12.98533 ], [ 130.1412, -13.00065 ], [ 130.1302, -13.02871 ], [ 130.1284, -13.04963 ], [ 130.12016, -13.07937 ], [ 130.12029, -13.08976 ], [ 130.13406, -13.10747 ], [ 130.11889, -13.13339 ], [ 130.11711, -13.16616 ], [ 130.13052, -13.17653 ], [ 130.15382, -13.17364 ], [ 130.16306, -13.1769 ], [ 130.22521, -13.24918 ], [ 130.23057, -13.26973 ], [ 130.2393, -13.28195 ], [ 130.70507, -13.28055 ], [ 130.70918, -13.29494 ], [ 130.71866, -13.29833 ], [ 130.72547, -13.29483 ], [ 130.73013, -13.30042 ], [ 130.73528, -13.3241 ], [ 130.74643, -13.33487 ], [ 130.74616, -13.34603 ], [ 130.75236, -13.34952 ], [ 130.7529, -13.38806 ], [ 130.76194, -13.39409 ], [ 130.75449, -13.40531 ], [ 130.77607, -13.42633 ], [ 130.77761, -13.4333 ], [ 130.78078, -13.43342 ], [ 130.79381, -13.45191 ], [ 130.80358, -13.48467 ], [ 130.81305, -13.49268 ], [ 130.81305, -13.51979 ], [ 130.80784, -13.52575 ], [ 130.83209, -13.5268 ], [ 130.84072, -13.53996 ], [ 130.84599, -13.54211 ], [ 130.87039, -13.53811 ], [ 130.87281, -13.52982 ], [ 130.88678, -13.52155 ], [ 130.89154, -13.51151 ], [ 130.90345, -13.50206 ], [ 130.91529, -13.50341 ], [ 130.90792, -13.47228 ], [ 130.92094, -13.42488 ], [ 130.93296, -13.41127 ], [ 130.94992, -13.41194 ], [ 130.95389, -13.41927 ], [ 130.9804, -13.43631 ], [ 130.98955, -13.4346 ], [ 130.99371, -13.44292 ], [ 131.01346, -13.44233 ], [ 131.01347, -13.48884 ], [ 131.24401, -13.48885 ], [ 131.2432, -13.3485 ], [ 131.26825, -13.37296 ], [ 131.32349, -13.41093 ], [ 131.34159, -13.43635 ], [ 131.35236, -13.43935 ], [ 131.35236, -13.24793 ], [ 131.85455, -13.24794 ], [ 131.85455, -13.17571 ], [ 131.87892, -13.17572 ], [ 131.88715, -13.20145 ], [ 131.89927, -13.21325 ], [ 131.90761, -13.23082 ], [ 131.90937, -13.27427 ], [ 131.92488, -13.27945 ], [ 131.92722, -13.28613 ], [ 131.93621, -13.29009 ], [ 131.93816, -13.32417 ], [ 131.9572, -13.34831 ], [ 131.95543, -13.36212 ], [ 131.96839, -13.39663 ], [ 131.96446, -13.41172 ], [ 131.97726, -13.42134 ], [ 131.98169, -13.42868 ], [ 131.99471, -13.43192 ], [ 132.01855, -13.4629 ], [ 132.02403, -13.4768 ], [ 132.02253, -13.49565 ], [ 132.02577, -13.50611 ], [ 132.04083, -13.51245 ], [ 132.04974, -13.52816 ], [ 132.06844, -13.53622 ], [ 132.08833, -13.55615 ], [ 132.10592, -13.5663 ], [ 132.11362, -13.57701 ], [ 132.12364, -13.57898 ], [ 132.12812, -13.59359 ], [ 132.13657, -13.60235 ], [ 132.15978, -13.59457 ], [ 132.17624, -13.60338 ], [ 132.18954, -13.59356 ], [ 132.19947, -13.59755 ], [ 132.2081, -13.59708 ], [ 132.21631, -13.60286 ], [ 132.22518, -13.60357 ], [ 132.2297, -13.6136 ], [ 132.24639, -13.61742 ], [ 132.28205, -13.64212 ], [ 132.28794, -13.64095 ], [ 132.28993, -13.63599 ], [ 132.30661, -13.64073 ], [ 132.30926, -13.66429 ], [ 132.32683, -13.67467 ], [ 132.32554, -13.68556 ], [ 132.32923, -13.69253 ], [ 132.32588, -13.69744 ], [ 132.32664, -13.72064 ], [ 132.3316, -13.72517 ], [ 132.34902, -13.72879 ], [ 132.3516, -13.73942 ], [ 132.35704, -13.74371 ], [ 132.3567, -13.7528 ], [ 132.36854, -13.76204 ], [ 132.36896, -13.79563 ], [ 132.36525, -13.80848 ], [ 132.48106, -13.80852 ], [ 132.48117, -13.5311 ], [ 132.42102, -13.53107 ], [ 132.42113, -13.44452 ], [ 132.40766, -13.43967 ], [ 132.40765, -13.43059 ], [ 132.41111, -13.4276 ], [ 132.42112, -13.42757 ], [ 132.42114, -13.40212 ], [ 132.99882, -13.4041 ], [ 132.99925, -12.48345 ], [ 132.9856, -12.47008 ], [ 132.98262, -12.46071 ], [ 132.97271, -12.45122 ], [ 132.97297, -12.43122 ], [ 132.9658, -12.42541 ], [ 132.96906, -12.41933 ], [ 132.96766, -12.41081 ], [ 132.97546, -12.404 ], [ 132.97149, -12.38894 ], [ 132.97579, -12.38673 ], [ 132.97489, -12.36911 ], [ 132.98048, -12.35541 ], [ 132.97103, -12.34365 ], [ 132.97139, -12.33558 ], [ 132.96301, -12.33134 ], [ 132.95466, -12.32153 ], [ 132.95928, -12.3068 ], [ 132.95389, -12.30384 ], [ 132.95146, -12.2941 ], [ 132.95067, -12.30359 ], [ 132.94447, -12.30403 ], [ 132.93987, -12.27939 ], [ 132.92827, -12.27746 ], [ 132.92838, -12.27272 ], [ 132.92092, -12.26798 ], [ 132.91046, -12.28786 ], [ 132.90241, -12.28718 ], [ 132.89633, -12.26763 ], [ 132.8938, -12.26481 ], [ 132.88826, -12.26648 ], [ 132.88932, -12.26266 ], [ 132.8746, -12.27689 ], [ 132.87197, -12.26797 ], [ 132.87577, -12.25701 ], [ 132.8699, -12.25227 ], [ 132.86061, -12.25215 ], [ 132.85659, -12.2342 ], [ 132.8466, -12.2291 ], [ 132.83592, -12.22853 ], [ 132.83362, -12.21531 ], [ 132.82846, -12.21113 ], [ 132.80089, -12.21632 ], [ 132.80044, -12.20073 ], [ 132.79447, -12.19519 ], [ 132.78622, -12.19652 ], [ 132.78297, -12.21484 ], [ 132.77976, -12.2145 ], [ 132.77013, -12.18863 ], [ 132.78587, -12.18118 ], [ 132.78728, -12.17115 ], [ 132.76988, -12.15605 ], [ 132.75968, -12.14143 ], [ 132.71036, -12.14916 ], [ 132.69203, -12.14701 ], [ 132.65973, -12.12933 ], [ 132.62125, -12.1258 ], [ 132.59854, -12.11932 ], [ 132.56706, -12.09768 ], [ 132.56291, -12.08718 ], [ 132.55698, -12.08545 ], [ 132.55427, -12.08734 ], [ 132.55482, -12.09829 ], [ 132.51304, -12.12413 ], [ 132.48279, -12.13749 ], [ 132.44202, -12.14646 ], [ 132.41759, -12.19532 ], [ 132.41712, -12.2224 ], [ 132.3894, -12.2364 ], [ 132.36897, -12.21939 ], [ 132.35878, -12.20266 ], [ 132.35317, -12.19881 ], [ 132.33399, -12.20159 ], [ 132.31513, -12.21104 ], [ 132.29193, -12.21776 ], [ 132.28664, -12.22413 ], [ 132.27847, -12.2242 ], [ 132.26429, -12.20301 ], [ 132.26492, -12.18292 ], [ 132.26173, -12.17342 ], [ 132.25621, -12.17431 ], [ 132.25381, -12.17103 ], [ 132.24496, -12.17541 ], [ 132.2382, -12.16975 ], [ 132.22436, -12.19456 ], [ 132.19666, -12.20883 ], [ 132.18632, -12.21162 ], [ 132.18345, -12.20868 ], [ 132.17081, -12.21327 ], [ 132.16826, -12.22196 ], [ 132.14764, -12.24584 ], [ 132.11139, -12.2708 ], [ 132.0739, -12.28897 ], [ 132.0689, -12.29719 ], [ 132.06972, -12.30353 ], [ 132.02117, -12.29671 ], [ 131.99655, -12.28649 ], [ 131.96772, -12.28236 ], [ 131.93942, -12.27292 ], [ 131.9175, -12.25588 ], [ 131.91583, -12.24449 ], [ 131.9036, -12.23282 ], [ 131.90424, -12.22434 ], [ 131.89179, -12.21527 ], [ 131.87927, -12.21454 ], [ 131.87124, -12.21639 ], [ 131.83011, -12.24525 ], [ 131.7965, -12.25866 ], [ 131.78755, -12.25938 ], [ 131.77531, -12.26822 ], [ 131.75455, -12.27389 ], [ 131.66067, -12.28551 ], [ 131.54808, -12.2782 ], [ 131.50446, -12.28369 ], [ 131.4723, -12.2837 ], [ 131.42678, -12.2754 ], [ 131.39618, -12.2641 ], [ 131.38225, -12.25421 ], [ 131.38088, -12.25648 ], [ 131.3811, -12.25343 ], [ 131.36682, -12.24501 ], [ 131.33432, -12.21146 ], [ 131.32277, -12.19342 ], [ 131.31407, -12.16747 ], [ 131.32284, -12.14723 ], [ 131.31605, -12.14172 ], [ 131.31291, -12.13244 ], [ 131.32184, -12.12261 ], [ 131.31389, -12.11269 ], [ 131.31579, -12.09868 ], [ 131.32093, -12.08986 ], [ 131.29951, -12.07016 ], [ 131.29844, -12.05886 ], [ 131.30336, -12.05298 ], [ 131.30183, -12.04304 ], [ 131.29713, -12.0426 ], [ 131.28899, -12.04636 ], [ 131.26636, -12.07692 ], [ 131.27056, -12.09825 ], [ 131.27356, -12.10011 ], [ 131.25082, -12.13592 ], [ 131.25039, -12.1462 ], [ 131.25581, -12.15319 ], [ 131.25389, -12.16279 ], [ 131.24624, -12.17897 ], [ 131.23274, -12.19506 ], [ 131.22888, -12.20874 ], [ 131.23108, -12.21438 ], [ 131.24759, -12.21549 ], [ 131.25088, -12.22002 ], [ 131.24819, -12.2223 ], [ 131.25661, -12.23133 ], [ 131.27159, -12.23816 ], [ 131.27538, -12.24312 ], [ 131.28101, -12.26691 ], [ 131.28079, -12.2809 ], [ 131.29446, -12.29796 ], [ 131.29296, -12.30474 ], [ 131.27145, -12.33185 ], [ 131.28138, -12.3412 ], [ 131.28201, -12.35421 ], [ 131.29073, -12.3632 ], [ 131.29425, -12.37216 ], [ 131.30482, -12.37689 ], [ 131.30947, -12.38311 ], [ 131.3145, -12.3836 ], [ 131.32056, -12.37863 ], [ 131.32415, -12.37908 ], [ 131.3276, -12.385 ], [ 131.32415, -12.39354 ], [ 131.30789, -12.3954 ], [ 131.30804, -12.40214 ], [ 131.31476, -12.40539 ], [ 131.31639, -12.41106 ], [ 131.3128, -12.41475 ], [ 131.3025, -12.41552 ], [ 131.30132, -12.42424 ], [ 131.31671, -12.42565 ], [ 131.32076, -12.44004 ], [ 131.33204, -12.43246 ], [ 131.34071, -12.43737 ], [ 131.33987, -12.44565 ], [ 131.32734, -12.44431 ], [ 131.32343, -12.44781 ], [ 131.3233, -12.45342 ], [ 131.3308, -12.45641 ], [ 131.33621, -12.44992 ], [ 131.34156, -12.44909 ], [ 131.34267, -12.45304 ], [ 131.33726, -12.45954 ], [ 131.3385, -12.46368 ], [ 131.35369, -12.4631 ], [ 131.35408, -12.46788 ], [ 131.34371, -12.47578 ], [ 131.34724, -12.48253 ], [ 131.35819, -12.4747 ], [ 131.36882, -12.47629 ], [ 131.36954, -12.47979 ], [ 131.36224, -12.48463 ], [ 131.36269, -12.49056 ], [ 131.37326, -12.48916 ], [ 131.37998, -12.49298 ], [ 131.38063, -12.49954 ], [ 131.37606, -12.50457 ], [ 131.38011, -12.51215 ], [ 131.39491, -12.50776 ], [ 131.38917, -12.52095 ], [ 131.39556, -12.5284 ], [ 131.39641, -12.53572 ], [ 131.39269, -12.54458 ], [ 131.38454, -12.54509 ], [ 131.37469, -12.55076 ], [ 131.38565, -12.5605 ], [ 131.38011, -12.57152 ], [ 131.38819, -12.57465 ], [ 131.37965, -12.58452 ], [ 131.38689, -12.59274 ], [ 131.38017, -12.59414 ], [ 131.37495, -12.5993 ], [ 131.37763, -12.61242 ], [ 131.35598, -12.63465 ], [ 131.3578, -12.64026 ], [ 131.3685, -12.64357 ], [ 131.36798, -12.64784 ], [ 131.35767, -12.64822 ], [ 131.35115, -12.64306 ], [ 131.34808, -12.64402 ], [ 131.33902, -12.65345 ], [ 131.33227, -12.67537 ], [ 131.31456, -12.68524 ], [ 131.3066, -12.68565 ], [ 131.30414, -12.68981 ], [ 131.29743, -12.69001 ], [ 131.29315, -12.69674 ], [ 131.28247, -12.6963 ], [ 131.27313, -12.70567 ], [ 131.27519, -12.71376 ], [ 131.26957, -12.72514 ], [ 131.27774, -12.73373 ], [ 131.28337, -12.73508 ], [ 131.2825, -12.75352 ], [ 131.27505, -12.75811 ], [ 131.27162, -12.76898 ], [ 131.26146, -12.7657 ], [ 131.25475, -12.76774 ], [ 131.25452, -12.77062 ], [ 131.26037, -12.77366 ], [ 131.25925, -12.78001 ], [ 131.25191, -12.78261 ], [ 131.24159, -12.77908 ], [ 131.23534, -12.78873 ], [ 131.22925, -12.79021 ], [ 131.22099, -12.80297 ], [ 131.21334, -12.80308 ], [ 131.21915, -12.81973 ], [ 131.20835, -12.82222 ], [ 131.21105, -12.82858 ], [ 131.20693, -12.83805 ], [ 131.20845, -12.84936 ], [ 131.20303, -12.86135 ], [ 131.15825, -12.86188 ], [ 131.15828, -12.84598 ], [ 131.1423, -12.84597 ], [ 131.14216, -12.8391 ], [ 131.13497, -12.83927 ], [ 131.13437, -12.82473 ], [ 131.06867, -12.82317 ], [ 131.06869, -12.81586 ], [ 131.03876, -12.81582 ], [ 131.03875, -12.86038 ], [ 130.88921, -12.85954 ], [ 130.88927, -12.64822 ], [ 130.88482, -12.6454 ], [ 130.88466, -12.63533 ], [ 130.87982, -12.63127 ], [ 130.87144, -12.63965 ], [ 130.86977, -12.65872 ], [ 130.86878, -12.64112 ], [ 130.8766, -12.62879 ], [ 130.87048, -12.6209 ], [ 130.86931, -12.61163 ], [ 130.86219, -12.61425 ], [ 130.85898, -12.62057 ], [ 130.85713, -12.61731 ], [ 130.84873, -12.61563 ], [ 130.84617, -12.61046 ], [ 130.8516, -12.61573 ], [ 130.85736, -12.61516 ], [ 130.86803, -12.60147 ], [ 130.86721, -12.59661 ], [ 130.85983, -12.58623 ], [ 130.84981, -12.57891 ], [ 130.84934, -12.57382 ], [ 130.84277, -12.56728 ], [ 130.84206, -12.55632 ], [ 130.83883, -12.55407 ], [ 130.81607, -12.55817 ], [ 130.82062, -12.56851 ], [ 130.81955, -12.57545 ], [ 130.82841, -12.5803 ], [ 130.83095, -12.58357 ], [ 130.83096, -12.58752 ], [ 130.82837, -12.58774 ], [ 130.83015, -12.58504 ], [ 130.82404, -12.57929 ], [ 130.81794, -12.57873 ], [ 130.81421, -12.58201 ], [ 130.81182, -12.56665 ], [ 130.80512, -12.5635 ], [ 130.81214, -12.55005 ], [ 130.81167, -12.54395 ], [ 130.81017, -12.53988 ], [ 130.80499, -12.53865 ], [ 130.79993, -12.53933 ], [ 130.78707, -12.55087 ], [ 130.79447, -12.57843 ], [ 130.78368, -12.58941 ], [ 130.78565, -12.59946 ], [ 130.79014, -12.60262 ], [ 130.78531, -12.6042 ], [ 130.78452, -12.61223 ], [ 130.78039, -12.61687 ], [ 130.79218, -12.61945 ], [ 130.79186, -12.62189 ], [ 130.77993, -12.61946 ], [ 130.78128, -12.60342 ], [ 130.77714, -12.59958 ], [ 130.77472, -12.61599 ], [ 130.77242, -12.60162 ], [ 130.76737, -12.60168 ], [ 130.77426, -12.59722 ], [ 130.7817, -12.5737 ], [ 130.77857, -12.55913 ], [ 130.76144, -12.56944 ], [ 130.74904, -12.58403 ], [ 130.73006, -12.58304 ], [ 130.73443, -12.60067 ], [ 130.72938, -12.59072 ], [ 130.7293, -12.58158 ], [ 130.74892, -12.57996 ], [ 130.75454, -12.56922 ], [ 130.76764, -12.5596 ], [ 130.76772, -12.55122 ], [ 130.77441, -12.54558 ], [ 130.76943, -12.52706 ], [ 130.77724, -12.52038 ], [ 130.77849, -12.50954 ], [ 130.77203, -12.50051 ], [ 130.77145, -12.49384 ], [ 130.77673, -12.48626 ], [ 130.7789, -12.47474 ], [ 130.76994, -12.48164 ], [ 130.76166, -12.48244 ], [ 130.7519, -12.49342 ], [ 130.73676, -12.52462 ], [ 130.7278, -12.52881 ], [ 130.72708, -12.52622 ], [ 130.74433, -12.50563 ], [ 130.74971, -12.49161 ], [ 130.7574, -12.48222 ], [ 130.75956, -12.46403 ], [ 130.76644, -12.45329 ], [ 130.76631, -12.4395 ], [ 130.74985, -12.4271 ], [ 130.73697, -12.42903 ], [ 130.71167, -12.42341 ], [ 130.71063, -12.41777 ], [ 130.70568, -12.41404 ], [ 130.68384, -12.4161 ], [ 130.6721, -12.40978 ], [ 130.66876, -12.40323 ], [ 130.65681, -12.39943 ], [ 130.65427, -12.39398 ], [ 130.63828, -12.38902 ], [ 130.62414, -12.38892 ], [ 130.6177, -12.38136 ], [ 130.61736, -12.38701 ], [ 130.61161, -12.39311 ], [ 130.5915, -12.40386 ], [ 130.57817, -12.40658 ], [ 130.58726, -12.42522 ], [ 130.60187, -12.42691 ], [ 130.61222, -12.43176 ], [ 130.61764, -12.44373 ], [ 130.62325, -12.44775 ], [ 130.59292, -12.45527 ], [ 130.58844, -12.45279 ], [ 130.58097, -12.46263 ], [ 130.58178, -12.46895 ], [ 130.58684, -12.4711 ], [ 130.5911, -12.47991 ], [ 130.60411, -12.48792 ], [ 130.60577, -12.50144 ], [ 130.58871, -12.50126 ], [ 130.58737, -12.50961 ], [ 130.58285, -12.51279 ], [ 130.5754, -12.54331 ], [ 130.56587, -12.5667 ], [ 130.56932, -12.57201 ], [ 130.5668, -12.58151 ], [ 130.56842, -12.59009 ], [ 130.5736, -12.59675 ], [ 130.58199, -12.59291 ], [ 130.579, -12.58952 ], [ 130.58452, -12.59064 ], [ 130.589, -12.58047 ], [ 130.59142, -12.58352 ], [ 130.60395, -12.57838 ], [ 130.58958, -12.58669 ], [ 130.58924, -12.59211 ], [ 130.59753, -12.59922 ], [ 130.61203, -12.60147 ], [ 130.61849, -12.61288 ], [ 130.63149, -12.60902 ], [ 130.63576, -12.62009 ], [ 130.64413, -12.62379 ], [ 130.63911, -12.63263 ], [ 130.64229, -12.63731 ], [ 130.64119, -12.64415 ], [ 130.64141, -12.63692 ], [ 130.63819, -12.63286 ], [ 130.6429, -12.62517 ], [ 130.63391, -12.61942 ], [ 130.63034, -12.61061 ], [ 130.61887, -12.61563 ], [ 130.60904, -12.60441 ], [ 130.60594, -12.60498 ], [ 130.60468, -12.61447 ], [ 130.59525, -12.61922 ], [ 130.58824, -12.6294 ], [ 130.58884, -12.65437 ], [ 130.59625, -12.65398 ], [ 130.5893, -12.65618 ], [ 130.58651, -12.66044 ], [ 130.58798, -12.64783 ], [ 130.58283, -12.62296 ], [ 130.55958, -12.62648 ], [ 130.54991, -12.61609 ], [ 130.54567, -12.63429 ], [ 130.57341, -12.65223 ], [ 130.57331, -12.66353 ], [ 130.58587, -12.68443 ], [ 130.59725, -12.67075 ], [ 130.6174, -12.67638 ], [ 130.61647, -12.6687 ], [ 130.62189, -12.66994 ], [ 130.63272, -12.68292 ], [ 130.63773, -12.68366 ], [ 130.63341, -12.68631 ], [ 130.64492, -12.6881 ], [ 130.64826, -12.6855 ], [ 130.6554, -12.69227 ], [ 130.65804, -12.68707 ], [ 130.6607, -12.69204 ], [ 130.66691, -12.69418 ], [ 130.66772, -12.69124 ], [ 130.67393, -12.69146 ], [ 130.66473, -12.70051 ], [ 130.67407, -12.70784 ], [ 130.68442, -12.70682 ], [ 130.69338, -12.69801 ], [ 130.70075, -12.6955 ], [ 130.70196, -12.69047 ], [ 130.70271, -12.69561 ], [ 130.69328, -12.70025 ], [ 130.6896, -12.70658 ], [ 130.67914, -12.71349 ], [ 130.6902, -12.7198 ], [ 130.69526, -12.7198 ], [ 130.70607, -12.71097 ], [ 130.72972, -12.70856 ], [ 130.73761, -12.71082 ] ] ], [ [ [ 130.51789, -12.56922 ], [ 130.52008, -12.56402 ], [ 130.51731, -12.55758 ], [ 130.51041, -12.56538 ], [ 130.51133, -12.57001 ], [ 130.50812, -12.57419 ], [ 130.4904, -12.5817 ], [ 130.48476, -12.58035 ], [ 130.48534, -12.58521 ], [ 130.49283, -12.59085 ], [ 130.49491, -12.59639 ], [ 130.4948, -12.6051 ], [ 130.48665, -12.62364 ], [ 130.49922, -12.64545 ], [ 130.50747, -12.65205 ], [ 130.5153, -12.65284 ], [ 130.52405, -12.66176 ], [ 130.52706, -12.68469 ], [ 130.52361, -12.69181 ], [ 130.5243, -12.70006 ], [ 130.5326, -12.70864 ], [ 130.53974, -12.70988 ], [ 130.54422, -12.70672 ], [ 130.53903, -12.69237 ], [ 130.54225, -12.68118 ], [ 130.53015, -12.66774 ], [ 130.5298, -12.65904 ], [ 130.51783, -12.65057 ], [ 130.51102, -12.61702 ], [ 130.50296, -12.61024 ], [ 130.51008, -12.59069 ], [ 130.51411, -12.58832 ], [ 130.52113, -12.59001 ], [ 130.51629, -12.58284 ], [ 130.52284, -12.57577 ], [ 130.51789, -12.56922 ] ] ], [ [ [ 130.38345, -12.64374 ], [ 130.38886, -12.64147 ], [ 130.39633, -12.63299 ], [ 130.39644, -12.62655 ], [ 130.38562, -12.6174 ], [ 130.37779, -12.61672 ], [ 130.36491, -12.62577 ], [ 130.37009, -12.63628 ], [ 130.36893, -12.64271 ], [ 130.38345, -12.64374 ] ] ], [ [ [ 130.41677, -12.59205 ], [ 130.43437, -12.57983 ], [ 130.42941, -12.56841 ], [ 130.42066, -12.56356 ], [ 130.40594, -12.57216 ], [ 130.40514, -12.57714 ], [ 130.41677, -12.59205 ] ] ], [ [ [ 130.39412, -12.59761 ], [ 130.40195, -12.60201 ], [ 130.41448, -12.5985 ], [ 130.4162, -12.59499 ], [ 130.40952, -12.58403 ], [ 130.40077, -12.58087 ], [ 130.39181, -12.58709 ], [ 130.39412, -12.59761 ] ] ], [ [ [ 130.4044, -12.60819 ], [ 130.3917, -12.60077 ], [ 130.38503, -12.60247 ], [ 130.38573, -12.60835 ], [ 130.39321, -12.61298 ], [ 130.40403, -12.61456 ], [ 130.4084, -12.60947 ], [ 130.40736, -12.60687 ], [ 130.4044, -12.60819 ] ] ], [ [ [ 130.45755, -12.63774 ], [ 130.46303, -12.63649 ], [ 130.4635, -12.63057 ], [ 130.45693, -12.62237 ], [ 130.45498, -12.62904 ], [ 130.45755, -12.63774 ] ] ], [ [ [ 130.43271, -12.5241 ], [ 130.4403, -12.51821 ], [ 130.43811, -12.51335 ], [ 130.42983, -12.52184 ], [ 130.43271, -12.5241 ] ] ], [ [ [ 130.62524, -12.68846 ], [ 130.62892, -12.68518 ], [ 130.62581, -12.67976 ], [ 130.62236, -12.68485 ], [ 130.62524, -12.68846 ] ] ], [ [ [ 130.42191, -12.53733 ], [ 130.42124, -12.53283 ], [ 130.41834, -12.53745 ], [ 130.42191, -12.53733 ] ] ], [ [ [ 130.60442, -12.70113 ], [ 130.59993, -12.69933 ], [ 130.5997, -12.70091 ], [ 130.60442, -12.70113 ] ] ], [ [ [ 130.87088, -12.5913 ], [ 130.871, -12.59005 ], [ 130.86904, -12.59164 ], [ 130.87088, -12.5913 ] ] ] ] } },
{ "type": "Feature", "properties": { "SA2_CODE21": 702031060, "SA2_NAME21": "Tiwi Islands", "CHG_FLAG21": "0", "CHG_LBL21": "No change", "SA3_CODE21": "70203", "SA3_NAME21": "Daly - Tiwi - West Arnhem", "SA4_CODE21": "702", "SA4_NAME21": "Northern Territory - Outback", "GCC_CODE21": "7RNTE", "GCC_NAME21": "Rest of NT", "STE_CODE21": "7", "STE_NAME21": "Northern Territory", "AUS_CODE21": "AUS", "AUS_NAME21": "Australia", "AREASQKM21": 7483.1661, "LOCI_URI21": "http://linked.data.gov.au/dataset/asgsed3/SA2/702031060", "Group": "Total_low_ses", "Australian Catholic University": 0.0, "Avondale University": 0.0, "Bond University": 0.0, "CQUniversity": 0.0, "Charles Darwin University": 2.0, "Charles Sturt University": 0.0, "Curtin University": 0.0, "Deakin University": 0.0, "Edith Cowan University": 0.0, "Federation University Australia": 0.0, "Flinders University": 0.0, "Griffith University": 0.0, "James Cook University": 0.0, "Macquarie University": 0.0, "Monash University": 0.0, "Murdoch University": 0.0, "Queensland University of Technology": 0.0, "RMIT University": 0.0, "Southern Cross University": 0.0, "Swinburne University of Technology": 0.0, "The Australian National University": 0.0, "The University of Adelaide": 0.0, "The University of Melbourne": 0.0, "The University of New England": 0.0, "The University of Newcastle": 0.0, "The University of Notre Dame Australia": 0.0, "The University of Queensland": 0.0, "The University of Sydney": 0.0, "The University of Western Australia": 0.0, "Torrens University Australia": 0.0, "University of Canberra": 0.0, "University of Divinity": 0.0, "University of New South Wales": 0.0, "University of South Australia": 0.0, "University of Southern Queensland": 0.0, "University of Tasmania": 0.0, "University of Technology Sydney": 0.0, "University of Wollongong": 0.0, "University of the Sunshine Coast": 0.0, "Victoria University": 0.0, "Western Sydney University": 0.0, "id": 702031060, "name": "Tiwi Islands" }, "geometry": { "type": "MultiPolygon", "coordinates": [ [ [ [ 130.16807, -11.55468 ], [ 130.1683, -11.55535 ], [ 130.16899, -11.55479 ], [ 130.16807, -11.55468 ] ] ], [ [ [ 130.65128, -11.81447 ], [ 130.64945, -11.8122 ], [ 130.6472, -11.81449 ], [ 130.64618, -11.80908 ], [ 130.64681, -11.82144 ], [ 130.65796, -11.81904 ], [ 130.66113, -11.81561 ], [ 130.65851, -11.81757 ], [ 130.6523, -11.81029 ], [ 130.65128, -11.81447 ] ] ], [ [ [ 130.6136, -11.73637 ], [ 130.61406, -11.73535 ], [ 130.61131, -11.73522 ], [ 130.6136, -11.73637 ] ] ], [ [ [ 130.65724, -11.40004 ], [ 130.66254, -11.39209 ], [ 130.65562, -11.37667 ], [ 130.6573, -11.37205 ], [ 130.66214, -11.37202 ], [ 130.6579, -11.36153 ], [ 130.66124, -11.35928 ], [ 130.6595, -11.35137 ], [ 130.66345, -11.34126 ], [ 130.6591, -11.34118 ], [ 130.65694, -11.3356 ], [ 130.65062, -11.34806 ], [ 130.64165, -11.3555 ], [ 130.63939, -11.36369 ], [ 130.64206, -11.36932 ], [ 130.63769, -11.37493 ], [ 130.62717, -11.37921 ], [ 130.61952, -11.38734 ], [ 130.60092, -11.38635 ], [ 130.5981, -11.39277 ], [ 130.58166, -11.40219 ], [ 130.57494, -11.39729 ], [ 130.56927, -11.39803 ], [ 130.55754, -11.38507 ], [ 130.55484, -11.36182 ], [ 130.55916, -11.35838 ], [ 130.55984, -11.35203 ], [ 130.56599, -11.35047 ], [ 130.56366, -11.34702 ], [ 130.56572, -11.34136 ], [ 130.58716, -11.34238 ], [ 130.5862, -11.33626 ], [ 130.59244, -11.33222 ], [ 130.59574, -11.32457 ], [ 130.60391, -11.3211 ], [ 130.6001, -11.3063 ], [ 130.60347, -11.3001 ], [ 130.59593, -11.28945 ], [ 130.57623, -11.28218 ], [ 130.55437, -11.26613 ], [ 130.54961, -11.26947 ], [ 130.54736, -11.28095 ], [ 130.54309, -11.28306 ], [ 130.53155, -11.28459 ], [ 130.51614, -11.28005 ], [ 130.48796, -11.26027 ], [ 130.44478, -11.20526 ], [ 130.40178, -11.16565 ], [ 130.39108, -11.16971 ], [ 130.37915, -11.16722 ], [ 130.37306, -11.16952 ], [ 130.36379, -11.25403 ], [ 130.37044, -11.26485 ], [ 130.3896, -11.27458 ], [ 130.39185, -11.28303 ], [ 130.40999, -11.30519 ], [ 130.4066, -11.31047 ], [ 130.41101, -11.31413 ], [ 130.4088, -11.31741 ], [ 130.39871, -11.3175 ], [ 130.39353, -11.32431 ], [ 130.39468, -11.33542 ], [ 130.38918, -11.34456 ], [ 130.38406, -11.346 ], [ 130.38893, -11.35048 ], [ 130.39032, -11.36588 ], [ 130.40088, -11.36696 ], [ 130.40267, -11.36304 ], [ 130.41026, -11.36455 ], [ 130.40795, -11.38205 ], [ 130.41495, -11.397 ], [ 130.41138, -11.40827 ], [ 130.41857, -11.41143 ], [ 130.41734, -11.41668 ], [ 130.4267, -11.42733 ], [ 130.41869, -11.45588 ], [ 130.4299, -11.46338 ], [ 130.43431, -11.47568 ], [ 130.43242, -11.50346 ], [ 130.45233, -11.51688 ], [ 130.46256, -11.53721 ], [ 130.47572, -11.54035 ], [ 130.4809, -11.55014 ], [ 130.48766, -11.54893 ], [ 130.49106, -11.5573 ], [ 130.49352, -11.56647 ], [ 130.48567, -11.5813 ], [ 130.48822, -11.58738 ], [ 130.47853, -11.59414 ], [ 130.47675, -11.62062 ], [ 130.49263, -11.65491 ], [ 130.51108, -11.67031 ], [ 130.53209, -11.68056 ], [ 130.54196, -11.67243 ], [ 130.55727, -11.67428 ], [ 130.56819, -11.68548 ], [ 130.57184, -11.70134 ], [ 130.58666, -11.68981 ], [ 130.58438, -11.69859 ], [ 130.59332, -11.70524 ], [ 130.59755, -11.71721 ], [ 130.62319, -11.7245 ], [ 130.64492, -11.74972 ], [ 130.67201, -11.76278 ], [ 130.68277, -11.76113 ], [ 130.6748, -11.77203 ], [ 130.67499, -11.77604 ], [ 130.67746, -11.78519 ], [ 130.68382, -11.78917 ], [ 130.68716, -11.79653 ], [ 130.72525, -11.80275 ], [ 130.75819, -11.82446 ], [ 130.78, -11.83192 ], [ 130.8019, -11.84505 ], [ 130.82945, -11.85053 ], [ 130.84403, -11.84886 ], [ 130.86246, -11.85487 ], [ 130.88739, -11.87569 ], [ 130.8894, -11.87357 ], [ 130.89246, -11.87572 ], [ 130.91469, -11.89851 ], [ 130.92158, -11.90074 ], [ 130.92828, -11.91376 ], [ 130.93632, -11.9207 ], [ 130.93573, -11.92518 ], [ 130.94128, -11.93083 ], [ 130.93838, -11.93143 ], [ 130.9463, -11.9388 ], [ 130.95282, -11.94033 ], [ 130.97607, -11.9341 ], [ 130.9978, -11.90916 ], [ 130.99808, -11.90509 ], [ 131.01378, -11.89386 ], [ 131.01854, -11.88648 ], [ 131.03135, -11.88164 ], [ 131.04915, -11.88167 ], [ 131.0599, -11.8631 ], [ 131.08233, -11.83574 ], [ 131.10701, -11.83016 ], [ 131.14656, -11.80541 ], [ 131.16069, -11.80336 ], [ 131.18249, -11.79175 ], [ 131.20011, -11.77189 ], [ 131.2277, -11.75284 ], [ 131.23381, -11.75193 ], [ 131.25643, -11.73368 ], [ 131.2655, -11.73259 ], [ 131.28131, -11.74006 ], [ 131.28828, -11.73142 ], [ 131.28942, -11.72372 ], [ 131.33259, -11.68255 ], [ 131.34199, -11.65905 ], [ 131.35877, -11.63674 ], [ 131.37104, -11.61072 ], [ 131.37171, -11.6002 ], [ 131.38029, -11.59199 ], [ 131.38027, -11.5837 ], [ 131.38708, -11.58923 ], [ 131.4049, -11.58995 ], [ 131.42661, -11.61432 ], [ 131.43215, -11.60555 ], [ 131.44184, -11.60639 ], [ 131.44816, -11.61198 ], [ 131.46865, -11.6094 ], [ 131.473, -11.60433 ], [ 131.47097, -11.58689 ], [ 131.46014, -11.58656 ], [ 131.45608, -11.58061 ], [ 131.45626, -11.57721 ], [ 131.46444, -11.57463 ], [ 131.46566, -11.56992 ], [ 131.46253, -11.56364 ], [ 131.45667, -11.56056 ], [ 131.45538, -11.5507 ], [ 131.46145, -11.51403 ], [ 131.47183, -11.49559 ], [ 131.48363, -11.48882 ], [ 131.49842, -11.4688 ], [ 131.51179, -11.46493 ], [ 131.51507, -11.4738 ], [ 131.52746, -11.47662 ], [ 131.54369, -11.45291 ], [ 131.53731, -11.44731 ], [ 131.53669, -11.43119 ], [ 131.53313, -11.42644 ], [ 131.53747, -11.42388 ], [ 131.53814, -11.41559 ], [ 131.52297, -11.39425 ], [ 131.51739, -11.39177 ], [ 131.50959, -11.39554 ], [ 131.50378, -11.38534 ], [ 131.4959, -11.38273 ], [ 131.48913, -11.38674 ], [ 131.48356, -11.39852 ], [ 131.47408, -11.39511 ], [ 131.4656, -11.38602 ], [ 131.4642, -11.37649 ], [ 131.46979, -11.37519 ], [ 131.47152, -11.37057 ], [ 131.46203, -11.36116 ], [ 131.4565, -11.35026 ], [ 131.45637, -11.35302 ], [ 131.45435, -11.34296 ], [ 131.46335, -11.33433 ], [ 131.46269, -11.328 ], [ 131.45089, -11.31767 ], [ 131.45153, -11.32108 ], [ 131.44888, -11.31909 ], [ 131.44482, -11.31289 ], [ 131.43414, -11.31152 ], [ 131.42985, -11.30369 ], [ 131.42956, -11.29545 ], [ 131.43768, -11.29358 ], [ 131.44289, -11.2877 ], [ 131.43863, -11.28036 ], [ 131.44137, -11.27605 ], [ 131.43711, -11.26691 ], [ 131.41039, -11.25619 ], [ 131.40092, -11.25914 ], [ 131.39597, -11.26677 ], [ 131.4034, -11.2814 ], [ 131.40069, -11.29113 ], [ 131.39616, -11.29523 ], [ 131.3839, -11.29517 ], [ 131.38248, -11.29901 ], [ 131.37092, -11.28411 ], [ 131.37508, -11.26434 ], [ 131.36308, -11.26085 ], [ 131.35879, -11.25254 ], [ 131.35271, -11.24998 ], [ 131.34327, -11.24908 ], [ 131.32865, -11.2563 ], [ 131.32815, -11.26644 ], [ 131.32348, -11.27478 ], [ 131.30331, -11.27374 ], [ 131.29595, -11.26734 ], [ 131.3001, -11.25088 ], [ 131.30592, -11.24146 ], [ 131.31564, -11.23591 ], [ 131.31603, -11.22891 ], [ 131.30682, -11.21705 ], [ 131.29765, -11.21154 ], [ 131.2994, -11.20388 ], [ 131.29011, -11.20124 ], [ 131.28846, -11.19409 ], [ 131.2813, -11.19951 ], [ 131.27976, -11.19194 ], [ 131.27628, -11.18974 ], [ 131.27128, -11.19814 ], [ 131.26301, -11.19114 ], [ 131.25176, -11.19269 ], [ 131.24708, -11.21886 ], [ 131.23603, -11.22545 ], [ 131.21894, -11.22498 ], [ 131.21372, -11.23126 ], [ 131.20828, -11.23076 ], [ 131.20431, -11.23653 ], [ 131.20765, -11.2422 ], [ 131.199, -11.25365 ], [ 131.2006, -11.26205 ], [ 131.19778, -11.26954 ], [ 131.2032, -11.28453 ], [ 131.19125, -11.2965 ], [ 131.19085, -11.30263 ], [ 131.19416, -11.30603 ], [ 131.20245, -11.30151 ], [ 131.2069, -11.30229 ], [ 131.21925, -11.30849 ], [ 131.22134, -11.31482 ], [ 131.21397, -11.32761 ], [ 131.21358, -11.34054 ], [ 131.20944, -11.34383 ], [ 131.20686, -11.33911 ], [ 131.21015, -11.3175 ], [ 131.20812, -11.31112 ], [ 131.19978, -11.31275 ], [ 131.1876, -11.33489 ], [ 131.1817, -11.32469 ], [ 131.17849, -11.32558 ], [ 131.17898, -11.31914 ], [ 131.16837, -11.31344 ], [ 131.16691, -11.30779 ], [ 131.17217, -11.28635 ], [ 131.16375, -11.27807 ], [ 131.16592, -11.2661 ], [ 131.14834, -11.24986 ], [ 131.13992, -11.25625 ], [ 131.12556, -11.25413 ], [ 131.11296, -11.25889 ], [ 131.11062, -11.26324 ], [ 131.11543, -11.26603 ], [ 131.11252, -11.27902 ], [ 131.08853, -11.29903 ], [ 131.09191, -11.30405 ], [ 131.07295, -11.30348 ], [ 131.06378, -11.31205 ], [ 131.04048, -11.31861 ], [ 131.04075, -11.32691 ], [ 131.05197, -11.34196 ], [ 131.04731, -11.35344 ], [ 131.03255, -11.36723 ], [ 131.02467, -11.36759 ], [ 131.01987, -11.36055 ], [ 130.99084, -11.35502 ], [ 130.98532, -11.34345 ], [ 130.98875, -11.34001 ], [ 130.92645, -11.31818 ], [ 130.92234, -11.31279 ], [ 130.89935, -11.3093 ], [ 130.88797, -11.3161 ], [ 130.88473, -11.32621 ], [ 130.86624, -11.33777 ], [ 130.86386, -11.34408 ], [ 130.8506, -11.35105 ], [ 130.84909, -11.35475 ], [ 130.80794, -11.36455 ], [ 130.77228, -11.36438 ], [ 130.76846, -11.3727 ], [ 130.76362, -11.37501 ], [ 130.72548, -11.38364 ], [ 130.70482, -11.38496 ], [ 130.70042, -11.39399 ], [ 130.70164, -11.40058 ], [ 130.69566, -11.40828 ], [ 130.6982, -11.41743 ], [ 130.69665, -11.42661 ], [ 130.69861, -11.42183 ], [ 130.70116, -11.42469 ], [ 130.70744, -11.42095 ], [ 130.71736, -11.42264 ], [ 130.72119, -11.4198 ], [ 130.73334, -11.42688 ], [ 130.74015, -11.44247 ], [ 130.74618, -11.44183 ], [ 130.75496, -11.4472 ], [ 130.7578, -11.46156 ], [ 130.77229, -11.46718 ], [ 130.77189, -11.47056 ], [ 130.76698, -11.47229 ], [ 130.76762, -11.48607 ], [ 130.79298, -11.49434 ], [ 130.79466, -11.49979 ], [ 130.80719, -11.50866 ], [ 130.81369, -11.52051 ], [ 130.81441, -11.52572 ], [ 130.81036, -11.52737 ], [ 130.79551, -11.51107 ], [ 130.7823, -11.50873 ], [ 130.76704, -11.49822 ], [ 130.76152, -11.49793 ], [ 130.75601, -11.49115 ], [ 130.7564, -11.48065 ], [ 130.75191, -11.47792 ], [ 130.73738, -11.47703 ], [ 130.72232, -11.46974 ], [ 130.7175, -11.47227 ], [ 130.71931, -11.4832 ], [ 130.71577, -11.4895 ], [ 130.71094, -11.48869 ], [ 130.69452, -11.46383 ], [ 130.70007, -11.45474 ], [ 130.70164, -11.44111 ], [ 130.69276, -11.44702 ], [ 130.685, -11.44322 ], [ 130.68082, -11.42713 ], [ 130.65724, -11.40004 ] ] ], [ [ [ 130.61393, -11.73686 ], [ 130.61072, -11.73707 ], [ 130.60408, -11.73567 ], [ 130.5923, -11.7305 ], [ 130.58924, -11.72483 ], [ 130.58969, -11.7154 ], [ 130.58488, -11.70887 ], [ 130.57641, -11.71104 ], [ 130.56378, -11.70616 ], [ 130.55345, -11.69113 ], [ 130.54083, -11.69135 ], [ 130.53414, -11.69472 ], [ 130.51857, -11.69181 ], [ 130.49205, -11.67316 ], [ 130.46897, -11.66672 ], [ 130.46965, -11.66107 ], [ 130.4639, -11.64727 ], [ 130.46524, -11.62903 ], [ 130.46057, -11.62049 ], [ 130.46463, -11.5761 ], [ 130.45331, -11.56699 ], [ 130.44977, -11.56988 ], [ 130.42906, -11.54861 ], [ 130.42047, -11.54659 ], [ 130.41222, -11.54886 ], [ 130.41123, -11.54392 ], [ 130.40047, -11.54013 ], [ 130.39742, -11.53336 ], [ 130.38423, -11.52266 ], [ 130.38341, -11.51655 ], [ 130.37622, -11.50758 ], [ 130.38138, -11.49427 ], [ 130.37796, -11.48332 ], [ 130.38902, -11.47085 ], [ 130.39261, -11.47294 ], [ 130.39795, -11.45258 ], [ 130.40376, -11.44816 ], [ 130.39877, -11.43028 ], [ 130.40062, -11.42408 ], [ 130.39409, -11.41528 ], [ 130.38695, -11.41668 ], [ 130.38358, -11.40366 ], [ 130.37183, -11.39607 ], [ 130.36102, -11.37903 ], [ 130.35391, -11.33903 ], [ 130.33864, -11.318 ], [ 130.30564, -11.33615 ], [ 130.30296, -11.34099 ], [ 130.293, -11.34001 ], [ 130.28522, -11.34464 ], [ 130.26393, -11.34187 ], [ 130.25218, -11.3456 ], [ 130.24777, -11.35381 ], [ 130.25322, -11.37631 ], [ 130.2465, -11.39168 ], [ 130.24906, -11.39754 ], [ 130.2567, -11.39838 ], [ 130.24936, -11.40108 ], [ 130.24149, -11.39374 ], [ 130.24701, -11.3664 ], [ 130.24452, -11.36647 ], [ 130.22635, -11.41169 ], [ 130.21872, -11.4128 ], [ 130.2123, -11.41782 ], [ 130.20708, -11.41714 ], [ 130.19583, -11.42499 ], [ 130.18924, -11.42627 ], [ 130.18572, -11.42368 ], [ 130.18375, -11.42862 ], [ 130.1799, -11.42935 ], [ 130.16999, -11.46232 ], [ 130.15029, -11.47455 ], [ 130.14827, -11.48166 ], [ 130.15128, -11.49 ], [ 130.15673, -11.49096 ], [ 130.16205, -11.48714 ], [ 130.16904, -11.4882 ], [ 130.17308, -11.48324 ], [ 130.18602, -11.4846 ], [ 130.19426, -11.49444 ], [ 130.19937, -11.50874 ], [ 130.20378, -11.51105 ], [ 130.21436, -11.50987 ], [ 130.22413, -11.49768 ], [ 130.23121, -11.49686 ], [ 130.23801, -11.50437 ], [ 130.23567, -11.52014 ], [ 130.24968, -11.52706 ], [ 130.26132, -11.52657 ], [ 130.25814, -11.53107 ], [ 130.26106, -11.53847 ], [ 130.272, -11.5441 ], [ 130.26676, -11.54765 ], [ 130.26394, -11.56201 ], [ 130.25451, -11.53305 ], [ 130.23108, -11.52566 ], [ 130.22531, -11.50351 ], [ 130.21804, -11.51202 ], [ 130.19529, -11.51722 ], [ 130.19223, -11.53736 ], [ 130.18482, -11.53967 ], [ 130.17499, -11.55842 ], [ 130.18673, -11.5727 ], [ 130.19496, -11.57142 ], [ 130.20114, -11.58626 ], [ 130.19092, -11.64034 ], [ 130.19286, -11.64391 ], [ 130.21003, -11.64297 ], [ 130.21436, -11.63867 ], [ 130.22983, -11.64245 ], [ 130.23575, -11.65089 ], [ 130.23698, -11.66178 ], [ 130.25031, -11.66683 ], [ 130.25547, -11.67429 ], [ 130.26416, -11.66173 ], [ 130.25867, -11.67578 ], [ 130.24726, -11.674 ], [ 130.24631, -11.6786 ], [ 130.25225, -11.68174 ], [ 130.26073, -11.69771 ], [ 130.27634, -11.69129 ], [ 130.28325, -11.69508 ], [ 130.2939, -11.69515 ], [ 130.29845, -11.72093 ], [ 130.30324, -11.72757 ], [ 130.29525, -11.7226 ], [ 130.28504, -11.69911 ], [ 130.27567, -11.69948 ], [ 130.26853, -11.70424 ], [ 130.26827, -11.70852 ], [ 130.26183, -11.70741 ], [ 130.24968, -11.6978 ], [ 130.24402, -11.68834 ], [ 130.23957, -11.68815 ], [ 130.23352, -11.68079 ], [ 130.22957, -11.68227 ], [ 130.22849, -11.6756 ], [ 130.22048, -11.67005 ], [ 130.2076, -11.69273 ], [ 130.21179, -11.69569 ], [ 130.22238, -11.69547 ], [ 130.22611, -11.69994 ], [ 130.22591, -11.70855 ], [ 130.21865, -11.71781 ], [ 130.23445, -11.7256 ], [ 130.23418, -11.74051 ], [ 130.22576, -11.72663 ], [ 130.21043, -11.71861 ], [ 130.22272, -11.70268 ], [ 130.20426, -11.69545 ], [ 130.20411, -11.68699 ], [ 130.21073, -11.67883 ], [ 130.21457, -11.66422 ], [ 130.21112, -11.65626 ], [ 130.20232, -11.64942 ], [ 130.17185, -11.68864 ], [ 130.15957, -11.69954 ], [ 130.15805, -11.70584 ], [ 130.15116, -11.70691 ], [ 130.11873, -11.70009 ], [ 130.10694, -11.68538 ], [ 130.09398, -11.6774 ], [ 130.0906, -11.67101 ], [ 130.07633, -11.66889 ], [ 130.06902, -11.6865 ], [ 130.07197, -11.72294 ], [ 130.06206, -11.75065 ], [ 130.07355, -11.76485 ], [ 130.06717, -11.76299 ], [ 130.05689, -11.76624 ], [ 130.05373, -11.76082 ], [ 130.0439, -11.75538 ], [ 130.03879, -11.75794 ], [ 130.03345, -11.75574 ], [ 130.02053, -11.77635 ], [ 130.02469, -11.78399 ], [ 130.02395, -11.7981 ], [ 130.04951, -11.82399 ], [ 130.05565, -11.81925 ], [ 130.06551, -11.81834 ], [ 130.0846, -11.82505 ], [ 130.09907, -11.82043 ], [ 130.11869, -11.8272 ], [ 130.13129, -11.82503 ], [ 130.17501, -11.80998 ], [ 130.20296, -11.80564 ], [ 130.24298, -11.79115 ], [ 130.29573, -11.77811 ], [ 130.31348, -11.7707 ], [ 130.35779, -11.78085 ], [ 130.39231, -11.80103 ], [ 130.42383, -11.80549 ], [ 130.44416, -11.81694 ], [ 130.45642, -11.814 ], [ 130.4995, -11.82962 ], [ 130.51117, -11.83038 ], [ 130.54608, -11.8194 ], [ 130.56827, -11.82078 ], [ 130.56368, -11.81654 ], [ 130.56833, -11.8112 ], [ 130.57103, -11.81178 ], [ 130.56986, -11.81754 ], [ 130.58258, -11.82701 ], [ 130.60576, -11.82699 ], [ 130.61881, -11.80962 ], [ 130.62154, -11.7962 ], [ 130.63132, -11.78297 ], [ 130.64078, -11.76035 ], [ 130.6396, -11.75295 ], [ 130.61739, -11.73395 ], [ 130.61393, -11.73686 ] ] ], [ [ [ 130.65657, -11.32129 ], [ 130.66122, -11.32766 ], [ 130.66507, -11.32666 ], [ 130.66087, -11.31459 ], [ 130.65657, -11.32129 ] ] ], [ [ [ 130.40746, -11.42882 ], [ 130.40982, -11.42746 ], [ 130.40846, -11.42204 ], [ 130.40662, -11.42639 ], [ 130.40746, -11.42882 ] ] ], [ [ [ 130.56825, -11.36364 ], [ 130.57032, -11.36429 ], [ 130.57028, -11.36119 ], [ 130.56825, -11.36364 ] ] ] ] } },
{ "type": "Feature", "properties": { "SA2_CODE21": 702031061, "SA2_NAME21": "West Arnhem", "CHG_FLAG21": "0", "CHG_LBL21": "No change", "SA3_CODE21": "70203", "SA3_NAME21": "Daly - Tiwi - West Arnhem", "SA4_CODE21": "702", "SA4_NAME21": "Northern Territory - Outback", "GCC_CODE21": "7RNTE", "GCC_NAME21": "Rest of NT", "STE_CODE21": "7", "STE_NAME21": "Northern Territory", "AUS_CODE21": "AUS", "AUS_NAME21": "Australia", "AREASQKM21": 33509.2426, "LOCI_URI21": "http://linked.data.gov.au/dataset/asgsed3/SA2/702031061", "Group": "Total_low_ses", "Australian Catholic University": 0.0, "Avondale University": 0.0, "Bond University": 0.0, "CQUniversity": 0.0, "Charles Darwin University": 2.0, "Charles Sturt University": 0.0, "Curtin University": 0.0, "Deakin University": 0.0, "Edith Cowan University": 0.0, "Federation University Australia": 0.0, "Flinders University": 0.0, "Griffith University": 0.0, "James Cook University": 0.0, "Macquarie University": 0.0, "Monash University": 0.0, "Murdoch University": 0.0, "Queensland University of Technology": 0.0, "RMIT University": 0.0, "Southern Cross University": 0.0, "Swinburne University of Technology": 0.0, "The Australian National University": 0.0, "The University of Adelaide": 0.0, "The University of Melbourne": 0.0, "The University of New England": 0.0, "The University of Newcastle": 0.0, "The University of Notre Dame Australia": 0.0, "The University of Queensland": 0.0, "The University of Sydney": 0.0, "The University of Western Australia": 0.0, "Torrens University Australia": 0.0, "University of Canberra": 0.0, "University of Divinity": 0.0, "University of New South Wales": 0.0, "University of South Australia": 0.0, "University of Southern Queensland": 0.0, "University of Tasmania": 0.0, "University of Technology Sydney": 0.0, "University of Wollongong": 0.0, "University of the Sunshine Coast": 0.0, "Victoria University": 0.0, "Western Sydney University": 0.0, "id": 702031061, "name": "West Arnhem" }, "geometry": { "type": "MultiPolygon", "coordinates": [ [ [ [ 132.99397, -11.08828 ], [ 133.00485, -11.08803 ], [ 133.01125, -11.07333 ], [ 133.01701, -11.06795 ], [ 132.98937, -11.05452 ], [ 132.97802, -11.04414 ], [ 132.97888, -11.05473 ], [ 132.99044, -11.06694 ], [ 132.99397, -11.08828 ] ] ], [ [ [ 132.85438, -11.06048 ], [ 132.86329, -11.05794 ], [ 132.87206, -11.05991 ], [ 132.87078, -11.05593 ], [ 132.87753, -11.04796 ], [ 132.85911, -11.04516 ], [ 132.85395, -11.05229 ], [ 132.85438, -11.06048 ] ] ], [ [ [ 132.82557, -10.99911 ], [ 132.83273, -10.97399 ], [ 132.83102, -10.96732 ], [ 132.82752, -10.97277 ], [ 132.8218, -10.96682 ], [ 132.81846, -10.97313 ], [ 132.82151, -10.97673 ], [ 132.82166, -10.97098 ], [ 132.82463, -10.9777 ], [ 132.82557, -10.99911 ] ] ], [ [ [ 133.02515, -10.9101 ], [ 133.02671, -10.91277 ], [ 133.04366, -10.90674 ], [ 133.03194, -10.90649 ], [ 133.02515, -10.9101 ] ] ], [ [ [ 134.21291, -11.88987 ], [ 134.21137, -11.88937 ], [ 134.21169, -11.89186 ], [ 134.21291, -11.88987 ] ] ], [ [ [ 132.9037, -11.14342 ], [ 132.89598, -11.14032 ], [ 132.87841, -11.1472 ], [ 132.8674, -11.1443 ], [ 132.86358, -11.13999 ], [ 132.85704, -11.14803 ], [ 132.87148, -11.15535 ], [ 132.87631, -11.17077 ], [ 132.90148, -11.1601 ], [ 132.91386, -11.16583 ], [ 132.91662, -11.1703 ], [ 132.92042, -11.16967 ], [ 132.91441, -11.15879 ], [ 132.91462, -11.14328 ], [ 132.91783, -11.14049 ], [ 132.9152, -11.13997 ], [ 132.91101, -11.14336 ], [ 132.90652, -11.13997 ], [ 132.9037, -11.14342 ] ] ], [ [ [ 132.28874, -11.10479 ], [ 132.29024, -11.10107 ], [ 132.28829, -11.10197 ], [ 132.28874, -11.10479 ] ] ], [ [ [ 132.45867, -11.02824 ], [ 132.45915, -11.02248 ], [ 132.45709, -11.02383 ], [ 132.45867, -11.02824 ] ] ], [ [ [ 132.829, -11.00195 ], [ 132.82688, -11.00058 ], [ 132.81811, -11.01477 ], [ 132.81689, -11.02405 ], [ 132.82466, -11.02014 ], [ 132.82548, -11.00443 ], [ 132.829, -11.00195 ] ] ], [ [ [ 132.45473, -11.62472 ], [ 132.45947, -11.62871 ], [ 132.46384, -11.62101 ], [ 132.45116, -11.6172 ], [ 132.44841, -11.62309 ], [ 132.45473, -11.62472 ] ] ], [ [ [ 132.73051, -11.29632 ], [ 132.73275, -11.28489 ], [ 132.71957, -11.28458 ], [ 132.7198, -11.28972 ], [ 132.73051, -11.29632 ] ] ], [ [ [ 132.78503, -11.31664 ], [ 132.78575, -11.3161 ], [ 132.78228, -11.31612 ], [ 132.78503, -11.31664 ] ] ], [ [ [ 131.95111, -11.48397 ], [ 131.9594, -11.48871 ], [ 131.96497, -11.48443 ], [ 131.96238, -11.47796 ], [ 131.95517, -11.47304 ], [ 131.94876, -11.47392 ], [ 131.95111, -11.48397 ] ] ], [ [ [ 134.17179, -12.11307 ], [ 134.18502, -12.09721 ], [ 134.18241, -12.0871 ], [ 134.17258, -12.09012 ], [ 134.16483, -12.10126 ], [ 134.17179, -12.11307 ] ] ], [ [ [ 134.20813, -11.96233 ], [ 134.21748, -11.964 ], [ 134.22218, -11.9594 ], [ 134.22258, -11.95413 ], [ 134.21399, -11.95346 ], [ 134.20813, -11.96233 ] ] ], [ [ [ 134.66833, -11.9179 ], [ 134.66694, -11.91723 ], [ 134.66671, -11.91756 ], [ 134.66833, -11.9179 ] ] ], [ [ [ 132.11115, -11.61162 ], [ 132.11405, -11.62432 ], [ 132.13265, -11.62808 ], [ 132.14105, -11.62216 ], [ 132.14385, -11.61258 ], [ 132.14977, -11.60901 ], [ 132.14884, -11.60321 ], [ 132.1388, -11.59042 ], [ 132.13544, -11.56914 ], [ 132.13059, -11.5652 ], [ 132.12279, -11.56489 ], [ 132.11409, -11.57619 ], [ 132.12053, -11.582 ], [ 132.12151, -11.5929 ], [ 132.11666, -11.60598 ], [ 132.11115, -11.61162 ] ] ], [ [ [ 132.29985, -11.59333 ], [ 132.31424, -11.60024 ], [ 132.31882, -11.59871 ], [ 132.31711, -11.59343 ], [ 132.32492, -11.58175 ], [ 132.32218, -11.57538 ], [ 132.30441, -11.56366 ], [ 132.29634, -11.58565 ], [ 132.29985, -11.59333 ] ] ], [ [ [ 132.3316, -11.53769 ], [ 132.33818, -11.54057 ], [ 132.34015, -11.52378 ], [ 132.33612, -11.51481 ], [ 132.33522, -11.51523 ], [ 132.33609, -11.52802 ], [ 132.3316, -11.53769 ] ] ], [ [ [ 132.16907, -11.58726 ], [ 132.17534, -11.5858 ], [ 132.17203, -11.57721 ], [ 132.16826, -11.5795 ], [ 132.16907, -11.58726 ] ] ], [ [ [ 132.15499, -11.56137 ], [ 132.15262, -11.56573 ], [ 132.15377, -11.57214 ], [ 132.15532, -11.57178 ], [ 132.15499, -11.56137 ] ] ], [ [ [ 132.15662, -11.54128 ], [ 132.15552, -11.54051 ], [ 132.1554, -11.54143 ], [ 132.15662, -11.54128 ] ] ], [ [ [ 133.35952, -11.63693 ], [ 133.36469, -11.64715 ], [ 133.35809, -11.66594 ], [ 133.36625, -11.67276 ], [ 133.3691, -11.68211 ], [ 133.3893, -11.67165 ], [ 133.39463, -11.67466 ], [ 133.4017, -11.66157 ], [ 133.40116, -11.65761 ], [ 133.39655, -11.65596 ], [ 133.38615, -11.64159 ], [ 133.3876, -11.63432 ], [ 133.39809, -11.63541 ], [ 133.41361, -11.62568 ], [ 133.42054, -11.64627 ], [ 133.42635, -11.62965 ], [ 133.43931, -11.62728 ], [ 133.44634, -11.61799 ], [ 133.47356, -11.6203 ], [ 133.47883, -11.62397 ], [ 133.48144, -11.61899 ], [ 133.47271, -11.59584 ], [ 133.46563, -11.59222 ], [ 133.46181, -11.59556 ], [ 133.45359, -11.59253 ], [ 133.44697, -11.59483 ], [ 133.43369, -11.58744 ], [ 133.40807, -11.58524 ], [ 133.39217, -11.60435 ], [ 133.37373, -11.61526 ], [ 133.34837, -11.62417 ], [ 133.35195, -11.63379 ], [ 133.35952, -11.63693 ] ] ], [ [ [ 133.39109, -11.49542 ], [ 133.39936, -11.50187 ], [ 133.40125, -11.50758 ], [ 133.39841, -11.52291 ], [ 133.38239, -11.54414 ], [ 133.38485, -11.54773 ], [ 133.40255, -11.52982 ], [ 133.41648, -11.5274 ], [ 133.42426, -11.51237 ], [ 133.43597, -11.5063 ], [ 133.44677, -11.50994 ], [ 133.45284, -11.51648 ], [ 133.47381, -11.51556 ], [ 133.49084, -11.52021 ], [ 133.49251, -11.51501 ], [ 133.49129, -11.50459 ], [ 133.48122, -11.49737 ], [ 133.47437, -11.47179 ], [ 133.46676, -11.46472 ], [ 133.4538, -11.47065 ], [ 133.44761, -11.47957 ], [ 133.42477, -11.49046 ], [ 133.39097, -11.4887 ], [ 133.39109, -11.49542 ] ] ], [ [ [ 132.78094, -11.39067 ], [ 132.78804, -11.38871 ], [ 132.79809, -11.39558 ], [ 132.80079, -11.39505 ], [ 132.79763, -11.39252 ], [ 132.80299, -11.38877 ], [ 132.79695, -11.38726 ], [ 132.77871, -11.37314 ], [ 132.77497, -11.37881 ], [ 132.77859, -11.38089 ], [ 132.78094, -11.39067 ] ] ], [ [ [ 133.32066, -11.66713 ], [ 133.32235, -11.66074 ], [ 133.3158, -11.65924 ], [ 133.31339, -11.66622 ], [ 133.32066, -11.66713 ] ] ], [ [ [ 132.7249, -11.4777 ], [ 132.7268, -11.47375 ], [ 132.72334, -11.47329 ], [ 132.72305, -11.47481 ], [ 132.7249, -11.4777 ] ] ], [ [ [ 132.55009, -11.61134 ], [ 132.56659, -11.61825 ], [ 132.5979, -11.64128 ], [ 132.59718, -11.65418 ], [ 132.58554, -11.65805 ], [ 132.57472, -11.65555 ], [ 132.55641, -11.63654 ], [ 132.5334, -11.63896 ], [ 132.50575, -11.6367 ], [ 132.50105, -11.64686 ], [ 132.50052, -11.68176 ], [ 132.51906, -11.68762 ], [ 132.53075, -11.70941 ], [ 132.54423, -11.71999 ], [ 132.59283, -11.72999 ], [ 132.62535, -11.72403 ], [ 132.63426, -11.7183 ], [ 132.64485, -11.728 ], [ 132.62344, -11.74695 ], [ 132.61977, -11.75879 ], [ 132.59657, -11.7682 ], [ 132.58981, -11.77388 ], [ 132.59016, -11.7778 ], [ 132.58289, -11.78044 ], [ 132.58046, -11.78752 ], [ 132.59647, -11.80598 ], [ 132.60629, -11.8091 ], [ 132.61887, -11.80833 ], [ 132.63618, -11.82113 ], [ 132.64923, -11.85891 ], [ 132.64558, -11.87385 ], [ 132.65533, -11.8898 ], [ 132.6438, -11.89617 ], [ 132.64156, -11.90065 ], [ 132.63826, -11.94519 ], [ 132.61876, -12.01507 ], [ 132.62567, -12.05443 ], [ 132.62259, -12.07284 ], [ 132.62897, -12.08689 ], [ 132.57718, -12.10585 ], [ 132.60509, -12.12198 ], [ 132.65973, -12.12933 ], [ 132.68692, -12.14523 ], [ 132.6994, -12.14902 ], [ 132.75968, -12.14143 ], [ 132.76988, -12.15605 ], [ 132.78728, -12.17115 ], [ 132.78587, -12.18118 ], [ 132.77013, -12.18863 ], [ 132.77976, -12.2145 ], [ 132.78297, -12.21484 ], [ 132.78622, -12.19652 ], [ 132.79447, -12.19519 ], [ 132.80044, -12.20073 ], [ 132.80089, -12.21632 ], [ 132.82846, -12.21113 ], [ 132.83362, -12.21531 ], [ 132.83592, -12.22853 ], [ 132.8466, -12.2291 ], [ 132.85659, -12.2342 ], [ 132.86061, -12.25215 ], [ 132.8699, -12.25227 ], [ 132.87577, -12.25701 ], [ 132.87197, -12.26797 ], [ 132.8746, -12.27689 ], [ 132.88932, -12.26266 ], [ 132.88826, -12.26648 ], [ 132.8938, -12.26481 ], [ 132.89633, -12.26763 ], [ 132.90241, -12.28718 ], [ 132.91046, -12.28786 ], [ 132.92092, -12.26798 ], [ 132.92838, -12.27272 ], [ 132.92827, -12.27746 ], [ 132.93987, -12.27939 ], [ 132.94447, -12.30403 ], [ 132.95067, -12.30359 ], [ 132.95146, -12.2941 ], [ 132.95389, -12.30384 ], [ 132.95928, -12.3068 ], [ 132.95466, -12.32153 ], [ 132.96301, -12.33134 ], [ 132.97139, -12.33558 ], [ 132.97103, -12.34365 ], [ 132.98048, -12.35541 ], [ 132.97489, -12.36911 ], [ 132.97579, -12.38673 ], [ 132.97149, -12.38894 ], [ 132.97546, -12.404 ], [ 132.96766, -12.41081 ], [ 132.96906, -12.41933 ], [ 132.9658, -12.42541 ], [ 132.97297, -12.43122 ], [ 132.97271, -12.45122 ], [ 132.98262, -12.46071 ], [ 132.9856, -12.47008 ], [ 132.99925, -12.48345 ], [ 132.999, -13.12777 ], [ 134.84168, -13.13554 ], [ 134.84614, -13.11823 ], [ 134.85683, -13.09896 ], [ 134.88728, -13.07988 ], [ 134.90972, -13.04624 ], [ 134.91272, -13.02516 ], [ 134.93297, -13.00083 ], [ 134.93668, -13.00001 ], [ 134.94334, -13.00564 ], [ 134.94889, -12.99948 ], [ 134.97134, -12.9903 ], [ 135.00001, -13.00161 ], [ 135.00001, -12.88332 ], [ 134.7913, -12.88328 ], [ 134.64839, -12.87663 ], [ 134.65508, -12.86458 ], [ 134.65181, -12.86009 ], [ 134.6557, -12.8561 ], [ 134.65093, -12.85142 ], [ 134.65482, -12.84751 ], [ 134.6554, -12.8353 ], [ 134.6692, -12.81902 ], [ 134.66673, -12.81361 ], [ 134.66996, -12.80621 ], [ 134.6648, -12.78966 ], [ 134.66844, -12.77075 ], [ 134.68135, -12.74679 ], [ 134.69623, -12.72992 ], [ 134.693, -12.72084 ], [ 134.69728, -12.70116 ], [ 134.70895, -12.68991 ], [ 134.71347, -12.66693 ], [ 134.72028, -12.65534 ], [ 134.72907, -12.64769 ], [ 134.73952, -12.645 ], [ 134.74155, -12.64012 ], [ 134.74683, -12.63951 ], [ 134.75391, -12.62 ], [ 134.7624, -12.61687 ], [ 134.77137, -12.60323 ], [ 134.76832, -12.59681 ], [ 134.77273, -12.58897 ], [ 134.77062, -12.58402 ], [ 134.76639, -12.58379 ], [ 134.7702, -12.57588 ], [ 134.7674, -12.57161 ], [ 134.77365, -12.56566 ], [ 134.7719, -12.54712 ], [ 134.76668, -12.53514 ], [ 134.76668, -12.23332 ], [ 134.80584, -12.16999 ], [ 134.8064, -12.10888 ], [ 134.76489, -12.08791 ], [ 134.76428, -11.9955 ], [ 134.77058, -11.9798 ], [ 134.7664, -11.97036 ], [ 134.77313, -11.96293 ], [ 134.77143, -11.95826 ], [ 134.75959, -11.95136 ], [ 134.7462, -11.94917 ], [ 134.74333, -11.95867 ], [ 134.72029, -11.95979 ], [ 134.70877, -11.96639 ], [ 134.6929, -11.96518 ], [ 134.68937, -11.96201 ], [ 134.65718, -12.01567 ], [ 134.60454, -12.05048 ], [ 134.49557, -12.07265 ], [ 134.47099, -12.07229 ], [ 134.46658, -12.06523 ], [ 134.41951, -12.06594 ], [ 134.40039, -12.05993 ], [ 134.39567, -12.0526 ], [ 134.37164, -12.04864 ], [ 134.36426, -12.04531 ], [ 134.3652, -12.04347 ], [ 134.36224, -12.04679 ], [ 134.34769, -12.03963 ], [ 134.3078, -12.01018 ], [ 134.28627, -11.98332 ], [ 134.26024, -11.98884 ], [ 134.24597, -11.98457 ], [ 134.25394, -12.01542 ], [ 134.25383, -12.03456 ], [ 134.24257, -12.03932 ], [ 134.22841, -12.03705 ], [ 134.22099, -12.04945 ], [ 134.20862, -12.0574 ], [ 134.20534, -12.06602 ], [ 134.19364, -12.07514 ], [ 134.19325, -12.09098 ], [ 134.18907, -12.10437 ], [ 134.17983, -12.11683 ], [ 134.17909, -12.12463 ], [ 134.18572, -12.13484 ], [ 134.18239, -12.13551 ], [ 134.17226, -12.12419 ], [ 134.16234, -12.10105 ], [ 134.17876, -12.07087 ], [ 134.18135, -12.05135 ], [ 134.19426, -12.02957 ], [ 134.18091, -12.01549 ], [ 134.1789, -12.0087 ], [ 134.18251, -11.99428 ], [ 134.17328, -12.00266 ], [ 134.16229, -11.99368 ], [ 134.15624, -11.99349 ], [ 134.15114, -11.98458 ], [ 134.15319, -11.96826 ], [ 134.17008, -11.97199 ], [ 134.16943, -11.96652 ], [ 134.17578, -11.96045 ], [ 134.1758, -11.95617 ], [ 134.16792, -11.95534 ], [ 134.1355, -11.92028 ], [ 134.13156, -11.90005 ], [ 134.12084, -11.89669 ], [ 134.12229, -11.90641 ], [ 134.11594, -11.90966 ], [ 134.10988, -11.90816 ], [ 134.10391, -11.91374 ], [ 134.10217, -11.92437 ], [ 134.09589, -11.92842 ], [ 134.08563, -11.92676 ], [ 134.07582, -11.93651 ], [ 134.07225, -11.9339 ], [ 134.06887, -11.91747 ], [ 134.08081, -11.90461 ], [ 134.07564, -11.90047 ], [ 134.07874, -11.89787 ], [ 134.07048, -11.89768 ], [ 134.06356, -11.89169 ], [ 134.06154, -11.8831 ], [ 134.06531, -11.87792 ], [ 134.06429, -11.86993 ], [ 134.056, -11.86302 ], [ 134.04537, -11.86195 ], [ 134.0389, -11.8553 ], [ 134.03179, -11.8548 ], [ 134.02461, -11.8602 ], [ 134.00544, -11.86393 ], [ 134.0026, -11.87232 ], [ 133.9928, -11.88168 ], [ 133.99245, -11.88747 ], [ 133.98008, -11.89786 ], [ 133.93831, -11.91326 ], [ 133.93222, -11.91882 ], [ 133.92276, -11.91647 ], [ 133.91593, -11.92093 ], [ 133.91311, -11.9071 ], [ 133.90775, -11.90936 ], [ 133.90418, -11.90712 ], [ 133.89446, -11.91429 ], [ 133.88863, -11.91281 ], [ 133.8953, -11.91223 ], [ 133.89162, -11.9081 ], [ 133.88074, -11.91253 ], [ 133.87613, -11.90842 ], [ 133.87732, -11.90121 ], [ 133.85913, -11.87824 ], [ 133.84304, -11.88035 ], [ 133.83915, -11.87697 ], [ 133.83109, -11.85306 ], [ 133.82323, -11.84129 ], [ 133.82726, -11.83493 ], [ 133.83448, -11.83344 ], [ 133.84728, -11.81357 ], [ 133.86759, -11.80558 ], [ 133.89069, -11.81305 ], [ 133.90216, -11.80675 ], [ 133.90583, -11.78571 ], [ 133.91533, -11.77456 ], [ 133.92456, -11.76869 ], [ 133.93325, -11.77105 ], [ 133.93433, -11.77653 ], [ 133.94118, -11.77109 ], [ 133.93801, -11.76656 ], [ 133.92853, -11.76529 ], [ 133.91849, -11.74442 ], [ 133.91568, -11.74354 ], [ 133.89901, -11.75524 ], [ 133.86791, -11.75507 ], [ 133.84966, -11.74659 ], [ 133.83721, -11.72343 ], [ 133.81459, -11.73093 ], [ 133.79447, -11.72559 ], [ 133.778, -11.74076 ], [ 133.77948, -11.7552 ], [ 133.7735, -11.76271 ], [ 133.73955, -11.78313 ], [ 133.69137, -11.78367 ], [ 133.68074, -11.78107 ], [ 133.6718, -11.77462 ], [ 133.66855, -11.77602 ], [ 133.66478, -11.78028 ], [ 133.67711, -11.78339 ], [ 133.67916, -11.78916 ], [ 133.66599, -11.80453 ], [ 133.65667, -11.80938 ], [ 133.66161, -11.8119 ], [ 133.66395, -11.81934 ], [ 133.65003, -11.82622 ], [ 133.63869, -11.82611 ], [ 133.6307, -11.83714 ], [ 133.6235, -11.8351 ], [ 133.62128, -11.83878 ], [ 133.61401, -11.83842 ], [ 133.61118, -11.84334 ], [ 133.60419, -11.83945 ], [ 133.59859, -11.83291 ], [ 133.60723, -11.81739 ], [ 133.60496, -11.81109 ], [ 133.56339, -11.80844 ], [ 133.55485, -11.82135 ], [ 133.55521, -11.82581 ], [ 133.55024, -11.82763 ], [ 133.54255, -11.82509 ], [ 133.53586, -11.85001 ], [ 133.53083, -11.85464 ], [ 133.53139, -11.86165 ], [ 133.52633, -11.87112 ], [ 133.51769, -11.87704 ], [ 133.51398, -11.87246 ], [ 133.5131, -11.86322 ], [ 133.51894, -11.86066 ], [ 133.52097, -11.85258 ], [ 133.52936, -11.8424 ], [ 133.52734, -11.83929 ], [ 133.5295, -11.83322 ], [ 133.52439, -11.82223 ], [ 133.52561, -11.81713 ], [ 133.53266, -11.81105 ], [ 133.53464, -11.80026 ], [ 133.52901, -11.79177 ], [ 133.53969, -11.77045 ], [ 133.53435, -11.76099 ], [ 133.52674, -11.76274 ], [ 133.50153, -11.78204 ], [ 133.47962, -11.78198 ], [ 133.47732, -11.79049 ], [ 133.46172, -11.802 ], [ 133.45621, -11.80247 ], [ 133.44692, -11.79054 ], [ 133.44956, -11.78209 ], [ 133.44759, -11.77915 ], [ 133.43694, -11.7747 ], [ 133.40855, -11.78029 ], [ 133.39816, -11.76857 ], [ 133.39794, -11.75767 ], [ 133.41424, -11.75803 ], [ 133.40946, -11.74743 ], [ 133.41528, -11.74062 ], [ 133.40189, -11.73274 ], [ 133.38972, -11.74287 ], [ 133.38892, -11.74878 ], [ 133.38294, -11.75455 ], [ 133.3686, -11.75832 ], [ 133.37597, -11.7685 ], [ 133.36959, -11.77709 ], [ 133.35726, -11.77734 ], [ 133.35244, -11.76527 ], [ 133.32288, -11.77112 ], [ 133.31652, -11.76783 ], [ 133.31045, -11.75948 ], [ 133.30738, -11.74223 ], [ 133.31648, -11.72521 ], [ 133.33445, -11.72471 ], [ 133.33994, -11.72799 ], [ 133.34472, -11.7194 ], [ 133.35358, -11.71945 ], [ 133.34995, -11.70169 ], [ 133.33987, -11.69398 ], [ 133.30293, -11.7044 ], [ 133.29507, -11.70305 ], [ 133.28359, -11.71806 ], [ 133.26222, -11.72964 ], [ 133.24926, -11.73287 ], [ 133.22895, -11.73302 ], [ 133.1912, -11.72555 ], [ 133.17043, -11.7179 ], [ 133.15284, -11.70694 ], [ 133.14411, -11.69582 ], [ 133.14465, -11.68905 ], [ 133.13165, -11.67448 ], [ 133.13046, -11.66373 ], [ 133.10562, -11.63455 ], [ 133.10252, -11.61323 ], [ 133.09289, -11.59813 ], [ 133.09385, -11.59255 ], [ 133.08077, -11.57565 ], [ 133.0709, -11.55552 ], [ 133.06899, -11.54462 ], [ 133.07601, -11.53012 ], [ 133.07565, -11.52031 ], [ 133.06985, -11.51544 ], [ 133.05918, -11.51473 ], [ 133.04606, -11.50449 ], [ 133.02137, -11.46522 ], [ 133.00724, -11.43324 ], [ 132.99719, -11.4253 ], [ 132.99316, -11.42701 ], [ 132.96888, -11.41768 ], [ 132.94949, -11.38544 ], [ 132.94564, -11.36882 ], [ 132.93402, -11.36457 ], [ 132.92526, -11.33841 ], [ 132.91827, -11.33224 ], [ 132.89804, -11.34062 ], [ 132.89045, -11.33334 ], [ 132.88638, -11.33499 ], [ 132.88426, -11.33157 ], [ 132.88143, -11.33334 ], [ 132.8724, -11.33012 ], [ 132.86506, -11.34016 ], [ 132.86549, -11.34292 ], [ 132.88046, -11.34791 ], [ 132.89027, -11.35855 ], [ 132.89314, -11.37148 ], [ 132.90234, -11.37496 ], [ 132.90921, -11.38467 ], [ 132.89988, -11.40309 ], [ 132.9042, -11.41414 ], [ 132.90307, -11.41933 ], [ 132.89575, -11.42704 ], [ 132.88293, -11.42971 ], [ 132.87362, -11.4176 ], [ 132.85847, -11.41412 ], [ 132.85727, -11.40538 ], [ 132.84896, -11.39259 ], [ 132.82359, -11.40416 ], [ 132.82376, -11.41068 ], [ 132.8271, -11.4132 ], [ 132.82573, -11.42028 ], [ 132.80792, -11.44179 ], [ 132.78457, -11.44617 ], [ 132.77845, -11.46998 ], [ 132.76622, -11.4797 ], [ 132.76791, -11.48253 ], [ 132.76434, -11.48771 ], [ 132.74762, -11.49572 ], [ 132.74725, -11.50022 ], [ 132.73523, -11.51324 ], [ 132.73414, -11.51811 ], [ 132.71815, -11.524 ], [ 132.70372, -11.52076 ], [ 132.69371, -11.51421 ], [ 132.68416, -11.5187 ], [ 132.66839, -11.51623 ], [ 132.65568, -11.50562 ], [ 132.6396, -11.48157 ], [ 132.63405, -11.46234 ], [ 132.63598, -11.44056 ], [ 132.63014, -11.42305 ], [ 132.62243, -11.41149 ], [ 132.61839, -11.40821 ], [ 132.60034, -11.4059 ], [ 132.58575, -11.39537 ], [ 132.57094, -11.3735 ], [ 132.56172, -11.37093 ], [ 132.5572, -11.36574 ], [ 132.54768, -11.34268 ], [ 132.53282, -11.33973 ], [ 132.52035, -11.34549 ], [ 132.51631, -11.34247 ], [ 132.51257, -11.33073 ], [ 132.50186, -11.33021 ], [ 132.50459, -11.31867 ], [ 132.51802, -11.31748 ], [ 132.50592, -11.31164 ], [ 132.50574, -11.30828 ], [ 132.51286, -11.30395 ], [ 132.5079, -11.29805 ], [ 132.51021, -11.29249 ], [ 132.50671, -11.29626 ], [ 132.50206, -11.29464 ], [ 132.49663, -11.30061 ], [ 132.48707, -11.30005 ], [ 132.49705, -11.28918 ], [ 132.49788, -11.28236 ], [ 132.50566, -11.28497 ], [ 132.50693, -11.27228 ], [ 132.49066, -11.26608 ], [ 132.48868, -11.26103 ], [ 132.47771, -11.25941 ], [ 132.47357, -11.24836 ], [ 132.45318, -11.22434 ], [ 132.45099, -11.21788 ], [ 132.43353, -11.2117 ], [ 132.41989, -11.22715 ], [ 132.4144, -11.23903 ], [ 132.4221, -11.24967 ], [ 132.4232, -11.26181 ], [ 132.41467, -11.27069 ], [ 132.4089, -11.26429 ], [ 132.40358, -11.26924 ], [ 132.40388, -11.28995 ], [ 132.39798, -11.30014 ], [ 132.38586, -11.29717 ], [ 132.38551, -11.28756 ], [ 132.3772, -11.29671 ], [ 132.37347, -11.29504 ], [ 132.37398, -11.28773 ], [ 132.37701, -11.28549 ], [ 132.37517, -11.28144 ], [ 132.38023, -11.27689 ], [ 132.37825, -11.2651 ], [ 132.37408, -11.26426 ], [ 132.38043, -11.24816 ], [ 132.38304, -11.20824 ], [ 132.37794, -11.2013 ], [ 132.36549, -11.19403 ], [ 132.36587, -11.18808 ], [ 132.35976, -11.17821 ], [ 132.35771, -11.15017 ], [ 132.34198, -11.13491 ], [ 132.34421, -11.12013 ], [ 132.33614, -11.11983 ], [ 132.33392, -11.11645 ], [ 132.33272, -11.12159 ], [ 132.33911, -11.12544 ], [ 132.33902, -11.1414 ], [ 132.3309, -11.15259 ], [ 132.32005, -11.15612 ], [ 132.31836, -11.16195 ], [ 132.32306, -11.16373 ], [ 132.32027, -11.16788 ], [ 132.30852, -11.17429 ], [ 132.28834, -11.16548 ], [ 132.28308, -11.1708 ], [ 132.26573, -11.17618 ], [ 132.26813, -11.191 ], [ 132.27419, -11.19496 ], [ 132.27496, -11.19935 ], [ 132.26553, -11.21466 ], [ 132.27354, -11.22112 ], [ 132.27507, -11.22889 ], [ 132.28229, -11.23253 ], [ 132.28358, -11.24074 ], [ 132.27837, -11.24589 ], [ 132.28831, -11.26338 ], [ 132.28256, -11.26729 ], [ 132.28465, -11.27201 ], [ 132.28227, -11.27487 ], [ 132.26231, -11.25962 ], [ 132.25574, -11.24058 ], [ 132.25768, -11.23416 ], [ 132.25252, -11.23405 ], [ 132.2506, -11.22205 ], [ 132.24733, -11.22414 ], [ 132.24112, -11.22007 ], [ 132.24429, -11.19777 ], [ 132.2338, -11.19815 ], [ 132.22818, -11.19468 ], [ 132.22588, -11.18832 ], [ 132.22928, -11.18343 ], [ 132.2269, -11.17967 ], [ 132.21849, -11.18528 ], [ 132.21126, -11.18364 ], [ 132.20419, -11.1716 ], [ 132.19515, -11.16382 ], [ 132.19103, -11.14768 ], [ 132.19414, -11.14343 ], [ 132.18762, -11.13111 ], [ 132.18341, -11.12847 ], [ 132.16264, -11.13039 ], [ 132.15097, -11.12383 ], [ 132.13563, -11.12236 ], [ 132.14461, -11.13433 ], [ 132.14183, -11.15491 ], [ 132.15549, -11.15612 ], [ 132.16267, -11.16134 ], [ 132.16443, -11.16792 ], [ 132.16179, -11.18495 ], [ 132.17101, -11.18635 ], [ 132.18614, -11.20453 ], [ 132.19495, -11.20761 ], [ 132.20029, -11.22447 ], [ 132.19057, -11.24112 ], [ 132.18532, -11.24329 ], [ 132.18085, -11.24141 ], [ 132.18463, -11.24719 ], [ 132.19028, -11.24723 ], [ 132.19188, -11.25852 ], [ 132.19853, -11.26797 ], [ 132.19171, -11.28124 ], [ 132.19595, -11.28589 ], [ 132.19403, -11.2966 ], [ 132.17613, -11.31376 ], [ 132.17328, -11.3235 ], [ 132.17975, -11.32004 ], [ 132.18892, -11.30484 ], [ 132.19815, -11.30162 ], [ 132.21172, -11.30826 ], [ 132.21527, -11.31561 ], [ 132.22784, -11.32184 ], [ 132.22789, -11.32841 ], [ 132.23738, -11.3401 ], [ 132.23184, -11.35105 ], [ 132.23259, -11.36379 ], [ 132.22302, -11.37043 ], [ 132.20155, -11.35824 ], [ 132.19472, -11.3507 ], [ 132.19107, -11.35185 ], [ 132.18471, -11.36231 ], [ 132.18892, -11.38051 ], [ 132.19866, -11.38077 ], [ 132.20152, -11.38414 ], [ 132.19881, -11.39805 ], [ 132.20607, -11.39752 ], [ 132.209, -11.40049 ], [ 132.20931, -11.41399 ], [ 132.2045, -11.41692 ], [ 132.19846, -11.41708 ], [ 132.19556, -11.40967 ], [ 132.18566, -11.40552 ], [ 132.17745, -11.39709 ], [ 132.18187, -11.41622 ], [ 132.17583, -11.42179 ], [ 132.17046, -11.42066 ], [ 132.16719, -11.41399 ], [ 132.17064, -11.40819 ], [ 132.16216, -11.40416 ], [ 132.15305, -11.39241 ], [ 132.15769, -11.38996 ], [ 132.15816, -11.38195 ], [ 132.1478, -11.38471 ], [ 132.14534, -11.38275 ], [ 132.14688, -11.37766 ], [ 132.1552, -11.37569 ], [ 132.15239, -11.3705 ], [ 132.15485, -11.36131 ], [ 132.14858, -11.36121 ], [ 132.14615, -11.35636 ], [ 132.1499, -11.33356 ], [ 132.15692, -11.32296 ], [ 132.14124, -11.31539 ], [ 132.13899, -11.30821 ], [ 132.14087, -11.30287 ], [ 132.13764, -11.29692 ], [ 132.12589, -11.31307 ], [ 132.12367, -11.33684 ], [ 132.12657, -11.34267 ], [ 132.12358, -11.35076 ], [ 132.12128, -11.34452 ], [ 132.11342, -11.3394 ], [ 132.10958, -11.32863 ], [ 132.10066, -11.32994 ], [ 132.10117, -11.3241 ], [ 132.10823, -11.31594 ], [ 132.10599, -11.30854 ], [ 132.10166, -11.3091 ], [ 132.09906, -11.30398 ], [ 132.10527, -11.29791 ], [ 132.10614, -11.29008 ], [ 132.11444, -11.28814 ], [ 132.11743, -11.27408 ], [ 132.11463, -11.26879 ], [ 132.10721, -11.27436 ], [ 132.1003, -11.27439 ], [ 132.09654, -11.27008 ], [ 132.09662, -11.26271 ], [ 132.10623, -11.25678 ], [ 132.10796, -11.24445 ], [ 132.11492, -11.23449 ], [ 132.11163, -11.22681 ], [ 132.11449, -11.21183 ], [ 132.11044, -11.20924 ], [ 132.10921, -11.21812 ], [ 132.09841, -11.2275 ], [ 132.1013, -11.22898 ], [ 132.09967, -11.23228 ], [ 132.08644, -11.23269 ], [ 132.07927, -11.22481 ], [ 132.08318, -11.21916 ], [ 132.07607, -11.21068 ], [ 132.07701, -11.20382 ], [ 132.08353, -11.1951 ], [ 132.07289, -11.19793 ], [ 132.06714, -11.19185 ], [ 132.07599, -11.1798 ], [ 132.06862, -11.17523 ], [ 132.0697, -11.18315 ], [ 132.06139, -11.18501 ], [ 132.06113, -11.18881 ], [ 132.05528, -11.19185 ], [ 132.05992, -11.19963 ], [ 132.05721, -11.20249 ], [ 132.05287, -11.19637 ], [ 132.05124, -11.20063 ], [ 132.04659, -11.19967 ], [ 132.04497, -11.19743 ], [ 132.04869, -11.19238 ], [ 132.043, -11.19552 ], [ 132.03819, -11.19347 ], [ 132.02989, -11.17913 ], [ 132.01787, -11.15272 ], [ 132.01837, -11.14606 ], [ 132.01135, -11.13493 ], [ 132.01189, -11.13038 ], [ 131.99425, -11.1251 ], [ 131.98165, -11.13113 ], [ 131.97354, -11.12899 ], [ 131.971, -11.13617 ], [ 131.9711, -11.14181 ], [ 131.97753, -11.14223 ], [ 131.98718, -11.15243 ], [ 131.98847, -11.17664 ], [ 131.99216, -11.17216 ], [ 131.99558, -11.17386 ], [ 131.99304, -11.17816 ], [ 131.98297, -11.18108 ], [ 131.97052, -11.17145 ], [ 131.96193, -11.17929 ], [ 131.96569, -11.18749 ], [ 131.97177, -11.1911 ], [ 131.97104, -11.2005 ], [ 131.9807, -11.20604 ], [ 131.98749, -11.21957 ], [ 131.98096, -11.23118 ], [ 131.97312, -11.23651 ], [ 131.96446, -11.23454 ], [ 131.96157, -11.23023 ], [ 131.96524, -11.24581 ], [ 131.9617, -11.2532 ], [ 131.95539, -11.24737 ], [ 131.94597, -11.24508 ], [ 131.94313, -11.24684 ], [ 131.94577, -11.25267 ], [ 131.93492, -11.25548 ], [ 131.93157, -11.26039 ], [ 131.92893, -11.25917 ], [ 131.92659, -11.2515 ], [ 131.93207, -11.24408 ], [ 131.92723, -11.23909 ], [ 131.92826, -11.2357 ], [ 131.9236, -11.23722 ], [ 131.92083, -11.23438 ], [ 131.9215, -11.23058 ], [ 131.91614, -11.22743 ], [ 131.91613, -11.21958 ], [ 131.90702, -11.22107 ], [ 131.90456, -11.21622 ], [ 131.91265, -11.20757 ], [ 131.90441, -11.20679 ], [ 131.90271, -11.19602 ], [ 131.88999, -11.18659 ], [ 131.88147, -11.18571 ], [ 131.88552, -11.18339 ], [ 131.88324, -11.18212 ], [ 131.87906, -11.18557 ], [ 131.87618, -11.19405 ], [ 131.87763, -11.20184 ], [ 131.8869, -11.20837 ], [ 131.88343, -11.21729 ], [ 131.87998, -11.21808 ], [ 131.88291, -11.22467 ], [ 131.88086, -11.2352 ], [ 131.87603, -11.23492 ], [ 131.86869, -11.21982 ], [ 131.85868, -11.22273 ], [ 131.857, -11.21966 ], [ 131.86057, -11.20954 ], [ 131.85227, -11.21374 ], [ 131.84677, -11.22424 ], [ 131.83962, -11.22741 ], [ 131.83194, -11.2244 ], [ 131.83188, -11.21686 ], [ 131.82256, -11.20698 ], [ 131.8153, -11.21292 ], [ 131.81661, -11.22183 ], [ 131.82946, -11.23325 ], [ 131.83728, -11.24808 ], [ 131.84887, -11.2535 ], [ 131.84731, -11.26246 ], [ 131.85709, -11.27359 ], [ 131.85205, -11.28144 ], [ 131.84406, -11.28527 ], [ 131.83518, -11.27987 ], [ 131.82552, -11.27958 ], [ 131.82132, -11.27241 ], [ 131.81061, -11.26606 ], [ 131.79981, -11.26763 ], [ 131.79287, -11.27095 ], [ 131.80558, -11.27901 ], [ 131.80735, -11.28561 ], [ 131.80491, -11.2949 ], [ 131.79912, -11.29871 ], [ 131.78049, -11.29188 ], [ 131.77724, -11.30139 ], [ 131.782, -11.30557 ], [ 131.77756, -11.31174 ], [ 131.77033, -11.30904 ], [ 131.7734, -11.30239 ], [ 131.75943, -11.30069 ], [ 131.76249, -11.30943 ], [ 131.76523, -11.30909 ], [ 131.76388, -11.31679 ], [ 131.76801, -11.3179 ], [ 131.77154, -11.32497 ], [ 131.77686, -11.32562 ], [ 131.8397, -11.31446 ], [ 131.85161, -11.29814 ], [ 131.86008, -11.29372 ], [ 131.88501, -11.30372 ], [ 131.89164, -11.31254 ], [ 131.90097, -11.31316 ], [ 131.9151, -11.32533 ], [ 131.93108, -11.32488 ], [ 131.93341, -11.31691 ], [ 131.94361, -11.32027 ], [ 131.94646, -11.32539 ], [ 131.92687, -11.33702 ], [ 131.92115, -11.35323 ], [ 131.91687, -11.35435 ], [ 131.91852, -11.359 ], [ 131.931, -11.36597 ], [ 131.92894, -11.35835 ], [ 131.93372, -11.35738 ], [ 131.93766, -11.35144 ], [ 131.94066, -11.34973 ], [ 131.95058, -11.35278 ], [ 131.95639, -11.3431 ], [ 131.96608, -11.34292 ], [ 131.97396, -11.34548 ], [ 131.97621, -11.35186 ], [ 131.97475, -11.35856 ], [ 131.96854, -11.35769 ], [ 131.96544, -11.36135 ], [ 131.96897, -11.36397 ], [ 131.96811, -11.36929 ], [ 131.97348, -11.37433 ], [ 131.98494, -11.37754 ], [ 131.97936, -11.38462 ], [ 131.95993, -11.38139 ], [ 131.94083, -11.39227 ], [ 131.94027, -11.39694 ], [ 131.96239, -11.41128 ], [ 131.97478, -11.40889 ], [ 131.98609, -11.40222 ], [ 131.99471, -11.40452 ], [ 131.98635, -11.42254 ], [ 131.99334, -11.4293 ], [ 132.01175, -11.43122 ], [ 132.04282, -11.42128 ], [ 132.05448, -11.43154 ], [ 132.06008, -11.4322 ], [ 132.06053, -11.43609 ], [ 132.05466, -11.44065 ], [ 132.05974, -11.44385 ], [ 132.05927, -11.44715 ], [ 132.04907, -11.45973 ], [ 132.03598, -11.4566 ], [ 132.03122, -11.45993 ], [ 132.03482, -11.483 ], [ 132.04189, -11.4914 ], [ 132.05666, -11.49753 ], [ 132.06122, -11.50814 ], [ 132.05941, -11.51375 ], [ 132.0661, -11.52384 ], [ 132.08345, -11.53145 ], [ 132.10626, -11.53135 ], [ 132.11589, -11.54045 ], [ 132.12368, -11.52681 ], [ 132.11569, -11.51718 ], [ 132.1193, -11.51885 ], [ 132.11862, -11.51622 ], [ 132.12912, -11.51565 ], [ 132.13246, -11.52218 ], [ 132.13906, -11.52182 ], [ 132.15026, -11.51184 ], [ 132.14974, -11.50343 ], [ 132.16242, -11.50031 ], [ 132.17262, -11.49005 ], [ 132.1821, -11.49263 ], [ 132.19493, -11.49081 ], [ 132.21108, -11.46977 ], [ 132.23789, -11.45597 ], [ 132.25308, -11.45569 ], [ 132.27263, -11.46337 ], [ 132.28105, -11.46203 ], [ 132.28926, -11.46542 ], [ 132.29669, -11.46289 ], [ 132.30393, -11.46566 ], [ 132.34148, -11.44551 ], [ 132.35504, -11.44136 ], [ 132.40173, -11.45495 ], [ 132.42902, -11.45194 ], [ 132.457, -11.45728 ], [ 132.48424, -11.48559 ], [ 132.49734, -11.48143 ], [ 132.51114, -11.47025 ], [ 132.52698, -11.46872 ], [ 132.52908, -11.47199 ], [ 132.51315, -11.4783 ], [ 132.4986, -11.4894 ], [ 132.49571, -11.49844 ], [ 132.49904, -11.50843 ], [ 132.51301, -11.51989 ], [ 132.52141, -11.52223 ], [ 132.52785, -11.51841 ], [ 132.53058, -11.52155 ], [ 132.52829, -11.53326 ], [ 132.52389, -11.53793 ], [ 132.52618, -11.54705 ], [ 132.53838, -11.55469 ], [ 132.5547, -11.55543 ], [ 132.5555, -11.55944 ], [ 132.54692, -11.57092 ], [ 132.54912, -11.57421 ], [ 132.53561, -11.58155 ], [ 132.55009, -11.61134 ] ] ], [ [ [ 132.58566, -11.1443 ], [ 132.5905, -11.13942 ], [ 132.59684, -11.14523 ], [ 132.60307, -11.14339 ], [ 132.61389, -11.12883 ], [ 132.60315, -11.12019 ], [ 132.60403, -11.10647 ], [ 132.59692, -11.08858 ], [ 132.59811, -11.07683 ], [ 132.58729, -11.05782 ], [ 132.58589, -11.02917 ], [ 132.5796, -11.01205 ], [ 132.58317, -10.99087 ], [ 132.58734, -10.98714 ], [ 132.59048, -10.98969 ], [ 132.59292, -10.97908 ], [ 132.59761, -10.9775 ], [ 132.59488, -10.97015 ], [ 132.58682, -10.97458 ], [ 132.56955, -10.97391 ], [ 132.56462, -10.97939 ], [ 132.56407, -10.98574 ], [ 132.55684, -10.99691 ], [ 132.56198, -11.00671 ], [ 132.55964, -11.01573 ], [ 132.56192, -11.02708 ], [ 132.54824, -11.04172 ], [ 132.54257, -11.04439 ], [ 132.53434, -11.04274 ], [ 132.53305, -11.04518 ], [ 132.5276, -11.04286 ], [ 132.5213, -11.05409 ], [ 132.51388, -11.05386 ], [ 132.50282, -11.05876 ], [ 132.49701, -11.05713 ], [ 132.49164, -11.05032 ], [ 132.48408, -11.04873 ], [ 132.46786, -11.03277 ], [ 132.46248, -11.03349 ], [ 132.4621, -11.03869 ], [ 132.46892, -11.04351 ], [ 132.47076, -11.05909 ], [ 132.47841, -11.06354 ], [ 132.48541, -11.07867 ], [ 132.48958, -11.07978 ], [ 132.494, -11.07646 ], [ 132.50265, -11.08543 ], [ 132.50865, -11.08228 ], [ 132.51347, -11.09089 ], [ 132.50923, -11.11753 ], [ 132.5045, -11.12545 ], [ 132.51159, -11.13061 ], [ 132.50815, -11.14191 ], [ 132.49399, -11.15541 ], [ 132.48518, -11.15653 ], [ 132.48266, -11.15026 ], [ 132.47723, -11.14924 ], [ 132.46962, -11.15396 ], [ 132.47018, -11.15807 ], [ 132.47769, -11.1596 ], [ 132.48575, -11.17377 ], [ 132.49029, -11.1751 ], [ 132.49931, -11.19345 ], [ 132.50068, -11.20495 ], [ 132.5114, -11.21188 ], [ 132.51864, -11.22544 ], [ 132.5278, -11.23371 ], [ 132.53078, -11.24436 ], [ 132.539, -11.24572 ], [ 132.54286, -11.25107 ], [ 132.54539, -11.2757 ], [ 132.54967, -11.28458 ], [ 132.54843, -11.29292 ], [ 132.55165, -11.29559 ], [ 132.55644, -11.31358 ], [ 132.5657, -11.32889 ], [ 132.57948, -11.33171 ], [ 132.58542, -11.33756 ], [ 132.58761, -11.34425 ], [ 132.58545, -11.35405 ], [ 132.58833, -11.35656 ], [ 132.59294, -11.34522 ], [ 132.59147, -11.33507 ], [ 132.60013, -11.30033 ], [ 132.6085, -11.29568 ], [ 132.61023, -11.28746 ], [ 132.61963, -11.28683 ], [ 132.61581, -11.24189 ], [ 132.61975, -11.2318 ], [ 132.61569, -11.23166 ], [ 132.61306, -11.22366 ], [ 132.60479, -11.21979 ], [ 132.6033, -11.20227 ], [ 132.61561, -11.18643 ], [ 132.63154, -11.18683 ], [ 132.62465, -11.17729 ], [ 132.62523, -11.17333 ], [ 132.62024, -11.1721 ], [ 132.6167, -11.1756 ], [ 132.60016, -11.17053 ], [ 132.60148, -11.17597 ], [ 132.59535, -11.17965 ], [ 132.58659, -11.17634 ], [ 132.58025, -11.16222 ], [ 132.58566, -11.1443 ] ] ], [ [ [ 132.65078, -11.20461 ], [ 132.64271, -11.21029 ], [ 132.64802, -11.21332 ], [ 132.65625, -11.20779 ], [ 132.66116, -11.21174 ], [ 132.66861, -11.19998 ], [ 132.67498, -11.19958 ], [ 132.67706, -11.19408 ], [ 132.68139, -11.19383 ], [ 132.68243, -11.18853 ], [ 132.6717, -11.18405 ], [ 132.66191, -11.1867 ], [ 132.65306, -11.19378 ], [ 132.65078, -11.20461 ] ] ], [ [ [ 132.18932, -11.11991 ], [ 132.19101, -11.11677 ], [ 132.19027, -11.1153 ], [ 132.1886, -11.11732 ], [ 132.18932, -11.11991 ] ] ] ] } },
{ "type": "Feature", "properties": { "SA2_CODE21": 702041062, "SA2_NAME21": "Anindilyakwa", "CHG_FLAG21": "0", "CHG_LBL21": "No change", "SA3_CODE21": "70204", "SA3_NAME21": "East Arnhem", "SA4_CODE21": "702", "SA4_NAME21": "Northern Territory - Outback", "GCC_CODE21": "7RNTE", "GCC_NAME21": "Rest of NT", "STE_CODE21": "7", "STE_NAME21": "Northern Territory", "AUS_CODE21": "AUS", "AUS_NAME21": "Australia", "AREASQKM21": 2609.0396, "LOCI_URI21": "http://linked.data.gov.au/dataset/asgsed3/SA2/702041062", "Group": "Total_low_ses", "Australian Catholic University": 0.0, "Avondale University": 0.0, "Bond University": 0.0, "CQUniversity": 0.0, "Charles Darwin University": 0.0, "Charles Sturt University": 0.0, "Curtin University": 0.0, "Deakin University": 0.0, "Edith Cowan University": 0.0, "Federation University Australia": 0.0, "Flinders University": 0.0, "Griffith University": 0.0, "James Cook University": 0.0, "Macquarie University": 0.0, "Monash University": 0.0, "Murdoch University": 0.0, "Queensland University of Technology": 0.0, "RMIT University": 0.0, "Southern Cross University": 0.0, "Swinburne University of Technology": 0.0, "The Australian National University": 0.0, "The University of Adelaide": 0.0, "The University of Melbourne": 0.0, "The University of New England": 0.0, "The University of Newcastle": 0.0, "The University of Notre Dame Australia": 0.0, "The University of Queensland": 0.0, "The University of Sydney": 0.0, "The University of Western Australia": 0.0, "Torrens University Australia": 0.0, "University of Canberra": 0.0, "University of Divinity": 0.0, "University of New South Wales": 0.0, "University of South Australia": 0.0, "University of Southern Queensland": 0.0, "University of Tasmania": 0.0, "University of Technology Sydney": 0.0, "University of Wollongong": 0.0, "University of the Sunshine Coast": 0.0, "Victoria University": 0.0, "Western Sydney University": 0.0, "id": 702041062, "name": "Anindilyakwa" }, "geometry": { "type": "MultiPolygon", "coordinates": [ [ [ [ 136.95188, -14.35374 ], [ 136.95281, -14.3527 ], [ 136.95288, -14.34864 ], [ 136.95105, -14.34865 ], [ 136.95084, -14.35001 ], [ 136.94774, -14.35124 ], [ 136.94782, -14.35307 ], [ 136.94904, -14.35273 ], [ 136.95188, -14.35374 ] ] ], [ [ [ 136.93006, -14.3524 ], [ 136.93554, -14.34894 ], [ 136.9404, -14.35096 ], [ 136.94173, -14.3509 ], [ 136.94234, -14.35024 ], [ 136.94016, -14.34983 ], [ 136.93305, -14.34458 ], [ 136.92905, -14.35047 ], [ 136.9289, -14.35192 ], [ 136.93006, -14.3524 ] ] ], [ [ [ 136.26917, -13.59703 ], [ 136.27244, -13.59712 ], [ 136.27465, -13.59538 ], [ 136.27553, -13.59385 ], [ 136.27558, -13.59212 ], [ 136.27329, -13.59093 ], [ 136.2728, -13.59186 ], [ 136.27125, -13.5916 ], [ 136.27076, -13.59247 ], [ 136.27114, -13.59057 ], [ 136.27064, -13.59041 ], [ 136.26969, -13.59112 ], [ 136.27009, -13.59236 ], [ 136.26855, -13.59508 ], [ 136.26917, -13.59703 ] ] ], [ [ [ 136.3201, -13.59188 ], [ 136.32172, -13.59285 ], [ 136.3236, -13.59105 ], [ 136.32247, -13.58894 ], [ 136.32097, -13.58781 ], [ 136.31919, -13.5875 ], [ 136.31853, -13.58782 ], [ 136.3176, -13.59108 ], [ 136.31777, -13.59157 ], [ 136.3201, -13.59188 ] ] ], [ [ [ 136.23346, -13.58631 ], [ 136.23369, -13.58793 ], [ 136.23559, -13.59074 ], [ 136.23533, -13.59237 ], [ 136.23455, -13.59265 ], [ 136.2336, -13.59249 ], [ 136.23304, -13.5901 ], [ 136.23037, -13.58979 ], [ 136.22713, -13.58677 ], [ 136.22132, -13.58637 ], [ 136.21982, -13.58724 ], [ 136.21967, -13.58871 ], [ 136.22117, -13.58908 ], [ 136.22306, -13.59119 ], [ 136.22565, -13.6005 ], [ 136.23015, -13.60064 ], [ 136.23198, -13.60188 ], [ 136.23415, -13.60192 ], [ 136.23592, -13.60284 ], [ 136.23853, -13.60223 ], [ 136.24108, -13.60037 ], [ 136.24241, -13.60068 ], [ 136.24673, -13.59936 ], [ 136.24772, -13.59958 ], [ 136.24673, -13.59888 ], [ 136.2466, -13.59747 ], [ 136.24875, -13.59523 ], [ 136.24724, -13.5928 ], [ 136.24785, -13.59182 ], [ 136.24674, -13.59036 ], [ 136.24711, -13.58889 ], [ 136.24555, -13.58744 ], [ 136.24564, -13.58418 ], [ 136.24427, -13.58463 ], [ 136.24254, -13.58393 ], [ 136.24231, -13.58252 ], [ 136.23994, -13.5827 ], [ 136.23903, -13.58221 ], [ 136.23836, -13.58107 ], [ 136.2387, -13.58021 ], [ 136.23809, -13.57983 ], [ 136.23835, -13.57804 ], [ 136.23447, -13.57724 ], [ 136.23276, -13.5792 ], [ 136.23244, -13.58393 ], [ 136.23179, -13.5855 ], [ 136.23346, -13.58631 ] ] ], [ [ [ 136.82099, -14.3376 ], [ 136.8221, -14.33791 ], [ 136.82293, -14.33709 ], [ 136.82303, -14.33579 ], [ 136.8202, -14.32926 ], [ 136.81942, -14.3286 ], [ 136.81753, -14.32878 ], [ 136.82041, -14.33414 ], [ 136.82099, -14.3376 ] ] ], [ [ [ 136.97258, -14.26063 ], [ 136.97518, -14.25856 ], [ 136.9774, -14.25859 ], [ 136.97858, -14.25934 ], [ 136.98203, -14.25985 ], [ 136.98261, -14.26126 ], [ 136.98332, -14.26071 ], [ 136.98377, -14.26114 ], [ 136.98378, -14.26244 ], [ 136.98499, -14.26031 ], [ 136.98361, -14.25691 ], [ 136.98284, -14.25681 ], [ 136.98296, -14.25768 ], [ 136.9814, -14.25732 ], [ 136.98027, -14.25531 ], [ 136.97586, -14.25427 ], [ 136.97498, -14.25432 ], [ 136.97338, -14.2558 ], [ 136.97301, -14.25831 ], [ 136.97075, -14.26017 ], [ 136.97258, -14.26063 ] ] ], [ [ [ 136.08578, -13.81292 ], [ 136.08903, -13.80887 ], [ 136.08811, -13.80887 ], [ 136.08567, -13.81123 ], [ 136.08578, -13.81292 ] ] ], [ [ [ 136.92947, -13.63947 ], [ 136.92607, -13.64405 ], [ 136.92676, -13.64654 ], [ 136.9277, -13.64714 ], [ 136.93114, -13.64505 ], [ 136.93356, -13.64471 ], [ 136.93446, -13.64621 ], [ 136.93546, -13.64502 ], [ 136.93756, -13.64516 ], [ 136.93828, -13.64402 ], [ 136.94165, -13.64312 ], [ 136.94365, -13.64354 ], [ 136.94434, -13.64625 ], [ 136.94572, -13.64705 ], [ 136.94688, -13.64606 ], [ 136.94681, -13.64351 ], [ 136.94958, -13.64317 ], [ 136.95053, -13.64371 ], [ 136.9511, -13.6455 ], [ 136.95052, -13.64892 ], [ 136.95151, -13.64906 ], [ 136.95254, -13.64733 ], [ 136.95264, -13.64478 ], [ 136.95348, -13.64461 ], [ 136.95213, -13.64304 ], [ 136.95511, -13.64151 ], [ 136.95558, -13.63884 ], [ 136.95692, -13.6391 ], [ 136.95729, -13.63726 ], [ 136.95651, -13.63623 ], [ 136.95749, -13.63357 ], [ 136.95837, -13.63334 ], [ 136.9583, -13.63144 ], [ 136.95979, -13.63029 ], [ 136.96016, -13.62883 ], [ 136.96144, -13.62865 ], [ 136.96227, -13.62757 ], [ 136.96365, -13.62831 ], [ 136.96074, -13.6246 ], [ 136.9602, -13.6265 ], [ 136.95853, -13.62565 ], [ 136.95744, -13.62788 ], [ 136.9545, -13.62691 ], [ 136.95013, -13.6295 ], [ 136.94917, -13.63401 ], [ 136.94635, -13.6348 ], [ 136.94574, -13.63556 ], [ 136.94157, -13.63363 ], [ 136.9337, -13.63407 ], [ 136.93277, -13.63561 ], [ 136.9288, -13.63758 ], [ 136.92964, -13.63834 ], [ 136.92947, -13.63947 ] ] ], [ [ [ 136.39915, -13.6301 ], [ 136.40296, -13.6317 ], [ 136.41255, -13.63229 ], [ 136.41601, -13.63365 ], [ 136.41948, -13.6331 ], [ 136.42006, -13.63242 ], [ 136.41914, -13.63061 ], [ 136.41835, -13.62361 ], [ 136.41708, -13.62179 ], [ 136.4098, -13.62324 ], [ 136.40634, -13.62244 ], [ 136.40518, -13.62154 ], [ 136.40078, -13.62079 ], [ 136.40168, -13.62158 ], [ 136.39918, -13.62186 ], [ 136.39848, -13.62253 ], [ 136.39673, -13.62784 ], [ 136.39915, -13.6301 ] ] ], [ [ [ 136.79168, -14.09824 ], [ 136.79369, -14.10039 ], [ 136.79453, -14.10002 ], [ 136.79499, -14.09442 ], [ 136.79361, -14.09026 ], [ 136.79273, -14.09107 ], [ 136.79248, -14.09466 ], [ 136.79029, -14.09745 ], [ 136.79119, -14.09852 ], [ 136.79168, -14.09824 ] ] ], [ [ [ 136.28944, -13.78552 ], [ 136.29072, -13.78606 ], [ 136.29221, -13.7841 ], [ 136.29264, -13.78193 ], [ 136.29047, -13.78286 ], [ 136.28887, -13.78254 ], [ 136.28837, -13.78335 ], [ 136.28937, -13.784 ], [ 136.28944, -13.78552 ] ] ], [ [ [ 136.95818, -14.2215 ], [ 136.95708, -14.22291 ], [ 136.95542, -14.22332 ], [ 136.9576, -14.22481 ], [ 136.95784, -14.22768 ], [ 136.95948, -14.2286 ], [ 136.96234, -14.22732 ], [ 136.96273, -14.22581 ], [ 136.96388, -14.22584 ], [ 136.9646, -14.22433 ], [ 136.96236, -14.22169 ], [ 136.96274, -14.2213 ], [ 136.9619, -14.21995 ], [ 136.96134, -14.21979 ], [ 136.96118, -14.22044 ], [ 136.95761, -14.2189 ], [ 136.95746, -14.2209 ], [ 136.95818, -14.2215 ] ] ], [ [ [ 136.95639, -14.29666 ], [ 136.95952, -14.29951 ], [ 136.9636, -14.30035 ], [ 136.96312, -14.29813 ], [ 136.96122, -14.29467 ], [ 136.96031, -14.29408 ], [ 136.95932, -14.29534 ], [ 136.95865, -14.29507 ], [ 136.95832, -14.29421 ], [ 136.95885, -14.29279 ], [ 136.9583, -14.29204 ], [ 136.95504, -14.29396 ], [ 136.95465, -14.29592 ], [ 136.95639, -14.29666 ] ] ], [ [ [ 136.96741, -14.24625 ], [ 136.96991, -14.24618 ], [ 136.9715, -14.2446 ], [ 136.96932, -14.24277 ], [ 136.96909, -14.24109 ], [ 136.96797, -14.24066 ], [ 136.96442, -14.24189 ], [ 136.96244, -14.24386 ], [ 136.9655, -14.24432 ], [ 136.96741, -14.24625 ] ] ], [ [ [ 136.66022, -14.31155 ], [ 136.66099, -14.31024 ], [ 136.66001, -14.30645 ], [ 136.65934, -14.30494 ], [ 136.65749, -14.30409 ], [ 136.65763, -14.30718 ], [ 136.65893, -14.3102 ], [ 136.66022, -14.31155 ] ] ], [ [ [ 136.29341, -13.70505 ], [ 136.29781, -13.70439 ], [ 136.29836, -13.70346 ], [ 136.29798, -13.70238 ], [ 136.29593, -13.7038 ], [ 136.29377, -13.7043 ], [ 136.29341, -13.70505 ] ] ], [ [ [ 136.30025, -13.70486 ], [ 136.30192, -13.70377 ], [ 136.30025, -13.70215 ], [ 136.29937, -13.70389 ], [ 136.30025, -13.70486 ] ] ], [ [ [ 136.4227, -13.86111 ], [ 136.42718, -13.8676 ], [ 136.42903, -13.8693 ], [ 136.4334, -13.87767 ], [ 136.43512, -13.88355 ], [ 136.43614, -13.89349 ], [ 136.43334, -13.90399 ], [ 136.43286, -13.9085 ], [ 136.4317, -13.91133 ], [ 136.42729, -13.91798 ], [ 136.42682, -13.91978 ], [ 136.42715, -13.92758 ], [ 136.42563, -13.93424 ], [ 136.42249, -13.93943 ], [ 136.42277, -13.94293 ], [ 136.42143, -13.94609 ], [ 136.42084, -13.95026 ], [ 136.41846, -13.955 ], [ 136.41213, -13.96413 ], [ 136.41143, -13.9656 ], [ 136.41142, -13.96888 ], [ 136.41015, -13.97 ], [ 136.40816, -13.97632 ], [ 136.41669, -13.99125 ], [ 136.41818, -13.996 ], [ 136.41583, -13.99989 ], [ 136.41566, -14.01526 ], [ 136.41755, -14.026 ], [ 136.41872, -14.02848 ], [ 136.41851, -14.0321 ], [ 136.42003, -14.0365 ], [ 136.42039, -14.04114 ], [ 136.42168, -14.04373 ], [ 136.42192, -14.04656 ], [ 136.42065, -14.04848 ], [ 136.41973, -14.0486 ], [ 136.41799, -14.04691 ], [ 136.41753, -14.04748 ], [ 136.4173, -14.04872 ], [ 136.42044, -14.05233 ], [ 136.41791, -14.05607 ], [ 136.41803, -14.05799 ], [ 136.42143, -14.06725 ], [ 136.42945, -14.07637 ], [ 136.42993, -14.07908 ], [ 136.43062, -14.07987 ], [ 136.43317, -14.07975 ], [ 136.43063, -14.08157 ], [ 136.42937, -14.08485 ], [ 136.42905, -14.0913 ], [ 136.42964, -14.09423 ], [ 136.43511, -14.10009 ], [ 136.43802, -14.10539 ], [ 136.44013, -14.11149 ], [ 136.44223, -14.11363 ], [ 136.44293, -14.11532 ], [ 136.44262, -14.12346 ], [ 136.43951, -14.128 ], [ 136.43661, -14.12835 ], [ 136.43535, -14.13061 ], [ 136.43372, -14.12994 ], [ 136.43141, -14.13086 ], [ 136.42922, -14.13369 ], [ 136.42414, -14.138 ], [ 136.42104, -14.14231 ], [ 136.41874, -14.14707 ], [ 136.41993, -14.15453 ], [ 136.42213, -14.15497 ], [ 136.42112, -14.15681 ], [ 136.42017, -14.15712 ], [ 136.41879, -14.16086 ], [ 136.41718, -14.16313 ], [ 136.41187, -14.16801 ], [ 136.41142, -14.16948 ], [ 136.41048, -14.16813 ], [ 136.40956, -14.16858 ], [ 136.40598, -14.1721 ], [ 136.39801, -14.17789 ], [ 136.3896, -14.18171 ], [ 136.38576, -14.18416 ], [ 136.37639, -14.1869 ], [ 136.37095, -14.18986 ], [ 136.34401, -14.20183 ], [ 136.33812, -14.20693 ], [ 136.33314, -14.20865 ], [ 136.32447, -14.21331 ], [ 136.32331, -14.21456 ], [ 136.32332, -14.21614 ], [ 136.32565, -14.22009 ], [ 136.32485, -14.22326 ], [ 136.32591, -14.22665 ], [ 136.32488, -14.23151 ], [ 136.3255, -14.24191 ], [ 136.32447, -14.24519 ], [ 136.32471, -14.2461 ], [ 136.33545, -14.23634 ], [ 136.35659, -14.2201 ], [ 136.37429, -14.21314 ], [ 136.39556, -14.20232 ], [ 136.41316, -14.19932 ], [ 136.42149, -14.19612 ], [ 136.43736, -14.19629 ], [ 136.44107, -14.19706 ], [ 136.4456, -14.19931 ], [ 136.4508, -14.20393 ], [ 136.45363, -14.20787 ], [ 136.45552, -14.21804 ], [ 136.47123, -14.22845 ], [ 136.47931, -14.22902 ], [ 136.4916, -14.23783 ], [ 136.49427, -14.23813 ], [ 136.50416, -14.23575 ], [ 136.50438, -14.23656 ], [ 136.50678, -14.2372 ], [ 136.50905, -14.23663 ], [ 136.50977, -14.23533 ], [ 136.50959, -14.23425 ], [ 136.51977, -14.23385 ], [ 136.523, -14.23438 ], [ 136.52623, -14.23603 ], [ 136.52858, -14.23829 ], [ 136.52849, -14.24144 ], [ 136.52947, -14.24561 ], [ 136.53338, -14.2489 ], [ 136.53467, -14.25096 ], [ 136.53858, -14.25245 ], [ 136.53948, -14.25477 ], [ 136.54693, -14.25337 ], [ 136.5497, -14.2534 ], [ 136.55622, -14.25525 ], [ 136.56008, -14.25903 ], [ 136.56487, -14.2602 ], [ 136.56632, -14.26133 ], [ 136.57287, -14.25916 ], [ 136.57715, -14.26033 ], [ 136.5831, -14.25959 ], [ 136.5904, -14.26148 ], [ 136.59075, -14.26256 ], [ 136.58991, -14.26344 ], [ 136.58997, -14.26431 ], [ 136.59382, -14.26429 ], [ 136.59931, -14.26311 ], [ 136.60621, -14.26387 ], [ 136.60856, -14.26478 ], [ 136.61245, -14.26394 ], [ 136.61855, -14.26407 ], [ 136.62523, -14.26494 ], [ 136.62891, -14.26643 ], [ 136.63099, -14.26788 ], [ 136.63289, -14.27041 ], [ 136.63291, -14.27189 ], [ 136.63129, -14.27249 ], [ 136.63047, -14.27402 ], [ 136.63022, -14.2776 ], [ 136.63056, -14.27863 ], [ 136.63201, -14.27942 ], [ 136.63242, -14.28214 ], [ 136.63372, -14.28463 ], [ 136.63489, -14.28558 ], [ 136.63973, -14.28485 ], [ 136.64508, -14.28665 ], [ 136.64515, -14.28932 ], [ 136.64835, -14.29384 ], [ 136.64875, -14.29499 ], [ 136.64832, -14.29618 ], [ 136.64882, -14.29678 ], [ 136.65303, -14.29529 ], [ 136.65641, -14.29168 ], [ 136.66426, -14.28788 ], [ 136.66967, -14.28827 ], [ 136.67148, -14.29352 ], [ 136.67479, -14.29785 ], [ 136.67807, -14.2976 ], [ 136.68114, -14.29845 ], [ 136.68236, -14.29713 ], [ 136.68044, -14.29329 ], [ 136.67899, -14.29207 ], [ 136.67908, -14.29032 ], [ 136.68343, -14.28396 ], [ 136.6868, -14.28088 ], [ 136.69304, -14.27667 ], [ 136.69826, -14.27516 ], [ 136.70507, -14.27664 ], [ 136.70659, -14.27398 ], [ 136.70821, -14.2738 ], [ 136.70922, -14.27488 ], [ 136.71004, -14.27302 ], [ 136.71514, -14.27033 ], [ 136.71756, -14.2683 ], [ 136.72736, -14.26319 ], [ 136.73645, -14.25971 ], [ 136.7424, -14.25955 ], [ 136.74402, -14.26035 ], [ 136.74527, -14.26213 ], [ 136.74903, -14.25972 ], [ 136.75385, -14.25904 ], [ 136.7583, -14.25992 ], [ 136.75832, -14.26085 ], [ 136.75737, -14.26183 ], [ 136.75756, -14.26281 ], [ 136.76058, -14.2649 ], [ 136.76545, -14.26254 ], [ 136.77017, -14.26206 ], [ 136.77207, -14.26357 ], [ 136.78234, -14.26084 ], [ 136.78874, -14.2623 ], [ 136.7907, -14.26332 ], [ 136.7916, -14.26457 ], [ 136.7919, -14.26748 ], [ 136.79511, -14.26654 ], [ 136.80565, -14.26972 ], [ 136.81102, -14.27358 ], [ 136.81229, -14.27893 ], [ 136.81108, -14.28176 ], [ 136.80887, -14.28368 ], [ 136.80796, -14.28819 ], [ 136.80324, -14.28833 ], [ 136.80236, -14.28927 ], [ 136.80359, -14.29039 ], [ 136.80698, -14.29047 ], [ 136.8109, -14.29376 ], [ 136.81374, -14.29481 ], [ 136.81603, -14.29496 ], [ 136.8199, -14.29406 ], [ 136.82164, -14.29443 ], [ 136.82375, -14.29365 ], [ 136.82151, -14.29247 ], [ 136.81755, -14.2924 ], [ 136.81504, -14.28997 ], [ 136.81174, -14.28832 ], [ 136.81128, -14.28621 ], [ 136.81238, -14.28349 ], [ 136.81662, -14.27868 ], [ 136.81877, -14.27813 ], [ 136.82051, -14.27854 ], [ 136.82129, -14.27942 ], [ 136.82032, -14.28131 ], [ 136.82523, -14.28405 ], [ 136.82605, -14.28328 ], [ 136.82443, -14.28237 ], [ 136.8239, -14.27933 ], [ 136.82579, -14.27818 ], [ 136.82884, -14.27815 ], [ 136.83031, -14.2801 ], [ 136.82894, -14.28174 ], [ 136.83049, -14.28194 ], [ 136.82939, -14.28358 ], [ 136.82945, -14.28466 ], [ 136.83162, -14.28545 ], [ 136.83231, -14.28682 ], [ 136.83414, -14.2869 ], [ 136.83449, -14.28944 ], [ 136.83682, -14.28878 ], [ 136.83867, -14.28968 ], [ 136.83853, -14.29294 ], [ 136.84128, -14.29552 ], [ 136.84253, -14.29269 ], [ 136.84451, -14.29029 ], [ 136.84369, -14.28559 ], [ 136.84424, -14.28396 ], [ 136.85094, -14.2801 ], [ 136.85443, -14.27884 ], [ 136.85742, -14.2786 ], [ 136.85967, -14.27955 ], [ 136.86051, -14.28057 ], [ 136.85968, -14.28291 ], [ 136.85997, -14.28384 ], [ 136.86638, -14.28453 ], [ 136.86951, -14.28722 ], [ 136.8687, -14.28979 ], [ 136.87088, -14.29209 ], [ 136.87407, -14.29387 ], [ 136.87486, -14.29548 ], [ 136.87477, -14.29775 ], [ 136.87273, -14.29972 ], [ 136.87285, -14.30097 ], [ 136.8757, -14.30317 ], [ 136.87682, -14.30316 ], [ 136.88024, -14.30026 ], [ 136.88274, -14.29986 ], [ 136.88358, -14.30079 ], [ 136.88475, -14.30094 ], [ 136.88609, -14.30266 ], [ 136.88613, -14.30618 ], [ 136.8868, -14.30731 ], [ 136.88942, -14.30844 ], [ 136.89102, -14.30695 ], [ 136.89397, -14.30585 ], [ 136.89339, -14.3027 ], [ 136.89465, -14.30231 ], [ 136.89646, -14.30387 ], [ 136.89542, -14.30626 ], [ 136.90038, -14.30803 ], [ 136.90312, -14.31097 ], [ 136.90407, -14.31082 ], [ 136.90389, -14.30929 ], [ 136.90199, -14.30785 ], [ 136.90114, -14.3059 ], [ 136.9028, -14.30485 ], [ 136.90306, -14.30371 ], [ 136.90109, -14.30161 ], [ 136.90167, -14.30329 ], [ 136.90123, -14.30325 ], [ 136.89853, -14.30049 ], [ 136.89789, -14.29692 ], [ 136.90064, -14.29208 ], [ 136.90346, -14.29031 ], [ 136.90355, -14.28917 ], [ 136.9045, -14.28819 ], [ 136.90875, -14.28577 ], [ 136.91271, -14.28525 ], [ 136.91477, -14.28605 ], [ 136.91545, -14.28951 ], [ 136.91803, -14.29123 ], [ 136.91947, -14.29085 ], [ 136.92099, -14.29225 ], [ 136.92192, -14.29169 ], [ 136.92255, -14.29266 ], [ 136.92427, -14.29265 ], [ 136.92629, -14.29436 ], [ 136.92867, -14.29412 ], [ 136.93057, -14.29498 ], [ 136.93224, -14.2942 ], [ 136.93469, -14.29662 ], [ 136.93466, -14.29864 ], [ 136.93527, -14.29938 ], [ 136.93839, -14.29926 ], [ 136.94032, -14.29712 ], [ 136.94222, -14.29727 ], [ 136.94861, -14.30464 ], [ 136.95073, -14.30409 ], [ 136.94808, -14.30047 ], [ 136.95006, -14.29868 ], [ 136.95079, -14.2992 ], [ 136.95068, -14.30018 ], [ 136.95146, -14.29979 ], [ 136.95212, -14.29827 ], [ 136.95087, -14.2952 ], [ 136.94875, -14.29408 ], [ 136.94859, -14.29597 ], [ 136.94771, -14.29635 ], [ 136.94441, -14.29448 ], [ 136.9417, -14.29527 ], [ 136.9408, -14.29451 ], [ 136.93869, -14.29442 ], [ 136.93694, -14.29238 ], [ 136.93511, -14.29163 ], [ 136.93393, -14.28465 ], [ 136.93541, -14.28198 ], [ 136.93774, -14.28137 ], [ 136.93863, -14.28233 ], [ 136.93974, -14.28237 ], [ 136.94023, -14.28102 ], [ 136.94101, -14.28079 ], [ 136.94208, -14.28204 ], [ 136.94362, -14.27921 ], [ 136.94573, -14.27843 ], [ 136.94763, -14.28025 ], [ 136.95236, -14.28157 ], [ 136.95729, -14.28533 ], [ 136.95845, -14.28408 ], [ 136.96312, -14.28457 ], [ 136.96327, -14.283 ], [ 136.96077, -14.28334 ], [ 136.9592, -14.28178 ], [ 136.95502, -14.28053 ], [ 136.95351, -14.27852 ], [ 136.95145, -14.27789 ], [ 136.95027, -14.27844 ], [ 136.94733, -14.27716 ], [ 136.94669, -14.27484 ], [ 136.94467, -14.27301 ], [ 136.9442, -14.26906 ], [ 136.94539, -14.26617 ], [ 136.94461, -14.2659 ], [ 136.94405, -14.26434 ], [ 136.94203, -14.26354 ], [ 136.93968, -14.26124 ], [ 136.94098, -14.25667 ], [ 136.94659, -14.25022 ], [ 136.94957, -14.24862 ], [ 136.9509, -14.24715 ], [ 136.95502, -14.24755 ], [ 136.95938, -14.24508 ], [ 136.95633, -14.24477 ], [ 136.95215, -14.24329 ], [ 136.9505, -14.23978 ], [ 136.94928, -14.23371 ], [ 136.94983, -14.23181 ], [ 136.95192, -14.22974 ], [ 136.95052, -14.22855 ], [ 136.94891, -14.22911 ], [ 136.94511, -14.2267 ], [ 136.9451, -14.22496 ], [ 136.94675, -14.22235 ], [ 136.94846, -14.22099 ], [ 136.95046, -14.22112 ], [ 136.951, -14.22047 ], [ 136.94826, -14.21714 ], [ 136.9454, -14.21612 ], [ 136.94377, -14.21392 ], [ 136.94244, -14.21399 ], [ 136.94138, -14.21301 ], [ 136.94116, -14.21404 ], [ 136.93616, -14.2137 ], [ 136.9339, -14.20896 ], [ 136.93337, -14.20483 ], [ 136.93431, -14.19892 ], [ 136.93611, -14.1943 ], [ 136.94107, -14.18916 ], [ 136.94374, -14.19045 ], [ 136.94681, -14.19095 ], [ 136.94768, -14.19539 ], [ 136.95229, -14.19503 ], [ 136.95459, -14.19068 ], [ 136.95445, -14.18921 ], [ 136.95566, -14.18622 ], [ 136.95741, -14.18345 ], [ 136.95996, -14.18276 ], [ 136.95799, -14.18067 ], [ 136.95676, -14.1776 ], [ 136.96146, -14.16893 ], [ 136.96327, -14.16735 ], [ 136.9632, -14.1655 ], [ 136.95758, -14.16522 ], [ 136.95195, -14.16148 ], [ 136.94945, -14.1615 ], [ 136.94397, -14.15764 ], [ 136.94165, -14.15961 ], [ 136.941, -14.16139 ], [ 136.93561, -14.16117 ], [ 136.93228, -14.16234 ], [ 136.93285, -14.16428 ], [ 136.93219, -14.16499 ], [ 136.93076, -14.16549 ], [ 136.92731, -14.16509 ], [ 136.92284, -14.16209 ], [ 136.91972, -14.15652 ], [ 136.91971, -14.15382 ], [ 136.92024, -14.15148 ], [ 136.92096, -14.15083 ], [ 136.92494, -14.14856 ], [ 136.92644, -14.14877 ], [ 136.92909, -14.14735 ], [ 136.92984, -14.14409 ], [ 136.92612, -14.144 ], [ 136.92204, -14.14089 ], [ 136.91994, -14.14139 ], [ 136.91725, -14.13996 ], [ 136.91574, -14.13774 ], [ 136.91385, -14.13737 ], [ 136.9128, -14.1388 ], [ 136.91118, -14.13864 ], [ 136.91019, -14.13925 ], [ 136.91455, -14.14252 ], [ 136.9148, -14.14512 ], [ 136.91415, -14.14719 ], [ 136.91107, -14.15096 ], [ 136.90929, -14.15156 ], [ 136.90842, -14.15277 ], [ 136.9102, -14.15428 ], [ 136.91022, -14.15595 ], [ 136.91141, -14.15882 ], [ 136.91225, -14.15925 ], [ 136.91414, -14.15884 ], [ 136.91582, -14.16051 ], [ 136.91695, -14.16283 ], [ 136.91714, -14.16601 ], [ 136.91518, -14.17105 ], [ 136.9041, -14.18198 ], [ 136.90292, -14.1866 ], [ 136.8992, -14.19378 ], [ 136.89755, -14.19574 ], [ 136.89577, -14.20157 ], [ 136.89256, -14.20445 ], [ 136.88902, -14.2065 ], [ 136.88049, -14.20977 ], [ 136.86383, -14.21173 ], [ 136.85832, -14.2107 ], [ 136.85402, -14.20851 ], [ 136.85242, -14.20608 ], [ 136.85277, -14.20434 ], [ 136.85387, -14.204 ], [ 136.85393, -14.20341 ], [ 136.85068, -14.20007 ], [ 136.84989, -14.19829 ], [ 136.84821, -14.19717 ], [ 136.84679, -14.19375 ], [ 136.84631, -14.19012 ], [ 136.84519, -14.18895 ], [ 136.84502, -14.18743 ], [ 136.84255, -14.18544 ], [ 136.84242, -14.18359 ], [ 136.83711, -14.1807 ], [ 136.83644, -14.17892 ], [ 136.83165, -14.17756 ], [ 136.82701, -14.17504 ], [ 136.82137, -14.16998 ], [ 136.81827, -14.16551 ], [ 136.81783, -14.16649 ], [ 136.81511, -14.1659 ], [ 136.81238, -14.16614 ], [ 136.81032, -14.16518 ], [ 136.8064, -14.1613 ], [ 136.80298, -14.15738 ], [ 136.80196, -14.15499 ], [ 136.80277, -14.1512 ], [ 136.80197, -14.15038 ], [ 136.80098, -14.15039 ], [ 136.79973, -14.14774 ], [ 136.79868, -14.14841 ], [ 136.79753, -14.1513 ], [ 136.7966, -14.15201 ], [ 136.79543, -14.15223 ], [ 136.79259, -14.151 ], [ 136.78954, -14.15118 ], [ 136.78888, -14.15233 ], [ 136.78771, -14.15261 ], [ 136.78313, -14.14928 ], [ 136.78256, -14.14852 ], [ 136.78267, -14.14663 ], [ 136.78082, -14.14616 ], [ 136.78131, -14.14517 ], [ 136.77631, -14.14483 ], [ 136.77593, -14.14517 ], [ 136.77661, -14.14797 ], [ 136.7798, -14.14974 ], [ 136.78047, -14.15114 ], [ 136.77979, -14.15474 ], [ 136.77791, -14.15768 ], [ 136.77899, -14.16082 ], [ 136.78134, -14.16259 ], [ 136.78153, -14.16502 ], [ 136.78021, -14.16725 ], [ 136.77823, -14.16889 ], [ 136.77562, -14.16962 ], [ 136.77262, -14.1684 ], [ 136.77022, -14.16863 ], [ 136.76967, -14.17031 ], [ 136.77185, -14.1722 ], [ 136.77489, -14.17663 ], [ 136.77663, -14.17737 ], [ 136.77851, -14.17644 ], [ 136.78012, -14.17701 ], [ 136.78121, -14.17988 ], [ 136.7806, -14.18129 ], [ 136.78105, -14.18302 ], [ 136.78374, -14.18517 ], [ 136.78524, -14.18478 ], [ 136.78731, -14.18564 ], [ 136.78794, -14.18894 ], [ 136.78415, -14.19429 ], [ 136.78266, -14.19451 ], [ 136.78147, -14.19332 ], [ 136.78024, -14.19334 ], [ 136.77416, -14.19511 ], [ 136.77115, -14.19503 ], [ 136.76953, -14.19396 ], [ 136.76494, -14.19665 ], [ 136.76299, -14.19672 ], [ 136.76064, -14.19528 ], [ 136.76035, -14.19262 ], [ 136.75945, -14.19137 ], [ 136.75163, -14.18687 ], [ 136.74751, -14.18696 ], [ 136.74634, -14.18626 ], [ 136.74463, -14.18698 ], [ 136.74001, -14.1862 ], [ 136.73836, -14.18779 ], [ 136.73603, -14.18873 ], [ 136.73459, -14.19048 ], [ 136.73227, -14.19135 ], [ 136.72921, -14.19111 ], [ 136.72274, -14.18726 ], [ 136.71997, -14.18375 ], [ 136.71781, -14.18256 ], [ 136.71611, -14.18036 ], [ 136.71074, -14.17573 ], [ 136.70861, -14.17201 ], [ 136.70647, -14.16982 ], [ 136.70421, -14.16352 ], [ 136.70559, -14.16189 ], [ 136.70711, -14.1576 ], [ 136.70894, -14.15627 ], [ 136.71149, -14.15561 ], [ 136.71219, -14.15376 ], [ 136.71337, -14.15321 ], [ 136.71327, -14.14892 ], [ 136.71215, -14.14763 ], [ 136.71192, -14.14611 ], [ 136.71225, -14.14536 ], [ 136.71607, -14.14322 ], [ 136.7165, -14.14202 ], [ 136.71212, -14.14368 ], [ 136.70905, -14.14163 ], [ 136.70633, -14.14219 ], [ 136.70476, -14.14118 ], [ 136.70319, -14.13908 ], [ 136.7016, -14.13436 ], [ 136.6988, -14.12269 ], [ 136.69875, -14.11648 ], [ 136.69982, -14.11143 ], [ 136.70171, -14.10746 ], [ 136.70328, -14.10669 ], [ 136.70468, -14.10788 ], [ 136.7058, -14.10761 ], [ 136.70853, -14.10888 ], [ 136.70908, -14.10736 ], [ 136.71064, -14.10778 ], [ 136.70989, -14.1047 ], [ 136.70861, -14.10422 ], [ 136.70838, -14.10352 ], [ 136.70975, -14.10138 ], [ 136.7128, -14.10006 ], [ 136.71486, -14.1013 ], [ 136.71576, -14.10309 ], [ 136.71749, -14.10382 ], [ 136.71817, -14.10534 ], [ 136.71956, -14.10556 ], [ 136.72003, -14.10278 ], [ 136.71913, -14.10024 ], [ 136.71741, -14.09949 ], [ 136.7134, -14.09946 ], [ 136.71262, -14.09801 ], [ 136.71254, -14.09498 ], [ 136.71389, -14.08991 ], [ 136.71659, -14.08746 ], [ 136.71822, -14.08321 ], [ 136.72026, -14.08082 ], [ 136.72159, -14.08069 ], [ 136.7218, -14.07983 ], [ 136.72315, -14.0796 ], [ 136.7237, -14.07863 ], [ 136.72322, -14.07575 ], [ 136.71965, -14.07295 ], [ 136.72046, -14.07024 ], [ 136.72228, -14.06881 ], [ 136.72406, -14.06939 ], [ 136.72977, -14.06664 ], [ 136.73215, -14.06631 ], [ 136.73688, -14.06725 ], [ 136.74082, -14.07356 ], [ 136.73714, -14.07875 ], [ 136.7372, -14.07989 ], [ 136.73815, -14.07999 ], [ 136.74318, -14.08532 ], [ 136.74564, -14.08704 ], [ 136.74892, -14.08593 ], [ 136.74959, -14.08728 ], [ 136.75171, -14.08769 ], [ 136.7529, -14.08388 ], [ 136.75224, -14.07847 ], [ 136.75122, -14.07636 ], [ 136.74994, -14.07578 ], [ 136.74845, -14.07611 ], [ 136.74761, -14.07525 ], [ 136.74712, -14.06907 ], [ 136.74863, -14.06363 ], [ 136.75049, -14.05972 ], [ 136.75492, -14.05649 ], [ 136.75647, -14.05707 ], [ 136.75716, -14.05967 ], [ 136.75832, -14.05864 ], [ 136.76094, -14.05287 ], [ 136.75971, -14.05196 ], [ 136.76009, -14.05016 ], [ 136.75891, -14.04913 ], [ 136.75902, -14.04806 ], [ 136.76415, -14.04459 ], [ 136.76604, -14.04416 ], [ 136.77043, -14.04477 ], [ 136.77161, -14.0459 ], [ 136.77394, -14.04642 ], [ 136.77484, -14.04702 ], [ 136.77742, -14.05188 ], [ 136.77506, -14.05434 ], [ 136.77484, -14.05581 ], [ 136.77307, -14.05663 ], [ 136.77666, -14.05936 ], [ 136.77924, -14.05544 ], [ 136.78227, -14.05358 ], [ 136.78099, -14.04605 ], [ 136.78237, -14.04328 ], [ 136.78644, -14.03917 ], [ 136.78966, -14.03806 ], [ 136.7926, -14.03816 ], [ 136.79636, -14.04241 ], [ 136.80095, -14.04059 ], [ 136.80312, -14.04182 ], [ 136.80399, -14.03867 ], [ 136.80637, -14.03767 ], [ 136.80664, -14.03063 ], [ 136.80867, -14.02648 ], [ 136.80844, -14.02534 ], [ 136.8067, -14.02401 ], [ 136.80553, -14.02173 ], [ 136.80701, -14.02027 ], [ 136.80684, -14.01906 ], [ 136.80524, -14.02043 ], [ 136.80164, -14.02181 ], [ 136.79712, -14.01908 ], [ 136.79703, -14.02141 ], [ 136.79591, -14.02208 ], [ 136.79402, -14.02176 ], [ 136.79329, -14.02095 ], [ 136.79146, -14.02102 ], [ 136.78967, -14.01973 ], [ 136.78804, -14.02284 ], [ 136.78655, -14.0241 ], [ 136.78456, -14.0252 ], [ 136.78101, -14.02588 ], [ 136.77805, -14.02493 ], [ 136.77257, -14.01933 ], [ 136.77013, -14.01917 ], [ 136.76749, -14.01572 ], [ 136.76433, -14.00924 ], [ 136.76233, -14.0027 ], [ 136.76227, -13.98572 ], [ 136.76727, -13.96328 ], [ 136.7709, -13.95111 ], [ 136.77892, -13.934 ], [ 136.79099, -13.91637 ], [ 136.79611, -13.912 ], [ 136.79924, -13.91124 ], [ 136.80087, -13.90967 ], [ 136.80365, -13.90936 ], [ 136.8126, -13.90412 ], [ 136.81711, -13.90427 ], [ 136.82182, -13.9086 ], [ 136.83027, -13.90743 ], [ 136.83279, -13.90903 ], [ 136.83499, -13.90894 ], [ 136.83626, -13.90985 ], [ 136.83834, -13.90953 ], [ 136.84136, -13.90775 ], [ 136.84448, -13.90754 ], [ 136.85196, -13.91291 ], [ 136.8551, -13.91147 ], [ 136.85781, -13.91282 ], [ 136.85742, -13.91081 ], [ 136.8594, -13.90812 ], [ 136.85953, -13.90642 ], [ 136.85956, -13.90315 ], [ 136.85762, -13.89986 ], [ 136.85849, -13.8932 ], [ 136.86837, -13.87272 ], [ 136.87541, -13.86091 ], [ 136.884, -13.84279 ], [ 136.9005, -13.81897 ], [ 136.91203, -13.80754 ], [ 136.91909, -13.80658 ], [ 136.92336, -13.80797 ], [ 136.92441, -13.80651 ], [ 136.92341, -13.80165 ], [ 136.92148, -13.79779 ], [ 136.91757, -13.7955 ], [ 136.91747, -13.79267 ], [ 136.91403, -13.78948 ], [ 136.91441, -13.78576 ], [ 136.91317, -13.78146 ], [ 136.91331, -13.77954 ], [ 136.91165, -13.77659 ], [ 136.90911, -13.76866 ], [ 136.90522, -13.76411 ], [ 136.9013, -13.76329 ], [ 136.89728, -13.76088 ], [ 136.89417, -13.75984 ], [ 136.88867, -13.75392 ], [ 136.88416, -13.754 ], [ 136.88032, -13.75668 ], [ 136.87733, -13.75564 ], [ 136.87305, -13.75583 ], [ 136.87096, -13.7566 ], [ 136.8667, -13.75465 ], [ 136.86438, -13.75542 ], [ 136.85435, -13.75285 ], [ 136.85101, -13.75102 ], [ 136.84674, -13.75019 ], [ 136.84467, -13.74916 ], [ 136.84054, -13.74517 ], [ 136.83939, -13.74539 ], [ 136.83879, -13.74741 ], [ 136.83693, -13.7483 ], [ 136.83919, -13.75465 ], [ 136.83994, -13.76177 ], [ 136.83956, -13.76584 ], [ 136.83768, -13.76989 ], [ 136.83949, -13.77386 ], [ 136.83932, -13.78029 ], [ 136.83744, -13.78372 ], [ 136.83313, -13.78849 ], [ 136.82359, -13.79542 ], [ 136.82069, -13.79663 ], [ 136.81475, -13.8019 ], [ 136.80794, -13.81404 ], [ 136.80603, -13.82012 ], [ 136.80405, -13.82271 ], [ 136.80201, -13.82401 ], [ 136.80135, -13.82698 ], [ 136.79701, -13.83417 ], [ 136.79779, -13.83791 ], [ 136.80016, -13.83126 ], [ 136.80284, -13.82835 ], [ 136.80507, -13.82464 ], [ 136.8073, -13.8207 ], [ 136.80814, -13.81743 ], [ 136.81373, -13.81205 ], [ 136.81978, -13.8077 ], [ 136.82478, -13.80514 ], [ 136.83266, -13.80227 ], [ 136.83729, -13.80242 ], [ 136.83867, -13.80334 ], [ 136.8398, -13.80549 ], [ 136.84233, -13.80743 ], [ 136.84529, -13.81356 ], [ 136.84535, -13.82022 ], [ 136.84474, -13.82395 ], [ 136.84035, -13.8369 ], [ 136.83733, -13.84289 ], [ 136.83536, -13.84352 ], [ 136.83275, -13.84658 ], [ 136.82814, -13.84985 ], [ 136.8165, -13.85443 ], [ 136.81383, -13.85459 ], [ 136.81322, -13.85521 ], [ 136.81211, -13.85412 ], [ 136.81216, -13.8556 ], [ 136.81081, -13.85613 ], [ 136.80732, -13.85643 ], [ 136.80071, -13.8556 ], [ 136.79557, -13.85198 ], [ 136.79354, -13.84793 ], [ 136.78683, -13.84832 ], [ 136.77817, -13.84678 ], [ 136.7737, -13.84256 ], [ 136.76526, -13.84136 ], [ 136.7602, -13.83833 ], [ 136.75618, -13.8353 ], [ 136.75447, -13.83235 ], [ 136.74602, -13.83375 ], [ 136.74217, -13.83722 ], [ 136.74016, -13.83711 ], [ 136.73719, -13.83831 ], [ 136.73286, -13.8438 ], [ 136.72686, -13.84319 ], [ 136.72375, -13.8409 ], [ 136.72207, -13.8358 ], [ 136.71831, -13.83579 ], [ 136.72162, -13.83388 ], [ 136.72269, -13.83095 ], [ 136.72629, -13.8294 ], [ 136.72737, -13.825 ], [ 136.72878, -13.82242 ], [ 136.72844, -13.82072 ], [ 136.72915, -13.81971 ], [ 136.72892, -13.81914 ], [ 136.72293, -13.81694 ], [ 136.71685, -13.81079 ], [ 136.71632, -13.80604 ], [ 136.71739, -13.80232 ], [ 136.71407, -13.79913 ], [ 136.71282, -13.79686 ], [ 136.7125, -13.7938 ], [ 136.71474, -13.78829 ], [ 136.71614, -13.78706 ], [ 136.71823, -13.7864 ], [ 136.72033, -13.7837 ], [ 136.72138, -13.7836 ], [ 136.72011, -13.78234 ], [ 136.72001, -13.78133 ], [ 136.72131, -13.7784 ], [ 136.72259, -13.7774 ], [ 136.72748, -13.77577 ], [ 136.7287, -13.77858 ], [ 136.73264, -13.77827 ], [ 136.73547, -13.7722 ], [ 136.73536, -13.77095 ], [ 136.73238, -13.76867 ], [ 136.73094, -13.76846 ], [ 136.72913, -13.76988 ], [ 136.72786, -13.76987 ], [ 136.72476, -13.76754 ], [ 136.72438, -13.77074 ], [ 136.72158, -13.77309 ], [ 136.71892, -13.77409 ], [ 136.71798, -13.77577 ], [ 136.71324, -13.77551 ], [ 136.71221, -13.77471 ], [ 136.71234, -13.77301 ], [ 136.71164, -13.77301 ], [ 136.7092, -13.77423 ], [ 136.70759, -13.77421 ], [ 136.707, -13.77489 ], [ 136.70722, -13.77647 ], [ 136.70421, -13.77785 ], [ 136.69706, -13.77491 ], [ 136.69049, -13.7661 ], [ 136.68953, -13.76389 ], [ 136.68787, -13.75574 ], [ 136.68759, -13.74794 ], [ 136.69063, -13.74458 ], [ 136.68985, -13.744 ], [ 136.68709, -13.74553 ], [ 136.6851, -13.74831 ], [ 136.68515, -13.74679 ], [ 136.68253, -13.74425 ], [ 136.68114, -13.73706 ], [ 136.68282, -13.73059 ], [ 136.68556, -13.72743 ], [ 136.68849, -13.72578 ], [ 136.69028, -13.72642 ], [ 136.69301, -13.72883 ], [ 136.6944, -13.72861 ], [ 136.69704, -13.72551 ], [ 136.6992, -13.72506 ], [ 136.70146, -13.72358 ], [ 136.70425, -13.719 ], [ 136.70468, -13.71721 ], [ 136.70734, -13.71524 ], [ 136.70928, -13.71512 ], [ 136.71335, -13.71732 ], [ 136.71506, -13.71632 ], [ 136.71651, -13.71724 ], [ 136.72032, -13.71689 ], [ 136.71869, -13.7131 ], [ 136.7196, -13.70908 ], [ 136.72189, -13.70407 ], [ 136.72482, -13.7014 ], [ 136.72458, -13.69956 ], [ 136.72513, -13.69803 ], [ 136.72766, -13.69519 ], [ 136.7296, -13.69432 ], [ 136.72791, -13.69155 ], [ 136.72907, -13.69047 ], [ 136.72932, -13.6884 ], [ 136.7312, -13.68644 ], [ 136.7303, -13.68541 ], [ 136.73012, -13.68346 ], [ 136.73166, -13.68134 ], [ 136.72983, -13.68076 ], [ 136.72887, -13.67849 ], [ 136.72913, -13.67576 ], [ 136.72989, -13.67463 ], [ 136.73151, -13.67488 ], [ 136.73277, -13.67319 ], [ 136.73061, -13.673 ], [ 136.72876, -13.67154 ], [ 136.72707, -13.6677 ], [ 136.72751, -13.66618 ], [ 136.73004, -13.66492 ], [ 136.73125, -13.66274 ], [ 136.72961, -13.65977 ], [ 136.73006, -13.65831 ], [ 136.72905, -13.65723 ], [ 136.72992, -13.65587 ], [ 136.72725, -13.65522 ], [ 136.72936, -13.65343 ], [ 136.72845, -13.65327 ], [ 136.72845, -13.65207 ], [ 136.72713, -13.65171 ], [ 136.7269, -13.65089 ], [ 136.72623, -13.65134 ], [ 136.72612, -13.6508 ], [ 136.72467, -13.65135 ], [ 136.72496, -13.65226 ], [ 136.72392, -13.65358 ], [ 136.72504, -13.65518 ], [ 136.72377, -13.65553 ], [ 136.72345, -13.65721 ], [ 136.72069, -13.65897 ], [ 136.71993, -13.66038 ], [ 136.71983, -13.6644 ], [ 136.71857, -13.66571 ], [ 136.71613, -13.66594 ], [ 136.71341, -13.6652 ], [ 136.71207, -13.66396 ], [ 136.71184, -13.66266 ], [ 136.71249, -13.66098 ], [ 136.70999, -13.6598 ], [ 136.71047, -13.65741 ], [ 136.70682, -13.65879 ], [ 136.70482, -13.65783 ], [ 136.70444, -13.65864 ], [ 136.70583, -13.6601 ], [ 136.70462, -13.66179 ], [ 136.69826, -13.66319 ], [ 136.69631, -13.66303 ], [ 136.6929, -13.66013 ], [ 136.69206, -13.65851 ], [ 136.69238, -13.65732 ], [ 136.69449, -13.65523 ], [ 136.6967, -13.65479 ], [ 136.69463, -13.65143 ], [ 136.69125, -13.65461 ], [ 136.69084, -13.6571 ], [ 136.68848, -13.66005 ], [ 136.68938, -13.66168 ], [ 136.6902, -13.66166 ], [ 136.69043, -13.66307 ], [ 136.68907, -13.66601 ], [ 136.68887, -13.66971 ], [ 136.68716, -13.67178 ], [ 136.68712, -13.67325 ], [ 136.68131, -13.67711 ], [ 136.67853, -13.68057 ], [ 136.67848, -13.68171 ], [ 136.67954, -13.68251 ], [ 136.6794, -13.68718 ], [ 136.6786, -13.69162 ], [ 136.67638, -13.69756 ], [ 136.67526, -13.6987 ], [ 136.67589, -13.70108 ], [ 136.67546, -13.70272 ], [ 136.67496, -13.70288 ], [ 136.67345, -13.70104 ], [ 136.67267, -13.69894 ], [ 136.66956, -13.69944 ], [ 136.66609, -13.69463 ], [ 136.66437, -13.69428 ], [ 136.66409, -13.69493 ], [ 136.6651, -13.69545 ], [ 136.66527, -13.69638 ], [ 136.6615, -13.70384 ], [ 136.66011, -13.70384 ], [ 136.65448, -13.7008 ], [ 136.65398, -13.6996 ], [ 136.65105, -13.70048 ], [ 136.64926, -13.7004 ], [ 136.64838, -13.69959 ], [ 136.6471, -13.70002 ], [ 136.64777, -13.70105 ], [ 136.64734, -13.70187 ], [ 136.64423, -13.70264 ], [ 136.64252, -13.70234 ], [ 136.64018, -13.70343 ], [ 136.63785, -13.70926 ], [ 136.63376, -13.71178 ], [ 136.63239, -13.71412 ], [ 136.63274, -13.71586 ], [ 136.63461, -13.716 ], [ 136.6353, -13.71735 ], [ 136.63435, -13.71867 ], [ 136.63149, -13.72008 ], [ 136.62476, -13.71775 ], [ 136.62268, -13.71505 ], [ 136.62042, -13.70937 ], [ 136.61814, -13.7065 ], [ 136.61778, -13.70504 ], [ 136.61949, -13.70336 ], [ 136.61937, -13.70151 ], [ 136.62009, -13.70059 ], [ 136.62358, -13.69927 ], [ 136.62552, -13.7 ], [ 136.62691, -13.69935 ], [ 136.62732, -13.69625 ], [ 136.62831, -13.69495 ], [ 136.63191, -13.69265 ], [ 136.63156, -13.69135 ], [ 136.63217, -13.69032 ], [ 136.6367, -13.68936 ], [ 136.63626, -13.68834 ], [ 136.63382, -13.68917 ], [ 136.63094, -13.68864 ], [ 136.62686, -13.69067 ], [ 136.62212, -13.68973 ], [ 136.62139, -13.68778 ], [ 136.61867, -13.68839 ], [ 136.61728, -13.687 ], [ 136.61672, -13.68516 ], [ 136.61762, -13.67918 ], [ 136.61305, -13.67796 ], [ 136.61168, -13.67836 ], [ 136.61235, -13.68008 ], [ 136.61141, -13.68046 ], [ 136.61076, -13.68286 ], [ 136.60899, -13.68396 ], [ 136.60744, -13.68408 ], [ 136.60694, -13.68375 ], [ 136.60716, -13.68283 ], [ 136.60622, -13.68272 ], [ 136.60257, -13.68475 ], [ 136.60013, -13.68461 ], [ 136.59963, -13.6851 ], [ 136.59946, -13.68424 ], [ 136.59859, -13.68636 ], [ 136.5977, -13.68711 ], [ 136.59615, -13.68724 ], [ 136.59558, -13.68642 ], [ 136.5958, -13.68491 ], [ 136.59757, -13.68403 ], [ 136.5979, -13.68316 ], [ 136.59656, -13.68149 ], [ 136.59638, -13.67904 ], [ 136.59526, -13.6789 ], [ 136.59368, -13.68276 ], [ 136.58986, -13.68408 ], [ 136.58637, -13.6834 ], [ 136.58354, -13.68558 ], [ 136.57752, -13.68725 ], [ 136.57731, -13.6892 ], [ 136.57504, -13.69144 ], [ 136.57428, -13.69405 ], [ 136.57478, -13.69458 ], [ 136.57851, -13.6943 ], [ 136.58087, -13.69275 ], [ 136.58559, -13.69235 ], [ 136.59043, -13.69346 ], [ 136.59238, -13.69627 ], [ 136.59293, -13.70207 ], [ 136.59088, -13.71141 ], [ 136.58747, -13.71571 ], [ 136.58447, -13.71724 ], [ 136.58644, -13.71951 ], [ 136.58661, -13.72093 ], [ 136.588, -13.72107 ], [ 136.58818, -13.72335 ], [ 136.58942, -13.72491 ], [ 136.59871, -13.72904 ], [ 136.605, -13.72892 ], [ 136.60764, -13.72974 ], [ 136.61127, -13.73236 ], [ 136.61127, -13.73367 ], [ 136.61257, -13.73524 ], [ 136.61381, -13.73891 ], [ 136.61772, -13.74263 ], [ 136.618, -13.74862 ], [ 136.61608, -13.75588 ], [ 136.60962, -13.76004 ], [ 136.60776, -13.76206 ], [ 136.6077, -13.76342 ], [ 136.60932, -13.76368 ], [ 136.61374, -13.76061 ], [ 136.61507, -13.76055 ], [ 136.61797, -13.76329 ], [ 136.62291, -13.76446 ], [ 136.62813, -13.76448 ], [ 136.63109, -13.76613 ], [ 136.63197, -13.76716 ], [ 136.63229, -13.77237 ], [ 136.62933, -13.77743 ], [ 136.63605, -13.779 ], [ 136.63684, -13.78068 ], [ 136.63835, -13.78193 ], [ 136.63759, -13.7834 ], [ 136.63416, -13.78498 ], [ 136.63147, -13.78924 ], [ 136.6303, -13.78902 ], [ 136.62859, -13.79006 ], [ 136.6237, -13.79027 ], [ 136.61731, -13.78922 ], [ 136.60596, -13.78485 ], [ 136.60031, -13.78516 ], [ 136.59411, -13.78702 ], [ 136.59313, -13.78964 ], [ 136.59348, -13.7934 ], [ 136.59624, -13.7988 ], [ 136.59996, -13.80008 ], [ 136.60204, -13.80212 ], [ 136.6021, -13.80401 ], [ 136.60095, -13.80593 ], [ 136.58826, -13.80795 ], [ 136.58264, -13.80789 ], [ 136.58103, -13.80584 ], [ 136.58144, -13.80051 ], [ 136.58071, -13.79905 ], [ 136.57503, -13.79769 ], [ 136.57349, -13.7983 ], [ 136.57161, -13.80097 ], [ 136.57208, -13.80433 ], [ 136.57437, -13.80697 ], [ 136.57405, -13.80908 ], [ 136.57289, -13.81018 ], [ 136.57112, -13.81046 ], [ 136.57085, -13.81204 ], [ 136.56819, -13.81265 ], [ 136.56754, -13.81341 ], [ 136.56575, -13.81282 ], [ 136.56461, -13.81422 ], [ 136.56108, -13.81535 ], [ 136.55945, -13.81513 ], [ 136.55443, -13.81983 ], [ 136.55224, -13.81981 ], [ 136.54797, -13.81898 ], [ 136.54152, -13.8162 ], [ 136.53923, -13.81403 ], [ 136.53754, -13.80871 ], [ 136.53805, -13.80374 ], [ 136.54012, -13.79531 ], [ 136.54175, -13.79248 ], [ 136.54259, -13.78909 ], [ 136.54145, -13.78762 ], [ 136.5343, -13.78525 ], [ 136.53084, -13.78503 ], [ 136.527, -13.78714 ], [ 136.52478, -13.78949 ], [ 136.52383, -13.79152 ], [ 136.52327, -13.79495 ], [ 136.52379, -13.80208 ], [ 136.52484, -13.80433 ], [ 136.52392, -13.80621 ], [ 136.52389, -13.80937 ], [ 136.52603, -13.81572 ], [ 136.52541, -13.82 ], [ 136.52458, -13.82147 ], [ 136.51929, -13.82732 ], [ 136.51316, -13.83149 ], [ 136.5101, -13.83166 ], [ 136.50395, -13.83409 ], [ 136.49919, -13.83693 ], [ 136.49498, -13.83794 ], [ 136.49454, -13.83827 ], [ 136.49533, -13.83935 ], [ 136.49506, -13.84022 ], [ 136.49153, -13.83558 ], [ 136.48964, -13.83451 ], [ 136.48197, -13.83287 ], [ 136.46965, -13.83369 ], [ 136.46738, -13.83442 ], [ 136.46532, -13.83377 ], [ 136.46288, -13.83418 ], [ 136.46204, -13.83332 ], [ 136.46247, -13.82972 ], [ 136.46138, -13.8254 ], [ 136.4596, -13.82394 ], [ 136.45875, -13.82104 ], [ 136.45714, -13.81922 ], [ 136.45644, -13.81911 ], [ 136.4521, -13.82283 ], [ 136.44776, -13.82451 ], [ 136.44764, -13.82519 ], [ 136.44914, -13.82666 ], [ 136.44949, -13.82802 ], [ 136.44902, -13.82903 ], [ 136.44601, -13.82959 ], [ 136.44208, -13.83184 ], [ 136.44046, -13.83138 ], [ 136.44, -13.8307 ], [ 136.4407, -13.82799 ], [ 136.44036, -13.82415 ], [ 136.44117, -13.82348 ], [ 136.4436, -13.82461 ], [ 136.44614, -13.82315 ], [ 136.44673, -13.82213 ], [ 136.44627, -13.82123 ], [ 136.44476, -13.82032 ], [ 136.43899, -13.8194 ], [ 136.43472, -13.8151 ], [ 136.42755, -13.81587 ], [ 136.42258, -13.81563 ], [ 136.42153, -13.81642 ], [ 136.42025, -13.82048 ], [ 136.41596, -13.82522 ], [ 136.40924, -13.83096 ], [ 136.40889, -13.83175 ], [ 136.40958, -13.83367 ], [ 136.40865, -13.83593 ], [ 136.40876, -13.83864 ], [ 136.40782, -13.84248 ], [ 136.40805, -13.8453 ], [ 136.40874, -13.84643 ], [ 136.41543, -13.85153 ], [ 136.4182, -13.85527 ], [ 136.41877, -13.85798 ], [ 136.41601, -13.86011 ], [ 136.41541, -13.85902 ], [ 136.41491, -13.85929 ], [ 136.41652, -13.8622 ], [ 136.41702, -13.86193 ], [ 136.41629, -13.86063 ], [ 136.41992, -13.85932 ], [ 136.4227, -13.86111 ] ] ], [ [ [ 136.19201, -13.78915 ], [ 136.18925, -13.79286 ], [ 136.18916, -13.79536 ], [ 136.19076, -13.79589 ], [ 136.19088, -13.79735 ], [ 136.19273, -13.79979 ], [ 136.19367, -13.80015 ], [ 136.19407, -13.80168 ], [ 136.19874, -13.80426 ], [ 136.19831, -13.80589 ], [ 136.20483, -13.80989 ], [ 136.20413, -13.80984 ], [ 136.20619, -13.81199 ], [ 136.20689, -13.81621 ], [ 136.20543, -13.81665 ], [ 136.20536, -13.81723 ], [ 136.20604, -13.81759 ], [ 136.2076, -13.81688 ], [ 136.20926, -13.81813 ], [ 136.20981, -13.82032 ], [ 136.20929, -13.82177 ], [ 136.21115, -13.82464 ], [ 136.21079, -13.828 ], [ 136.20782, -13.83176 ], [ 136.20272, -13.8433 ], [ 136.19798, -13.84884 ], [ 136.19837, -13.85264 ], [ 136.20028, -13.85524 ], [ 136.20507, -13.85706 ], [ 136.21328, -13.85615 ], [ 136.21526, -13.85327 ], [ 136.22036, -13.85167 ], [ 136.22404, -13.85162 ], [ 136.22956, -13.85021 ], [ 136.23261, -13.84819 ], [ 136.23826, -13.84697 ], [ 136.24076, -13.84733 ], [ 136.2416, -13.84869 ], [ 136.24238, -13.84835 ], [ 136.2425, -13.84923 ], [ 136.24338, -13.84879 ], [ 136.24511, -13.84948 ], [ 136.24572, -13.85067 ], [ 136.2466, -13.85055 ], [ 136.24706, -13.84933 ], [ 136.24827, -13.84985 ], [ 136.24846, -13.84617 ], [ 136.24758, -13.846 ], [ 136.24569, -13.84384 ], [ 136.24595, -13.84037 ], [ 136.24476, -13.83734 ], [ 136.24934, -13.83232 ], [ 136.251, -13.83183 ], [ 136.25417, -13.83297 ], [ 136.25464, -13.83207 ], [ 136.25523, -13.82767 ], [ 136.25432, -13.82439 ], [ 136.25433, -13.82123 ], [ 136.25538, -13.8192 ], [ 136.25612, -13.81456 ], [ 136.26008, -13.80727 ], [ 136.25985, -13.80293 ], [ 136.25856, -13.80147 ], [ 136.25948, -13.79658 ], [ 136.26054, -13.79723 ], [ 136.26098, -13.79684 ], [ 136.26035, -13.79592 ], [ 136.26067, -13.79255 ], [ 136.26015, -13.78958 ], [ 136.25899, -13.78828 ], [ 136.2597, -13.78501 ], [ 136.26273, -13.78333 ], [ 136.26473, -13.78375 ], [ 136.26752, -13.78699 ], [ 136.26908, -13.78703 ], [ 136.27009, -13.78849 ], [ 136.27152, -13.78816 ], [ 136.27193, -13.79136 ], [ 136.27378, -13.7933 ], [ 136.27494, -13.79243 ], [ 136.27761, -13.7929 ], [ 136.27955, -13.79235 ], [ 136.28406, -13.78767 ], [ 136.28217, -13.78545 ], [ 136.28, -13.78605 ], [ 136.27856, -13.78444 ], [ 136.27483, -13.77421 ], [ 136.27393, -13.76987 ], [ 136.27541, -13.7677 ], [ 136.27424, -13.76465 ], [ 136.27421, -13.76026 ], [ 136.27636, -13.75673 ], [ 136.27041, -13.75666 ], [ 136.26581, -13.7577 ], [ 136.26089, -13.76029 ], [ 136.2575, -13.76036 ], [ 136.25422, -13.75891 ], [ 136.25219, -13.75301 ], [ 136.25301, -13.74948 ], [ 136.25428, -13.74773 ], [ 136.26057, -13.7413 ], [ 136.26621, -13.73748 ], [ 136.27108, -13.73685 ], [ 136.27653, -13.73851 ], [ 136.28019, -13.73843 ], [ 136.28147, -13.73897 ], [ 136.28181, -13.74022 ], [ 136.28393, -13.7408 ], [ 136.29094, -13.73663 ], [ 136.29305, -13.73674 ], [ 136.29711, -13.7384 ], [ 136.29856, -13.73725 ], [ 136.30067, -13.73703 ], [ 136.30166, -13.73626 ], [ 136.30198, -13.73485 ], [ 136.30141, -13.73382 ], [ 136.29862, -13.73074 ], [ 136.29706, -13.72989 ], [ 136.29392, -13.72361 ], [ 136.29436, -13.72144 ], [ 136.2925, -13.71678 ], [ 136.29331, -13.7133 ], [ 136.29264, -13.71174 ], [ 136.293, -13.70799 ], [ 136.28057, -13.70415 ], [ 136.27636, -13.70575 ], [ 136.2739, -13.70495 ], [ 136.27296, -13.70425 ], [ 136.27279, -13.70262 ], [ 136.27489, -13.70115 ], [ 136.27521, -13.70017 ], [ 136.2741, -13.69985 ], [ 136.27216, -13.70121 ], [ 136.27151, -13.70057 ], [ 136.27172, -13.69932 ], [ 136.27094, -13.69921 ], [ 136.2696, -13.69634 ], [ 136.26819, -13.69554 ], [ 136.2683, -13.69478 ], [ 136.26963, -13.69385 ], [ 136.26913, -13.69277 ], [ 136.26674, -13.69207 ], [ 136.26519, -13.69235 ], [ 136.26232, -13.69453 ], [ 136.2586, -13.69552 ], [ 136.25487, -13.69289 ], [ 136.25283, -13.69366 ], [ 136.2517, -13.69127 ], [ 136.25214, -13.69068 ], [ 136.25265, -13.6916 ], [ 136.25298, -13.69117 ], [ 136.25313, -13.68943 ], [ 136.2524, -13.68743 ], [ 136.25312, -13.68612 ], [ 136.25271, -13.68341 ], [ 136.25355, -13.68238 ], [ 136.25426, -13.68248 ], [ 136.25464, -13.6814 ], [ 136.25353, -13.68124 ], [ 136.25431, -13.67988 ], [ 136.25329, -13.67723 ], [ 136.25402, -13.67743 ], [ 136.25489, -13.67657 ], [ 136.25495, -13.67488 ], [ 136.25361, -13.67391 ], [ 136.25101, -13.67572 ], [ 136.25007, -13.67572 ], [ 136.24723, -13.67373 ], [ 136.24428, -13.67326 ], [ 136.24384, -13.67266 ], [ 136.24505, -13.6706 ], [ 136.2446, -13.66961 ], [ 136.24621, -13.67037 ], [ 136.2461, -13.66983 ], [ 136.24225, -13.66676 ], [ 136.23926, -13.66688 ], [ 136.23794, -13.66873 ], [ 136.2361, -13.66928 ], [ 136.23466, -13.66701 ], [ 136.23171, -13.66665 ], [ 136.22559, -13.66315 ], [ 136.22104, -13.66204 ], [ 136.21644, -13.66374 ], [ 136.21294, -13.66235 ], [ 136.21151, -13.66317 ], [ 136.20785, -13.66335 ], [ 136.20048, -13.66528 ], [ 136.19898, -13.66599 ], [ 136.19921, -13.66789 ], [ 136.19756, -13.66953 ], [ 136.19385, -13.67112 ], [ 136.19102, -13.67064 ], [ 136.1892, -13.67407 ], [ 136.18655, -13.67506 ], [ 136.18311, -13.67535 ], [ 136.18134, -13.67725 ], [ 136.18185, -13.67796 ], [ 136.18406, -13.67713 ], [ 136.18879, -13.67841 ], [ 136.19123, -13.67818 ], [ 136.19218, -13.67883 ], [ 136.19262, -13.68029 ], [ 136.19234, -13.68116 ], [ 136.1903, -13.68182 ], [ 136.18886, -13.68416 ], [ 136.18828, -13.68861 ], [ 136.19039, -13.69061 ], [ 136.19085, -13.69261 ], [ 136.19036, -13.69511 ], [ 136.18751, -13.6999 ], [ 136.18502, -13.70257 ], [ 136.1818, -13.70263 ], [ 136.17992, -13.70341 ], [ 136.17892, -13.70298 ], [ 136.17744, -13.70493 ], [ 136.17377, -13.70707 ], [ 136.17451, -13.7081 ], [ 136.17701, -13.70868 ], [ 136.17618, -13.71161 ], [ 136.17976, -13.71359 ], [ 136.18093, -13.71816 ], [ 136.17664, -13.72436 ], [ 136.17388, -13.72616 ], [ 136.17348, -13.72708 ], [ 136.17728, -13.7319 ], [ 136.18085, -13.73405 ], [ 136.18175, -13.73681 ], [ 136.17968, -13.74241 ], [ 136.17536, -13.74677 ], [ 136.17182, -13.74906 ], [ 136.16605, -13.75034 ], [ 136.16106, -13.75069 ], [ 136.15984, -13.74917 ], [ 136.15711, -13.74745 ], [ 136.15067, -13.74715 ], [ 136.14652, -13.74761 ], [ 136.14429, -13.74659 ], [ 136.14329, -13.74518 ], [ 136.14034, -13.744 ], [ 136.13933, -13.74287 ], [ 136.13987, -13.73782 ], [ 136.13931, -13.73544 ], [ 136.13261, -13.73872 ], [ 136.13038, -13.73792 ], [ 136.12849, -13.73635 ], [ 136.12647, -13.73311 ], [ 136.12539, -13.72612 ], [ 136.12405, -13.72498 ], [ 136.12437, -13.72379 ], [ 136.12255, -13.72225 ], [ 136.11993, -13.72229 ], [ 136.11896, -13.72291 ], [ 136.11693, -13.72791 ], [ 136.11425, -13.72937 ], [ 136.11293, -13.73125 ], [ 136.11201, -13.73659 ], [ 136.10931, -13.74203 ], [ 136.10955, -13.74604 ], [ 136.11089, -13.74902 ], [ 136.11147, -13.75373 ], [ 136.11066, -13.75721 ], [ 136.10989, -13.75808 ], [ 136.10996, -13.76361 ], [ 136.11155, -13.77055 ], [ 136.11239, -13.77207 ], [ 136.11539, -13.77437 ], [ 136.11619, -13.7767 ], [ 136.11915, -13.78136 ], [ 136.12057, -13.78732 ], [ 136.11712, -13.79786 ], [ 136.10835, -13.80881 ], [ 136.10555, -13.81521 ], [ 136.1065, -13.81738 ], [ 136.10828, -13.81927 ], [ 136.11514, -13.82386 ], [ 136.11565, -13.82705 ], [ 136.11839, -13.83002 ], [ 136.12261, -13.83272 ], [ 136.12667, -13.83433 ], [ 136.1279, -13.8358 ], [ 136.13336, -13.83549 ], [ 136.13541, -13.83707 ], [ 136.1398, -13.83652 ], [ 136.14422, -13.83484 ], [ 136.15272, -13.83513 ], [ 136.15598, -13.83422 ], [ 136.16102, -13.83463 ], [ 136.16564, -13.83371 ], [ 136.16787, -13.83457 ], [ 136.16848, -13.83418 ], [ 136.1684, -13.83212 ], [ 136.16933, -13.82967 ], [ 136.16827, -13.82686 ], [ 136.16923, -13.82059 ], [ 136.16802, -13.82025 ], [ 136.1623, -13.82152 ], [ 136.16036, -13.82131 ], [ 136.15809, -13.82024 ], [ 136.15597, -13.81808 ], [ 136.15517, -13.8164 ], [ 136.15505, -13.81255 ], [ 136.1589, -13.80585 ], [ 136.15728, -13.80543 ], [ 136.15639, -13.8036 ], [ 136.15755, -13.80256 ], [ 136.15743, -13.7999 ], [ 136.15594, -13.80094 ], [ 136.15482, -13.80035 ], [ 136.15403, -13.79672 ], [ 136.15296, -13.79482 ], [ 136.15311, -13.79211 ], [ 136.15177, -13.78919 ], [ 136.1506, -13.78849 ], [ 136.14794, -13.78849 ], [ 136.14492, -13.7853 ], [ 136.14652, -13.78227 ], [ 136.14668, -13.78026 ], [ 136.14999, -13.77694 ], [ 136.1511, -13.77676 ], [ 136.15211, -13.77828 ], [ 136.15377, -13.77839 ], [ 136.15478, -13.77952 ], [ 136.1552, -13.77773 ], [ 136.15759, -13.77679 ], [ 136.15804, -13.77717 ], [ 136.16186, -13.77421 ], [ 136.16706, -13.77149 ], [ 136.16843, -13.76942 ], [ 136.17536, -13.7677 ], [ 136.18458, -13.76793 ], [ 136.19033, -13.77096 ], [ 136.19218, -13.77338 ], [ 136.19032, -13.77447 ], [ 136.1895, -13.77751 ], [ 136.18937, -13.78271 ], [ 136.19016, -13.78599 ], [ 136.19201, -13.78915 ] ] ], [ [ [ 136.49872, -13.7173 ], [ 136.49843, -13.71551 ], [ 136.4975, -13.71715 ], [ 136.49576, -13.71537 ], [ 136.4953, -13.71342 ], [ 136.49349, -13.71559 ], [ 136.49073, -13.71692 ], [ 136.48867, -13.71671 ], [ 136.48662, -13.71743 ], [ 136.48442, -13.71933 ], [ 136.47137, -13.72071 ], [ 136.47129, -13.72234 ], [ 136.4724, -13.72337 ], [ 136.4722, -13.72575 ], [ 136.46889, -13.72995 ], [ 136.46808, -13.73218 ], [ 136.46632, -13.73761 ], [ 136.4668, -13.74141 ], [ 136.46933, -13.74731 ], [ 136.47352, -13.7513 ], [ 136.47664, -13.75307 ], [ 136.48308, -13.75449 ], [ 136.48682, -13.75663 ], [ 136.48978, -13.75933 ], [ 136.49292, -13.76501 ], [ 136.49431, -13.77541 ], [ 136.49723, -13.77936 ], [ 136.49863, -13.78248 ], [ 136.50008, -13.78302 ], [ 136.50063, -13.78194 ], [ 136.50275, -13.78469 ], [ 136.50628, -13.7877 ], [ 136.50737, -13.78747 ], [ 136.50798, -13.78623 ], [ 136.50892, -13.78585 ], [ 136.5127, -13.78593 ], [ 136.51419, -13.78706 ], [ 136.51656, -13.79127 ], [ 136.51911, -13.7919 ], [ 136.5243, -13.78619 ], [ 136.53153, -13.78103 ], [ 136.53428, -13.77728 ], [ 136.53597, -13.77314 ], [ 136.5367, -13.77342 ], [ 136.5371, -13.77482 ], [ 136.53998, -13.77443 ], [ 136.5408, -13.77387 ], [ 136.5414, -13.77149 ], [ 136.54128, -13.76893 ], [ 136.53997, -13.76477 ], [ 136.53742, -13.76441 ], [ 136.53614, -13.76349 ], [ 136.53545, -13.76063 ], [ 136.53582, -13.75802 ], [ 136.53435, -13.75326 ], [ 136.53356, -13.75234 ], [ 136.53235, -13.75283 ], [ 136.53122, -13.75165 ], [ 136.53281, -13.74839 ], [ 136.53702, -13.74453 ], [ 136.53864, -13.7389 ], [ 136.53806, -13.73619 ], [ 136.53632, -13.73361 ], [ 136.5367, -13.73197 ], [ 136.53412, -13.72776 ], [ 136.53418, -13.71931 ], [ 136.52966, -13.71587 ], [ 136.52852, -13.71427 ], [ 136.52857, -13.70925 ], [ 136.52962, -13.70854 ], [ 136.52918, -13.70603 ], [ 136.53094, -13.70345 ], [ 136.52839, -13.70354 ], [ 136.52495, -13.70113 ], [ 136.52079, -13.70143 ], [ 136.51777, -13.70242 ], [ 136.51479, -13.70024 ], [ 136.50984, -13.6985 ], [ 136.50867, -13.69985 ], [ 136.50889, -13.7003 ], [ 136.51194, -13.70137 ], [ 136.51339, -13.70306 ], [ 136.51468, -13.70608 ], [ 136.51729, -13.70807 ], [ 136.51815, -13.71018 ], [ 136.51778, -13.713 ], [ 136.51552, -13.71731 ], [ 136.51249, -13.71911 ], [ 136.51038, -13.71902 ], [ 136.50867, -13.72039 ], [ 136.50545, -13.72094 ], [ 136.502, -13.72004 ], [ 136.49872, -13.7173 ] ] ], [ [ [ 136.36689, -13.84236 ], [ 136.36886, -13.8418 ], [ 136.36955, -13.8409 ], [ 136.36933, -13.83819 ], [ 136.37119, -13.83402 ], [ 136.37306, -13.82555 ], [ 136.371, -13.82012 ], [ 136.3695, -13.81808 ], [ 136.36962, -13.81515 ], [ 136.36859, -13.81447 ], [ 136.36801, -13.81232 ], [ 136.36709, -13.81153 ], [ 136.35935, -13.80936 ], [ 136.35704, -13.80935 ], [ 136.35472, -13.81025 ], [ 136.35275, -13.81216 ], [ 136.35332, -13.81657 ], [ 136.35239, -13.81928 ], [ 136.3496, -13.82209 ], [ 136.34578, -13.82265 ], [ 136.34405, -13.82411 ], [ 136.33847, -13.83211 ], [ 136.33584, -13.83424 ], [ 136.33394, -13.83921 ], [ 136.33567, -13.8408 ], [ 136.33543, -13.84374 ], [ 136.33601, -13.8443 ], [ 136.33971, -13.84477 ], [ 136.34538, -13.84388 ], [ 136.34786, -13.84564 ], [ 136.3493, -13.84593 ], [ 136.34988, -13.84491 ], [ 136.3485, -13.84468 ], [ 136.35058, -13.84299 ], [ 136.35243, -13.84277 ], [ 136.35359, -13.84176 ], [ 136.35961, -13.8411 ], [ 136.36689, -13.84236 ] ] ], [ [ [ 136.66417, -13.66543 ], [ 136.66567, -13.66514 ], [ 136.6666, -13.66378 ], [ 136.66881, -13.66359 ], [ 136.66463, -13.66873 ], [ 136.66542, -13.67002 ], [ 136.66477, -13.67154 ], [ 136.66365, -13.67123 ], [ 136.66129, -13.67406 ], [ 136.66175, -13.67683 ], [ 136.65961, -13.67978 ], [ 136.66142, -13.67915 ], [ 136.66405, -13.68011 ], [ 136.66527, -13.68163 ], [ 136.66547, -13.68472 ], [ 136.67706, -13.67738 ], [ 136.676, -13.6751 ], [ 136.67619, -13.67374 ], [ 136.68086, -13.66689 ], [ 136.68141, -13.66466 ], [ 136.68123, -13.66379 ], [ 136.67961, -13.6626 ], [ 136.67955, -13.66153 ], [ 136.68231, -13.65857 ], [ 136.67801, -13.656 ], [ 136.67613, -13.6565 ], [ 136.6734, -13.65522 ], [ 136.67175, -13.65621 ], [ 136.67108, -13.65507 ], [ 136.66898, -13.65519 ], [ 136.66831, -13.65439 ], [ 136.66564, -13.65392 ], [ 136.6615, -13.6566 ], [ 136.66255, -13.6579 ], [ 136.66405, -13.65728 ], [ 136.66461, -13.65798 ], [ 136.66373, -13.65898 ], [ 136.66402, -13.65999 ], [ 136.66187, -13.66148 ], [ 136.66165, -13.66241 ], [ 136.66475, -13.66244 ], [ 136.66525, -13.66298 ], [ 136.66417, -13.66543 ] ] ], [ [ [ 136.57545, -13.66602 ], [ 136.57601, -13.6676 ], [ 136.58028, -13.66821 ], [ 136.58131, -13.66912 ], [ 136.58305, -13.66903 ], [ 136.58595, -13.66747 ], [ 136.59127, -13.66752 ], [ 136.5921, -13.66549 ], [ 136.59418, -13.66407 ], [ 136.59731, -13.66419 ], [ 136.60034, -13.6615 ], [ 136.6028, -13.65791 ], [ 136.60257, -13.65699 ], [ 136.59993, -13.65574 ], [ 136.59808, -13.6564 ], [ 136.59404, -13.65557 ], [ 136.59059, -13.65328 ], [ 136.58631, -13.6538 ], [ 136.58015, -13.65815 ], [ 136.58024, -13.66086 ], [ 136.57545, -13.66602 ] ] ], [ [ [ 136.39539, -13.7038 ], [ 136.39428, -13.70316 ], [ 136.39209, -13.69905 ], [ 136.39064, -13.699 ], [ 136.38619, -13.69518 ], [ 136.38303, -13.69388 ], [ 136.38025, -13.69455 ], [ 136.38151, -13.69895 ], [ 136.3834, -13.70127 ], [ 136.38459, -13.70495 ], [ 136.38511, -13.70863 ], [ 136.38462, -13.71032 ], [ 136.38378, -13.71069 ], [ 136.38428, -13.7114 ], [ 136.39412, -13.71444 ], [ 136.39486, -13.71536 ], [ 136.40046, -13.7156 ], [ 136.40134, -13.71451 ], [ 136.40027, -13.71332 ], [ 136.39949, -13.71349 ], [ 136.39882, -13.7117 ], [ 136.39888, -13.71071 ], [ 136.39998, -13.71012 ], [ 136.39963, -13.70895 ], [ 136.39803, -13.70959 ], [ 136.39698, -13.70759 ], [ 136.39542, -13.70689 ], [ 136.39539, -13.7038 ] ] ], [ [ [ 136.9077, -13.6679 ], [ 136.9101, -13.66822 ], [ 136.91392, -13.66318 ], [ 136.91156, -13.65925 ], [ 136.90862, -13.65796 ], [ 136.90807, -13.6589 ], [ 136.9053, -13.65973 ], [ 136.90509, -13.66086 ], [ 136.90404, -13.6618 ], [ 136.90115, -13.66231 ], [ 136.89945, -13.6633 ], [ 136.89825, -13.66699 ], [ 136.89485, -13.67065 ], [ 136.88966, -13.67302 ], [ 136.88849, -13.67298 ], [ 136.88696, -13.67582 ], [ 136.88841, -13.67721 ], [ 136.89618, -13.67645 ], [ 136.89713, -13.67737 ], [ 136.89702, -13.67882 ], [ 136.90068, -13.67783 ], [ 136.90172, -13.67608 ], [ 136.9017, -13.67396 ], [ 136.90048, -13.67398 ], [ 136.9003, -13.67246 ], [ 136.903, -13.66983 ], [ 136.903, -13.66852 ], [ 136.90474, -13.66587 ], [ 136.90735, -13.666 ], [ 136.9077, -13.6679 ] ] ], [ [ [ 136.63211, -13.67371 ], [ 136.63422, -13.67289 ], [ 136.63509, -13.67131 ], [ 136.6342, -13.67078 ], [ 136.63492, -13.67006 ], [ 136.63687, -13.67179 ], [ 136.64079, -13.67035 ], [ 136.64267, -13.6685 ], [ 136.64157, -13.66308 ], [ 136.6384, -13.66099 ], [ 136.63851, -13.66006 ], [ 136.64022, -13.65962 ], [ 136.64115, -13.65808 ], [ 136.64031, -13.65637 ], [ 136.63761, -13.65747 ], [ 136.63854, -13.65578 ], [ 136.63648, -13.65612 ], [ 136.63706, -13.65861 ], [ 136.63405, -13.65792 ], [ 136.63345, -13.65956 ], [ 136.6324, -13.65918 ], [ 136.63179, -13.65989 ], [ 136.63168, -13.66042 ], [ 136.63263, -13.6607 ], [ 136.63187, -13.66183 ], [ 136.63103, -13.66163 ], [ 136.63153, -13.66336 ], [ 136.63054, -13.66418 ], [ 136.62958, -13.66848 ], [ 136.63025, -13.66868 ], [ 136.63017, -13.67048 ], [ 136.63237, -13.67106 ], [ 136.6315, -13.67324 ], [ 136.63211, -13.67371 ] ] ], [ [ [ 136.7511, -13.69053 ], [ 136.75052, -13.69042 ], [ 136.74866, -13.69176 ], [ 136.74832, -13.69119 ], [ 136.74914, -13.69007 ], [ 136.74869, -13.68882 ], [ 136.74451, -13.69048 ], [ 136.74384, -13.68855 ], [ 136.74255, -13.6908 ], [ 136.74198, -13.68978 ], [ 136.7407, -13.69033 ], [ 136.73967, -13.68953 ], [ 136.73946, -13.68704 ], [ 136.73819, -13.68635 ], [ 136.73576, -13.68746 ], [ 136.73477, -13.69435 ], [ 136.73349, -13.69569 ], [ 136.7358, -13.69515 ], [ 136.73787, -13.69686 ], [ 136.74065, -13.69564 ], [ 136.74183, -13.69373 ], [ 136.74251, -13.6943 ], [ 136.74564, -13.69331 ], [ 136.74599, -13.69388 ], [ 136.74505, -13.69534 ], [ 136.74562, -13.6958 ], [ 136.74864, -13.69402 ], [ 136.74863, -13.69492 ], [ 136.75048, -13.69584 ], [ 136.75119, -13.69336 ], [ 136.75223, -13.69371 ], [ 136.75433, -13.69067 ], [ 136.75247, -13.69213 ], [ 136.75132, -13.69212 ], [ 136.7511, -13.69053 ] ] ], [ [ [ 136.6545, -13.65497 ], [ 136.65471, -13.65409 ], [ 136.65273, -13.65498 ], [ 136.65166, -13.65465 ], [ 136.64949, -13.65619 ], [ 136.64852, -13.6557 ], [ 136.64873, -13.6549 ], [ 136.64574, -13.65523 ], [ 136.64353, -13.65677 ], [ 136.64386, -13.65763 ], [ 136.64536, -13.65708 ], [ 136.64636, -13.65795 ], [ 136.64615, -13.65871 ], [ 136.64514, -13.65871 ], [ 136.64455, -13.65942 ], [ 136.6451, -13.65964 ], [ 136.64488, -13.66084 ], [ 136.64568, -13.66196 ], [ 136.64794, -13.66157 ], [ 136.64708, -13.66489 ], [ 136.64885, -13.66569 ], [ 136.65018, -13.66498 ], [ 136.65129, -13.66562 ], [ 136.65378, -13.66316 ], [ 136.6552, -13.66001 ], [ 136.65502, -13.65865 ], [ 136.65662, -13.65657 ], [ 136.65605, -13.65463 ], [ 136.6545, -13.65497 ] ] ], [ [ [ 136.57273, -13.78501 ], [ 136.5743, -13.78717 ], [ 136.57672, -13.78395 ], [ 136.57891, -13.77867 ], [ 136.57927, -13.77635 ], [ 136.57854, -13.77516 ], [ 136.57382, -13.7732 ], [ 136.5721, -13.77375 ], [ 136.57158, -13.77846 ], [ 136.57273, -13.78501 ] ] ], [ [ [ 136.58214, -13.72296 ], [ 136.5822, -13.72399 ], [ 136.58031, -13.72509 ], [ 136.57964, -13.72325 ], [ 136.5772, -13.72229 ], [ 136.57204, -13.72395 ], [ 136.57048, -13.72315 ], [ 136.56949, -13.72386 ], [ 136.56972, -13.72565 ], [ 136.57173, -13.72682 ], [ 136.57247, -13.72915 ], [ 136.57686, -13.72978 ], [ 136.5788, -13.72938 ], [ 136.57952, -13.72873 ], [ 136.57988, -13.72645 ], [ 136.58507, -13.72305 ], [ 136.58084, -13.72167 ], [ 136.58025, -13.72211 ], [ 136.58052, -13.72286 ], [ 136.58214, -13.72296 ] ] ], [ [ [ 136.5316, -13.69919 ], [ 136.53798, -13.69911 ], [ 136.53832, -13.69802 ], [ 136.53387, -13.69641 ], [ 136.53374, -13.69539 ], [ 136.53452, -13.69398 ], [ 136.53673, -13.69303 ], [ 136.5356, -13.6912 ], [ 136.53554, -13.68914 ], [ 136.53641, -13.68811 ], [ 136.53919, -13.68775 ], [ 136.5398, -13.68688 ], [ 136.53586, -13.68773 ], [ 136.53569, -13.6873 ], [ 136.5342, -13.68774 ], [ 136.53415, -13.68845 ], [ 136.5318, -13.68749 ], [ 136.53077, -13.68851 ], [ 136.52954, -13.68815 ], [ 136.52967, -13.69167 ], [ 136.53174, -13.69389 ], [ 136.5316, -13.69919 ] ] ], [ [ [ 136.92654, -13.66673 ], [ 136.92775, -13.66606 ], [ 136.92882, -13.66698 ], [ 136.93063, -13.66659 ], [ 136.93278, -13.6652 ], [ 136.93317, -13.66292 ], [ 136.93372, -13.66368 ], [ 136.93483, -13.66357 ], [ 136.93662, -13.66452 ], [ 136.93726, -13.66251 ], [ 136.93565, -13.6622 ], [ 136.93425, -13.66085 ], [ 136.93349, -13.66174 ], [ 136.93237, -13.66131 ], [ 136.93208, -13.66011 ], [ 136.93053, -13.65844 ], [ 136.92935, -13.65872 ], [ 136.92793, -13.66059 ], [ 136.92582, -13.66181 ], [ 136.92784, -13.66405 ], [ 136.92654, -13.66673 ] ] ], [ [ [ 136.62299, -13.67079 ], [ 136.62548, -13.66932 ], [ 136.62636, -13.66751 ], [ 136.62896, -13.66576 ], [ 136.62903, -13.66234 ], [ 136.62981, -13.66114 ], [ 136.62897, -13.66056 ], [ 136.62833, -13.66322 ], [ 136.62694, -13.6642 ], [ 136.62728, -13.66464 ], [ 136.62534, -13.66562 ], [ 136.62245, -13.66429 ], [ 136.62197, -13.66598 ], [ 136.62125, -13.66598 ], [ 136.62158, -13.6675 ], [ 136.62053, -13.6676 ], [ 136.62026, -13.66827 ], [ 136.62364, -13.66927 ], [ 136.62299, -13.67079 ] ] ], [ [ [ 136.37958, -13.72347 ], [ 136.3808, -13.72249 ], [ 136.3809, -13.71782 ], [ 136.37993, -13.71512 ], [ 136.3798, -13.71083 ], [ 136.37906, -13.71062 ], [ 136.3779, -13.7117 ], [ 136.37732, -13.71481 ], [ 136.3788, -13.72294 ], [ 136.37958, -13.72347 ] ] ], [ [ [ 136.60169, -13.66931 ], [ 136.60071, -13.67164 ], [ 136.6043, -13.66902 ], [ 136.60599, -13.66554 ], [ 136.61002, -13.6641 ], [ 136.60846, -13.66297 ], [ 136.6075, -13.66086 ], [ 136.60613, -13.66272 ], [ 136.60535, -13.66256 ], [ 136.60541, -13.66147 ], [ 136.60408, -13.66207 ], [ 136.60505, -13.66446 ], [ 136.60372, -13.66642 ], [ 136.60346, -13.66903 ], [ 136.60169, -13.66931 ] ] ], [ [ [ 136.26621, -13.84048 ], [ 136.26716, -13.84102 ], [ 136.2682, -13.83863 ], [ 136.26784, -13.83597 ], [ 136.26723, -13.83576 ], [ 136.26685, -13.83727 ], [ 136.26523, -13.83544 ], [ 136.2644, -13.83382 ], [ 136.26505, -13.83181 ], [ 136.264, -13.83344 ], [ 136.26621, -13.84048 ] ] ], [ [ [ 136.18279, -13.66743 ], [ 136.18473, -13.66509 ], [ 136.18288, -13.66309 ], [ 136.18017, -13.66364 ], [ 136.17989, -13.66473 ], [ 136.18279, -13.66743 ] ] ], [ [ [ 136.59198, -13.6777 ], [ 136.59162, -13.67939 ], [ 136.59208, -13.67962 ], [ 136.59477, -13.6758 ], [ 136.59443, -13.67489 ], [ 136.59155, -13.67453 ], [ 136.59085, -13.67543 ], [ 136.59198, -13.6777 ] ] ], [ [ [ 136.16889, -13.84026 ], [ 136.17066, -13.83938 ], [ 136.171, -13.83807 ], [ 136.16911, -13.83771 ], [ 136.16822, -13.83825 ], [ 136.16889, -13.84026 ] ] ], [ [ [ 136.54473, -13.72944 ], [ 136.54673, -13.72867 ], [ 136.54749, -13.72675 ], [ 136.54505, -13.72747 ], [ 136.54473, -13.72944 ] ] ], [ [ [ 136.62917, -13.65704 ], [ 136.62677, -13.65602 ], [ 136.62757, -13.65807 ], [ 136.62851, -13.65802 ], [ 136.62917, -13.65704 ] ] ], [ [ [ 136.62367, -13.67236 ], [ 136.62572, -13.67196 ], [ 136.62627, -13.67078 ], [ 136.62439, -13.67138 ], [ 136.62367, -13.67236 ] ] ], [ [ [ 136.60851, -13.66877 ], [ 136.6091, -13.66709 ], [ 136.60839, -13.66726 ], [ 136.60762, -13.66873 ], [ 136.60851, -13.66877 ] ] ], [ [ [ 136.61051, -13.66886 ], [ 136.61116, -13.66838 ], [ 136.61077, -13.6673 ], [ 136.61032, -13.66761 ], [ 136.61051, -13.66886 ] ] ], [ [ [ 136.68726, -13.63213 ], [ 136.69132, -13.63092 ], [ 136.69246, -13.63274 ], [ 136.695, -13.63265 ], [ 136.69648, -13.63537 ], [ 136.69866, -13.63652 ], [ 136.7018, -13.63497 ], [ 136.70205, -13.63203 ], [ 136.70148, -13.6318 ], [ 136.70008, -13.6336 ], [ 136.69857, -13.63403 ], [ 136.69742, -13.63335 ], [ 136.7, -13.62874 ], [ 136.69724, -13.62826 ], [ 136.69631, -13.6287 ], [ 136.69539, -13.62802 ], [ 136.69529, -13.62587 ], [ 136.69958, -13.62433 ], [ 136.70134, -13.62197 ], [ 136.70077, -13.62129 ], [ 136.70227, -13.62107 ], [ 136.70124, -13.61948 ], [ 136.69974, -13.61936 ], [ 136.70068, -13.61778 ], [ 136.70034, -13.61733 ], [ 136.69794, -13.61816 ], [ 136.69789, -13.61979 ], [ 136.6959, -13.62215 ], [ 136.69406, -13.62213 ], [ 136.69255, -13.62291 ], [ 136.69208, -13.6237 ], [ 136.69287, -13.62517 ], [ 136.69229, -13.62573 ], [ 136.6894, -13.62616 ], [ 136.68615, -13.62771 ], [ 136.68635, -13.63133 ], [ 136.68726, -13.63213 ] ] ], [ [ [ 136.68483, -13.63226 ], [ 136.68379, -13.63281 ], [ 136.68302, -13.63432 ], [ 136.6823, -13.63423 ], [ 136.68213, -13.63309 ], [ 136.68285, -13.63222 ], [ 136.68234, -13.63206 ], [ 136.68118, -13.6332 ], [ 136.68025, -13.63586 ], [ 136.68128, -13.63764 ], [ 136.68094, -13.63847 ], [ 136.6835, -13.63878 ], [ 136.68283, -13.63965 ], [ 136.68068, -13.64031 ], [ 136.68068, -13.64107 ], [ 136.68268, -13.64111 ], [ 136.67937, -13.64378 ], [ 136.68028, -13.64731 ], [ 136.68234, -13.64773 ], [ 136.68614, -13.64547 ], [ 136.68674, -13.6427 ], [ 136.68784, -13.64123 ], [ 136.68753, -13.64072 ], [ 136.68822, -13.63998 ], [ 136.68605, -13.64006 ], [ 136.6844, -13.64104 ], [ 136.68477, -13.63866 ], [ 136.68555, -13.6393 ], [ 136.6871, -13.63897 ], [ 136.68903, -13.63673 ], [ 136.68808, -13.63582 ], [ 136.68846, -13.635 ], [ 136.68707, -13.6344 ], [ 136.68562, -13.63491 ], [ 136.68601, -13.6336 ], [ 136.68474, -13.63405 ], [ 136.68483, -13.63226 ] ] ] ] } },
{ "type": "Feature", "properties": { "SA2_CODE21": 702041063, "SA2_NAME21": "East Arnhem", "CHG_FLAG21": "0", "CHG_LBL21": "No change", "SA3_CODE21": "70204", "SA3_NAME21": "East Arnhem", "SA4_CODE21": "702", "SA4_NAME21": "Northern Territory - Outback", "GCC_CODE21": "7RNTE", "GCC_NAME21": "Rest of NT", "STE_CODE21": "7", "STE_NAME21": "Northern Territory", "AUS_CODE21": "AUS", "AUS_NAME21": "Australia", "AREASQKM21": 30989.9027, "LOCI_URI21": "http://linked.data.gov.au/dataset/asgsed3/SA2/702041063", "Group": "Total_low_ses", "Australian Catholic University": 0.0, "Avondale University": 0.0, "Bond University": 0.0, "CQUniversity": 0.0, "Charles Darwin University": 2.0, "Charles Sturt University": 0.0, "Curtin University": 0.0, "Deakin University": 0.0, "Edith Cowan University": 0.0, "Federation University Australia": 0.0, "Flinders University": 0.0, "Griffith University": 0.0, "James Cook University": 0.0, "Macquarie University": 0.0, "Monash University": 0.0, "Murdoch University": 0.0, "Queensland University of Technology": 0.0, "RMIT University": 0.0, "Southern Cross University": 0.0, "Swinburne University of Technology": 0.0, "The Australian National University": 2.0, "The University of Adelaide": 0.0, "The University of Melbourne": 0.0, "The University of New England": 0.0, "The University of Newcastle": 0.0, "The University of Notre Dame Australia": 0.0, "The University of Queensland": 0.0, "The University of Sydney": 0.0, "The University of Western Australia": 0.0, "Torrens University Australia": 0.0, "University of Canberra": 0.0, "University of Divinity": 0.0, "University of New South Wales": 0.0, "University of South Australia": 0.0, "University of Southern Queensland": 0.0, "University of Tasmania": 0.0, "University of Technology Sydney": 0.0, "University of Wollongong": 0.0, "University of the Sunshine Coast": 0.0, "Victoria University": 0.0, "Western Sydney University": 0.0, "id": 702041063, "name": "East Arnhem" }, "geometry": { "type": "MultiPolygon", "coordinates": [ [ [ [ 136.07811, -11.6044 ], [ 136.08552, -11.60129 ], [ 136.08908, -11.58201 ], [ 136.07678, -11.58651 ], [ 136.07811, -11.6044 ] ] ], [ [ [ 136.10634, -11.563 ], [ 136.1084, -11.56756 ], [ 136.11444, -11.56613 ], [ 136.12094, -11.55444 ], [ 136.12245, -11.54424 ], [ 136.11139, -11.54596 ], [ 136.10634, -11.563 ] ] ], [ [ [ 136.22922, -13.4741 ], [ 136.22994, -13.47301 ], [ 136.22838, -13.47248 ], [ 136.22922, -13.4741 ] ] ], [ [ [ 136.24256, -13.45852 ], [ 136.24529, -13.46225 ], [ 136.24653, -13.45584 ], [ 136.25261, -13.45419 ], [ 136.26815, -13.46734 ], [ 136.27295, -13.46227 ], [ 136.27036, -13.45529 ], [ 136.25412, -13.44648 ], [ 136.24665, -13.43604 ], [ 136.23859, -13.44276 ], [ 136.24357, -13.44881 ], [ 136.24256, -13.45852 ] ] ], [ [ [ 136.67073, -12.87497 ], [ 136.67793, -12.87677 ], [ 136.67502, -12.87028 ], [ 136.66804, -12.87027 ], [ 136.67073, -12.87497 ] ] ], [ [ [ 136.78678, -12.04338 ], [ 136.78765, -12.04238 ], [ 136.78446, -12.04269 ], [ 136.78678, -12.04338 ] ] ], [ [ [ 136.65992, -11.8344 ], [ 136.64283, -11.8395 ], [ 136.64593, -11.84052 ], [ 136.66793, -11.83788 ], [ 136.68848, -11.82182 ], [ 136.67732, -11.82329 ], [ 136.65992, -11.8344 ] ] ], [ [ [ 136.05023, -11.78544 ], [ 136.04065, -11.78315 ], [ 136.02782, -11.81265 ], [ 136.04269, -11.80186 ], [ 136.043, -11.79529 ], [ 136.05023, -11.78544 ] ] ], [ [ [ 135.30904, -11.72959 ], [ 135.30849, -11.72856 ], [ 135.30771, -11.72948 ], [ 135.30904, -11.72959 ] ] ], [ [ [ 136.15442, -11.69303 ], [ 136.14573, -11.68406 ], [ 136.13759, -11.68279 ], [ 136.1414, -11.6869 ], [ 136.14067, -11.69747 ], [ 136.1336, -11.70395 ], [ 136.12897, -11.70393 ], [ 136.12488, -11.711 ], [ 136.13093, -11.72551 ], [ 136.14186, -11.71956 ], [ 136.14793, -11.70863 ], [ 136.15387, -11.70557 ], [ 136.15442, -11.69303 ] ] ], [ [ [ 135.15226, -11.69998 ], [ 135.16125, -11.70827 ], [ 135.16692, -11.70914 ], [ 135.16944, -11.70328 ], [ 135.1618, -11.69814 ], [ 135.15671, -11.68587 ], [ 135.14928, -11.68734 ], [ 135.15226, -11.69998 ] ] ], [ [ [ 136.81922, -11.66818 ], [ 136.80991, -11.67437 ], [ 136.82517, -11.6765 ], [ 136.83597, -11.67045 ], [ 136.83774, -11.66523 ], [ 136.83286, -11.65719 ], [ 136.82821, -11.66086 ], [ 136.82351, -11.65915 ], [ 136.81922, -11.66818 ] ] ], [ [ [ 136.23067, -13.44193 ], [ 136.22849, -13.43906 ], [ 136.22307, -13.44023 ], [ 136.22451, -13.44163 ], [ 136.23067, -13.44193 ] ] ], [ [ [ 136.62407, -12.86648 ], [ 136.63058, -12.86481 ], [ 136.62636, -12.86023 ], [ 136.62665, -12.85437 ], [ 136.61799, -12.85822 ], [ 136.6216, -12.86883 ], [ 136.62514, -12.86826 ], [ 136.62407, -12.86648 ] ] ], [ [ [ 136.57154, -11.87017 ], [ 136.57935, -11.86894 ], [ 136.57966, -11.86535 ], [ 136.57491, -11.8631 ], [ 136.56997, -11.86518 ], [ 136.57154, -11.87017 ] ] ], [ [ [ 136.20268, -11.61356 ], [ 136.20027, -11.61634 ], [ 136.19255, -11.61405 ], [ 136.19565, -11.63053 ], [ 136.20764, -11.64105 ], [ 136.21054, -11.63562 ], [ 136.20521, -11.62816 ], [ 136.20268, -11.61356 ] ] ], [ [ [ 136.07766, -13.46867 ], [ 136.07877, -13.48119 ], [ 136.07456, -13.4824 ], [ 136.07635, -13.48484 ], [ 136.08033, -13.48259 ], [ 136.0814, -13.47272 ], [ 136.10578, -13.4718 ], [ 136.10891, -13.46527 ], [ 136.10055, -13.45473 ], [ 136.08579, -13.45241 ], [ 136.08221, -13.4438 ], [ 136.07752, -13.45011 ], [ 136.081, -13.45975 ], [ 136.07377, -13.46624 ], [ 136.07766, -13.46867 ] ] ], [ [ [ 136.10616, -13.44668 ], [ 136.11092, -13.44509 ], [ 136.10902, -13.44103 ], [ 136.1057, -13.44245 ], [ 136.10616, -13.44668 ] ] ], [ [ [ 136.07102, -13.44645 ], [ 136.07456, -13.44519 ], [ 136.07172, -13.44119 ], [ 136.07073, -13.44206 ], [ 136.07102, -13.44645 ] ] ], [ [ [ 134.81239, -12.02454 ], [ 134.81129, -12.01907 ], [ 134.80313, -12.01422 ], [ 134.79673, -12.02089 ], [ 134.79634, -12.03077 ], [ 134.80444, -12.03891 ], [ 134.83161, -12.04723 ], [ 134.81547, -12.03176 ], [ 134.81233, -12.02633 ], [ 134.81161, -12.02258 ], [ 134.81239, -12.02454 ] ] ], [ [ [ 136.51617, -11.79725 ], [ 136.51197, -11.80561 ], [ 136.54808, -11.7923 ], [ 136.5684, -11.79268 ], [ 136.5846, -11.78667 ], [ 136.5897, -11.7823 ], [ 136.58465, -11.77518 ], [ 136.5924, -11.7638 ], [ 136.61491, -11.75331 ], [ 136.62788, -11.74081 ], [ 136.62263, -11.73758 ], [ 136.61471, -11.73856 ], [ 136.61137, -11.74215 ], [ 136.61367, -11.748 ], [ 136.60978, -11.75166 ], [ 136.605, -11.74555 ], [ 136.59126, -11.74676 ], [ 136.58744, -11.74441 ], [ 136.58814, -11.75091 ], [ 136.5787, -11.75498 ], [ 136.58807, -11.75748 ], [ 136.58788, -11.76458 ], [ 136.57882, -11.7661 ], [ 136.56545, -11.76048 ], [ 136.56652, -11.76373 ], [ 136.57247, -11.76538 ], [ 136.5725, -11.77046 ], [ 136.56745, -11.77104 ], [ 136.57272, -11.77823 ], [ 136.5639, -11.77622 ], [ 136.55801, -11.76778 ], [ 136.55903, -11.78155 ], [ 136.55197, -11.77899 ], [ 136.54428, -11.78055 ], [ 136.54731, -11.77255 ], [ 136.53848, -11.76978 ], [ 136.53733, -11.76193 ], [ 136.53419, -11.76085 ], [ 136.53216, -11.77031 ], [ 136.53445, -11.77718 ], [ 136.52899, -11.78339 ], [ 136.51634, -11.78666 ], [ 136.51617, -11.79725 ] ] ], [ [ [ 135.99312, -11.72032 ], [ 135.99944, -11.71716 ], [ 136.01587, -11.69296 ], [ 136.0236, -11.6862 ], [ 136.02926, -11.68618 ], [ 136.03296, -11.67331 ], [ 136.05099, -11.65355 ], [ 136.05502, -11.65343 ], [ 136.04931, -11.64472 ], [ 136.03396, -11.64683 ], [ 136.02458, -11.63856 ], [ 136.00879, -11.64959 ], [ 135.96173, -11.67041 ], [ 135.95306, -11.67945 ], [ 135.94948, -11.69242 ], [ 135.95314, -11.70066 ], [ 135.98248, -11.71581 ], [ 135.9913, -11.70476 ], [ 135.99312, -11.72032 ] ] ], [ [ [ 136.05946, -11.64788 ], [ 136.06276, -11.64727 ], [ 136.06782, -11.63629 ], [ 136.06202, -11.62747 ], [ 136.06209, -11.63149 ], [ 136.05437, -11.63933 ], [ 136.05946, -11.64788 ] ] ], [ [ [ 136.69678, -11.13797 ], [ 136.68598, -11.13255 ], [ 136.68187, -11.13583 ], [ 136.68905, -11.13937 ], [ 136.69678, -11.13797 ] ] ], [ [ [ 136.72309, -11.08212 ], [ 136.72863, -11.08035 ], [ 136.72701, -11.07759 ], [ 136.71613, -11.07597 ], [ 136.71659, -11.07874 ], [ 136.72309, -11.08212 ] ] ], [ [ [ 136.68729, -11.22681 ], [ 136.68525, -11.22428 ], [ 136.68497, -11.22515 ], [ 136.68729, -11.22681 ] ] ], [ [ [ 136.68303, -11.23086 ], [ 136.68171, -11.23076 ], [ 136.68183, -11.23173 ], [ 136.68303, -11.23086 ] ] ], [ [ [ 136.49726, -11.41306 ], [ 136.50129, -11.42272 ], [ 136.50091, -11.42655 ], [ 136.49548, -11.42864 ], [ 136.49738, -11.43578 ], [ 136.48838, -11.43844 ], [ 136.48698, -11.44225 ], [ 136.47402, -11.44914 ], [ 136.49323, -11.46142 ], [ 136.50256, -11.45547 ], [ 136.49813, -11.45206 ], [ 136.49918, -11.44202 ], [ 136.51663, -11.4324 ], [ 136.52526, -11.43436 ], [ 136.52074, -11.44301 ], [ 136.52241, -11.44512 ], [ 136.53455, -11.44354 ], [ 136.53817, -11.44047 ], [ 136.53764, -11.4338 ], [ 136.54163, -11.4327 ], [ 136.53814, -11.42616 ], [ 136.54879, -11.42361 ], [ 136.55596, -11.41668 ], [ 136.56268, -11.40813 ], [ 136.5624, -11.39885 ], [ 136.56806, -11.39866 ], [ 136.57253, -11.39126 ], [ 136.58881, -11.38347 ], [ 136.58895, -11.37712 ], [ 136.59447, -11.37199 ], [ 136.59492, -11.36174 ], [ 136.60033, -11.35933 ], [ 136.59951, -11.34805 ], [ 136.60406, -11.34606 ], [ 136.61605, -11.32924 ], [ 136.62128, -11.33139 ], [ 136.62737, -11.32879 ], [ 136.6245, -11.32687 ], [ 136.62339, -11.31369 ], [ 136.62894, -11.31328 ], [ 136.62902, -11.30851 ], [ 136.62311, -11.3042 ], [ 136.63412, -11.29492 ], [ 136.62603, -11.28428 ], [ 136.63291, -11.27854 ], [ 136.63662, -11.28302 ], [ 136.64568, -11.28167 ], [ 136.64889, -11.26397 ], [ 136.65568, -11.26014 ], [ 136.66285, -11.26449 ], [ 136.66694, -11.26013 ], [ 136.66504, -11.25645 ], [ 136.66994, -11.24764 ], [ 136.67757, -11.24537 ], [ 136.68441, -11.24934 ], [ 136.67478, -11.23828 ], [ 136.67406, -11.22922 ], [ 136.66706, -11.22509 ], [ 136.67238, -11.22386 ], [ 136.6737, -11.21965 ], [ 136.67684, -11.22187 ], [ 136.68296, -11.2189 ], [ 136.68423, -11.21398 ], [ 136.69527, -11.21929 ], [ 136.69837, -11.21336 ], [ 136.70429, -11.21034 ], [ 136.70611, -11.21207 ], [ 136.70939, -11.20771 ], [ 136.71157, -11.19565 ], [ 136.71985, -11.19468 ], [ 136.71512, -11.17676 ], [ 136.71961, -11.17126 ], [ 136.72255, -11.14938 ], [ 136.73601, -11.1307 ], [ 136.73504, -11.11503 ], [ 136.74021, -11.09954 ], [ 136.74482, -11.09772 ], [ 136.74988, -11.08034 ], [ 136.74758, -11.0733 ], [ 136.75795, -11.04449 ], [ 136.76728, -11.03272 ], [ 136.76136, -11.0257 ], [ 136.76021, -11.01844 ], [ 136.75834, -11.02475 ], [ 136.75225, -11.02641 ], [ 136.75156, -11.0301 ], [ 136.74698, -11.02682 ], [ 136.73714, -11.03409 ], [ 136.73792, -11.03669 ], [ 136.74121, -11.03585 ], [ 136.74601, -11.04814 ], [ 136.73771, -11.04737 ], [ 136.73603, -11.05102 ], [ 136.73253, -11.04344 ], [ 136.72603, -11.04012 ], [ 136.71332, -11.05473 ], [ 136.71431, -11.05705 ], [ 136.72287, -11.0557 ], [ 136.72956, -11.06261 ], [ 136.73439, -11.06182 ], [ 136.7374, -11.07797 ], [ 136.73154, -11.08272 ], [ 136.73018, -11.09352 ], [ 136.72599, -11.09851 ], [ 136.72104, -11.09878 ], [ 136.71402, -11.0922 ], [ 136.70025, -11.09304 ], [ 136.70437, -11.10121 ], [ 136.715, -11.09778 ], [ 136.7145, -11.10565 ], [ 136.7222, -11.10988 ], [ 136.71636, -11.12501 ], [ 136.70586, -11.12165 ], [ 136.70347, -11.11781 ], [ 136.70318, -11.12264 ], [ 136.69425, -11.11895 ], [ 136.69895, -11.12451 ], [ 136.70693, -11.12636 ], [ 136.70118, -11.13925 ], [ 136.70455, -11.14243 ], [ 136.70464, -11.14856 ], [ 136.69669, -11.15213 ], [ 136.70347, -11.15383 ], [ 136.70586, -11.17014 ], [ 136.70063, -11.17614 ], [ 136.69744, -11.17583 ], [ 136.69275, -11.18253 ], [ 136.693, -11.18817 ], [ 136.68699, -11.19362 ], [ 136.67191, -11.1974 ], [ 136.66561, -11.19087 ], [ 136.66463, -11.18491 ], [ 136.66167, -11.18449 ], [ 136.65247, -11.18975 ], [ 136.64423, -11.20986 ], [ 136.62958, -11.21303 ], [ 136.62614, -11.20627 ], [ 136.62227, -11.21373 ], [ 136.62488, -11.22885 ], [ 136.6206, -11.2377 ], [ 136.61329, -11.24627 ], [ 136.60691, -11.24527 ], [ 136.60732, -11.25238 ], [ 136.59966, -11.26609 ], [ 136.58331, -11.2818 ], [ 136.58758, -11.28698 ], [ 136.57685, -11.3166 ], [ 136.58123, -11.32395 ], [ 136.57748, -11.33141 ], [ 136.56623, -11.33532 ], [ 136.56905, -11.33774 ], [ 136.56853, -11.34311 ], [ 136.56223, -11.34829 ], [ 136.55643, -11.3434 ], [ 136.54981, -11.34734 ], [ 136.55393, -11.3573 ], [ 136.54954, -11.35857 ], [ 136.54481, -11.36727 ], [ 136.53811, -11.3685 ], [ 136.53385, -11.36543 ], [ 136.53204, -11.37509 ], [ 136.52505, -11.383 ], [ 136.51791, -11.38417 ], [ 136.51972, -11.38633 ], [ 136.51576, -11.39308 ], [ 136.50796, -11.39518 ], [ 136.49825, -11.39152 ], [ 136.49989, -11.3978 ], [ 136.49488, -11.40765 ], [ 136.49983, -11.40821 ], [ 136.50315, -11.41137 ], [ 136.50283, -11.41338 ], [ 136.49873, -11.40893 ], [ 136.49726, -11.41306 ] ] ], [ [ [ 136.73835, -11.00739 ], [ 136.74273, -11.0123 ], [ 136.74164, -11.01616 ], [ 136.74717, -11.02069 ], [ 136.75423, -11.01848 ], [ 136.76271, -11.00573 ], [ 136.75704, -11.00099 ], [ 136.75342, -11.01051 ], [ 136.74384, -11.00617 ], [ 136.73835, -11.00739 ] ] ], [ [ [ 136.72413, -11.07099 ], [ 136.72918, -11.07069 ], [ 136.73098, -11.06873 ], [ 136.72547, -11.06665 ], [ 136.72413, -11.07099 ] ] ], [ [ [ 136.14156, -13.52377 ], [ 136.14033, -13.53305 ], [ 136.1329, -13.53471 ], [ 136.12673, -13.54342 ], [ 136.13669, -13.54966 ], [ 136.13528, -13.55726 ], [ 136.14081, -13.56462 ], [ 136.14184, -13.55973 ], [ 136.14612, -13.56253 ], [ 136.15049, -13.55877 ], [ 136.14609, -13.54452 ], [ 136.14954, -13.52476 ], [ 136.15583, -13.51882 ], [ 136.15966, -13.51962 ], [ 136.15963, -13.52369 ], [ 136.16605, -13.5236 ], [ 136.1681, -13.51014 ], [ 136.16326, -13.5055 ], [ 136.16294, -13.4979 ], [ 136.15592, -13.49159 ], [ 136.15111, -13.49541 ], [ 136.14689, -13.49223 ], [ 136.14275, -13.48525 ], [ 136.14171, -13.4769 ], [ 136.14422, -13.47635 ], [ 136.14174, -13.47088 ], [ 136.14994, -13.46807 ], [ 136.15079, -13.47496 ], [ 136.16509, -13.48542 ], [ 136.16945, -13.48003 ], [ 136.16645, -13.47906 ], [ 136.16747, -13.47184 ], [ 136.1757, -13.46551 ], [ 136.18384, -13.46455 ], [ 136.1933, -13.47292 ], [ 136.19933, -13.47007 ], [ 136.20455, -13.4605 ], [ 136.20508, -13.45147 ], [ 136.1988, -13.45445 ], [ 136.17722, -13.43822 ], [ 136.17531, -13.43145 ], [ 136.18078, -13.42676 ], [ 136.17481, -13.42131 ], [ 136.1625, -13.41871 ], [ 136.15227, -13.40129 ], [ 136.15066, -13.38529 ], [ 136.14513, -13.38852 ], [ 136.1408, -13.38669 ], [ 136.1357, -13.3757 ], [ 136.1191, -13.36737 ], [ 136.11535, -13.35784 ], [ 136.10683, -13.36178 ], [ 136.09218, -13.358 ], [ 136.08794, -13.36339 ], [ 136.09, -13.36565 ], [ 136.09699, -13.36763 ], [ 136.11034, -13.36557 ], [ 136.12661, -13.37461 ], [ 136.12931, -13.383 ], [ 136.12645, -13.3899 ], [ 136.13274, -13.39329 ], [ 136.13373, -13.40609 ], [ 136.14144, -13.41908 ], [ 136.1355, -13.42751 ], [ 136.12997, -13.42884 ], [ 136.12797, -13.43931 ], [ 136.13471, -13.44645 ], [ 136.13578, -13.45246 ], [ 136.13114, -13.46512 ], [ 136.1234, -13.47248 ], [ 136.12433, -13.48007 ], [ 136.12134, -13.48258 ], [ 136.12728, -13.4825 ], [ 136.1319, -13.48763 ], [ 136.12888, -13.49171 ], [ 136.1308, -13.50092 ], [ 136.12781, -13.50332 ], [ 136.14005, -13.49795 ], [ 136.14879, -13.50605 ], [ 136.15043, -13.51277 ], [ 136.14156, -13.52377 ] ] ], [ [ [ 136.09687, -13.30259 ], [ 136.09246, -13.29664 ], [ 136.08611, -13.29911 ], [ 136.07767, -13.29768 ], [ 136.08333, -13.31004 ], [ 136.08156, -13.31275 ], [ 136.08651, -13.31392 ], [ 136.09153, -13.3216 ], [ 136.09176, -13.3108 ], [ 136.09687, -13.30259 ] ] ], [ [ [ 135.97362, -13.33066 ], [ 135.9685, -13.32367 ], [ 135.96191, -13.32121 ], [ 135.96204, -13.32993 ], [ 135.97672, -13.34367 ], [ 135.97362, -13.33066 ] ] ], [ [ [ 136.37322, -13.31931 ], [ 136.38158, -13.31704 ], [ 136.38315, -13.31329 ], [ 136.37456, -13.31095 ], [ 136.36959, -13.3132 ], [ 136.37322, -13.31931 ] ] ], [ [ [ 136.05398, -13.33711 ], [ 136.05529, -13.33413 ], [ 136.05308, -13.33418 ], [ 136.05398, -13.33711 ] ] ], [ [ [ 136.91059, -12.25953 ], [ 136.91383, -12.25804 ], [ 136.90771, -12.25689 ], [ 136.91059, -12.25953 ] ] ], [ [ [ 135.93877, -11.74905 ], [ 135.94113, -11.76618 ], [ 135.94899, -11.76198 ], [ 135.95264, -11.76403 ], [ 135.95869, -11.76206 ], [ 135.96753, -11.75449 ], [ 135.96893, -11.7458 ], [ 135.97707, -11.74257 ], [ 135.97719, -11.7328 ], [ 135.96829, -11.73582 ], [ 135.96568, -11.73301 ], [ 135.95346, -11.73299 ], [ 135.95595, -11.73851 ], [ 135.95262, -11.74282 ], [ 135.94122, -11.74139 ], [ 135.93877, -11.74905 ] ] ], [ [ [ 136.07364, -11.77098 ], [ 136.08079, -11.77236 ], [ 136.0919, -11.7536 ], [ 136.10329, -11.749 ], [ 136.101, -11.7418 ], [ 136.09315, -11.74882 ], [ 136.08577, -11.74798 ], [ 136.07648, -11.75268 ], [ 136.07992, -11.76027 ], [ 136.07364, -11.77098 ] ] ], [ [ [ 136.04457, -12.30242 ], [ 136.0477, -12.31098 ], [ 136.05095, -12.31069 ], [ 136.05463, -12.30532 ], [ 136.05595, -12.29207 ], [ 136.06058, -12.2901 ], [ 136.06214, -12.29259 ], [ 136.06549, -12.28937 ], [ 136.07057, -12.27655 ], [ 136.06326, -12.28341 ], [ 136.04759, -12.2856 ], [ 136.04457, -12.30242 ] ] ], [ [ [ 136.01961, -12.48117 ], [ 136.02455, -12.4747 ], [ 136.02431, -12.4684 ], [ 136.02112, -12.47139 ], [ 136.01961, -12.48117 ] ] ], [ [ [ 136.72793, -12.88854 ], [ 136.73079, -12.88646 ], [ 136.72932, -12.88191 ], [ 136.7242, -12.88482 ], [ 136.72793, -12.88854 ] ] ], [ [ [ 136.16786, -12.37271 ], [ 136.1747, -12.37134 ], [ 136.17358, -12.36852 ], [ 136.16786, -12.37271 ] ] ], [ [ [ 136.47, -11.85485 ], [ 136.47482, -11.85891 ], [ 136.46627, -11.85895 ], [ 136.46022, -11.86696 ], [ 136.47096, -11.87764 ], [ 136.46446, -11.87777 ], [ 136.46003, -11.88643 ], [ 136.4633, -11.88934 ], [ 136.45941, -11.8911 ], [ 136.46481, -11.8941 ], [ 136.4645, -11.89677 ], [ 136.46885, -11.89696 ], [ 136.4638, -11.90062 ], [ 136.46383, -11.90447 ], [ 136.47824, -11.89941 ], [ 136.48587, -11.88623 ], [ 136.48217, -11.87416 ], [ 136.48541, -11.87111 ], [ 136.48352, -11.85805 ], [ 136.47883, -11.84722 ], [ 136.50009, -11.81792 ], [ 136.49139, -11.81677 ], [ 136.49191, -11.8127 ], [ 136.49763, -11.81028 ], [ 136.49987, -11.79688 ], [ 136.49765, -11.79424 ], [ 136.49066, -11.80312 ], [ 136.48199, -11.79903 ], [ 136.47737, -11.80107 ], [ 136.48071, -11.81711 ], [ 136.47607, -11.82565 ], [ 136.46859, -11.8284 ], [ 136.46968, -11.83478 ], [ 136.46437, -11.84193 ], [ 136.47032, -11.84136 ], [ 136.47, -11.85485 ] ] ], [ [ [ 136.40876, -11.85462 ], [ 136.40785, -11.8586 ], [ 136.40399, -11.85812 ], [ 136.40499, -11.86224 ], [ 136.40959, -11.86363 ], [ 136.41026, -11.87871 ], [ 136.40448, -11.87727 ], [ 136.40451, -11.87444 ], [ 136.3961, -11.87813 ], [ 136.39982, -11.88261 ], [ 136.39827, -11.89011 ], [ 136.38968, -11.89269 ], [ 136.37899, -11.90328 ], [ 136.36758, -11.90165 ], [ 136.36688, -11.90409 ], [ 136.38353, -11.90731 ], [ 136.39067, -11.90306 ], [ 136.40213, -11.90348 ], [ 136.40564, -11.90059 ], [ 136.40106, -11.89773 ], [ 136.40882, -11.89359 ], [ 136.41487, -11.89648 ], [ 136.42158, -11.89346 ], [ 136.43122, -11.89422 ], [ 136.43286, -11.88039 ], [ 136.42645, -11.86599 ], [ 136.42291, -11.87431 ], [ 136.41833, -11.87394 ], [ 136.40876, -11.85462 ] ] ], [ [ [ 135.94624, -11.90495 ], [ 135.95175, -11.90465 ], [ 135.95746, -11.89829 ], [ 135.96275, -11.88741 ], [ 135.96223, -11.87994 ], [ 135.97087, -11.87725 ], [ 135.98044, -11.85741 ], [ 135.99255, -11.85325 ], [ 135.9922, -11.85081 ], [ 135.98294, -11.8484 ], [ 135.96643, -11.86684 ], [ 135.95729, -11.8691 ], [ 135.95017, -11.87715 ], [ 135.9417, -11.88022 ], [ 135.94817, -11.89104 ], [ 135.94624, -11.90495 ] ] ], [ [ [ 136.43415, -11.91916 ], [ 136.43801, -11.92071 ], [ 136.45398, -11.9177 ], [ 136.45864, -11.91291 ], [ 136.45822, -11.89707 ], [ 136.45402, -11.9036 ], [ 136.45124, -11.90091 ], [ 136.44543, -11.90365 ], [ 136.43415, -11.91916 ] ] ], [ [ [ 135.35291, -12.231 ], [ 135.34858, -12.24137 ], [ 135.34274, -12.24664 ], [ 135.31284, -12.25822 ], [ 135.30506, -12.25851 ], [ 135.28361, -12.25408 ], [ 135.2663, -12.22491 ], [ 135.25323, -12.22427 ], [ 135.20667, -12.23484 ], [ 135.20502, -12.2324 ], [ 135.1968, -12.23289 ], [ 135.19299, -12.22595 ], [ 135.18279, -12.22992 ], [ 135.17545, -12.22591 ], [ 135.16221, -12.22472 ], [ 135.15951, -12.23275 ], [ 135.17043, -12.23112 ], [ 135.17408, -12.23339 ], [ 135.17309, -12.23573 ], [ 135.18003, -12.23828 ], [ 135.18667, -12.24635 ], [ 135.1827, -12.25444 ], [ 135.20069, -12.263 ], [ 135.21014, -12.27492 ], [ 135.21136, -12.28198 ], [ 135.21847, -12.28887 ], [ 135.21885, -12.29454 ], [ 135.21279, -12.29598 ], [ 135.19866, -12.29024 ], [ 135.19706, -12.28444 ], [ 135.18211, -12.27598 ], [ 135.17477, -12.26752 ], [ 135.16409, -12.26508 ], [ 135.15952, -12.24952 ], [ 135.15174, -12.24708 ], [ 135.14959, -12.24057 ], [ 135.14451, -12.23705 ], [ 135.13845, -12.24307 ], [ 135.12432, -12.23765 ], [ 135.11688, -12.24493 ], [ 135.09443, -12.24765 ], [ 135.08378, -12.25693 ], [ 135.06695, -12.25759 ], [ 135.05584, -12.2623 ], [ 135.03837, -12.24072 ], [ 135.00555, -12.21489 ], [ 134.98496, -12.17278 ], [ 134.97058, -12.15857 ], [ 134.93963, -12.14418 ], [ 134.92932, -12.14353 ], [ 134.90556, -12.1521 ], [ 134.88449, -12.13543 ], [ 134.85575, -12.13217 ], [ 134.84204, -12.11382 ], [ 134.84346, -12.06124 ], [ 134.83778, -12.05651 ], [ 134.82428, -12.05694 ], [ 134.81126, -12.04955 ], [ 134.79852, -12.04943 ], [ 134.77966, -12.00417 ], [ 134.76919, -12.0052 ], [ 134.76428, -11.9955 ], [ 134.76489, -12.08791 ], [ 134.8064, -12.10888 ], [ 134.80584, -12.16999 ], [ 134.76668, -12.23332 ], [ 134.76668, -12.53514 ], [ 134.7719, -12.54712 ], [ 134.77365, -12.56566 ], [ 134.7674, -12.57161 ], [ 134.7702, -12.57588 ], [ 134.76639, -12.58379 ], [ 134.77062, -12.58402 ], [ 134.77273, -12.58897 ], [ 134.76832, -12.59681 ], [ 134.77137, -12.60323 ], [ 134.7624, -12.61687 ], [ 134.75391, -12.62 ], [ 134.74683, -12.63951 ], [ 134.74155, -12.64012 ], [ 134.73952, -12.645 ], [ 134.72907, -12.64769 ], [ 134.72028, -12.65534 ], [ 134.71347, -12.66693 ], [ 134.70895, -12.68991 ], [ 134.69728, -12.70116 ], [ 134.693, -12.72084 ], [ 134.69623, -12.72992 ], [ 134.68135, -12.74679 ], [ 134.66844, -12.77075 ], [ 134.6648, -12.78966 ], [ 134.66996, -12.80621 ], [ 134.66673, -12.81361 ], [ 134.6692, -12.81902 ], [ 134.6554, -12.8353 ], [ 134.65482, -12.84751 ], [ 134.65093, -12.85142 ], [ 134.6557, -12.8561 ], [ 134.65181, -12.86009 ], [ 134.65508, -12.86458 ], [ 134.64839, -12.87663 ], [ 134.7913, -12.88328 ], [ 135.00001, -12.88332 ], [ 135.00001, -13.99999 ], [ 135.50216, -14.32257 ], [ 135.50115, -13.56523 ], [ 135.92097, -13.38244 ], [ 135.92091, -13.3781 ], [ 135.91094, -13.38085 ], [ 135.90589, -13.37913 ], [ 135.9011, -13.37177 ], [ 135.89169, -13.37191 ], [ 135.87991, -13.36213 ], [ 135.88137, -13.34054 ], [ 135.88789, -13.32098 ], [ 135.89339, -13.31207 ], [ 135.9087, -13.30143 ], [ 135.91317, -13.29458 ], [ 135.90922, -13.29161 ], [ 135.90914, -13.28689 ], [ 135.91872, -13.26989 ], [ 135.947, -13.2525 ], [ 135.96441, -13.29526 ], [ 135.96375, -13.27287 ], [ 135.96995, -13.26741 ], [ 135.97579, -13.24852 ], [ 135.973, -13.24223 ], [ 135.9761, -13.23972 ], [ 135.97611, -13.23245 ], [ 135.98438, -13.22271 ], [ 135.99875, -13.21511 ], [ 135.99824, -13.2124 ], [ 136.0167, -13.21765 ], [ 136.02347, -13.23731 ], [ 136.03037, -13.2438 ], [ 136.02878, -13.24846 ], [ 136.03606, -13.26487 ], [ 136.03586, -13.27372 ], [ 136.04159, -13.28997 ], [ 136.03615, -13.2997 ], [ 136.03915, -13.2999 ], [ 136.04368, -13.31122 ], [ 136.04638, -13.31023 ], [ 136.05344, -13.30136 ], [ 136.05198, -13.28298 ], [ 136.05442, -13.27304 ], [ 136.06208, -13.26287 ], [ 136.05933, -13.25669 ], [ 136.05016, -13.24925 ], [ 136.05007, -13.23921 ], [ 136.06159, -13.22631 ], [ 136.08079, -13.23518 ], [ 136.08442, -13.2325 ], [ 136.085, -13.22518 ], [ 136.07738, -13.21611 ], [ 136.07812, -13.20807 ], [ 136.08782, -13.19788 ], [ 136.09456, -13.18386 ], [ 136.10775, -13.17235 ], [ 136.0982, -13.16675 ], [ 136.09745, -13.16117 ], [ 136.10878, -13.14847 ], [ 136.12073, -13.14479 ], [ 136.12545, -13.13344 ], [ 136.14525, -13.12055 ], [ 136.14383, -13.12538 ], [ 136.15256, -13.14341 ], [ 136.14849, -13.17201 ], [ 136.15036, -13.18329 ], [ 136.14403, -13.19249 ], [ 136.13701, -13.19452 ], [ 136.13987, -13.20151 ], [ 136.13414, -13.20717 ], [ 136.14794, -13.22002 ], [ 136.14562, -13.23527 ], [ 136.15227, -13.24669 ], [ 136.15506, -13.26626 ], [ 136.15947, -13.27107 ], [ 136.17017, -13.27297 ], [ 136.17469, -13.28169 ], [ 136.18117, -13.28166 ], [ 136.18369, -13.27454 ], [ 136.16703, -13.26447 ], [ 136.15949, -13.25224 ], [ 136.16221, -13.24198 ], [ 136.17551, -13.23302 ], [ 136.18548, -13.24475 ], [ 136.20089, -13.24717 ], [ 136.21361, -13.23317 ], [ 136.21087, -13.22629 ], [ 136.21465, -13.20881 ], [ 136.22159, -13.20248 ], [ 136.22875, -13.20619 ], [ 136.23789, -13.20452 ], [ 136.24468, -13.21444 ], [ 136.24572, -13.20926 ], [ 136.23954, -13.20124 ], [ 136.23546, -13.18669 ], [ 136.23984, -13.17625 ], [ 136.24747, -13.17302 ], [ 136.24314, -13.16935 ], [ 136.23587, -13.16927 ], [ 136.23133, -13.15546 ], [ 136.21399, -13.15479 ], [ 136.22348, -13.14725 ], [ 136.21781, -13.14186 ], [ 136.21906, -13.13724 ], [ 136.22513, -13.13531 ], [ 136.23604, -13.14535 ], [ 136.24329, -13.14602 ], [ 136.24341, -13.1374 ], [ 136.2502, -13.13298 ], [ 136.25396, -13.12114 ], [ 136.25939, -13.13254 ], [ 136.25867, -13.13531 ], [ 136.25865, -13.13206 ], [ 136.25661, -13.13288 ], [ 136.25428, -13.14065 ], [ 136.25661, -13.15469 ], [ 136.26331, -13.15352 ], [ 136.27059, -13.15858 ], [ 136.27562, -13.15818 ], [ 136.28076, -13.1562 ], [ 136.28243, -13.14762 ], [ 136.28856, -13.1452 ], [ 136.29222, -13.14833 ], [ 136.28812, -13.14564 ], [ 136.28249, -13.14843 ], [ 136.28058, -13.16444 ], [ 136.28287, -13.16823 ], [ 136.29644, -13.16897 ], [ 136.30405, -13.16411 ], [ 136.3086, -13.16669 ], [ 136.31619, -13.15938 ], [ 136.31058, -13.1542 ], [ 136.30704, -13.14413 ], [ 136.31986, -13.12888 ], [ 136.32141, -13.11987 ], [ 136.31139, -13.10853 ], [ 136.29146, -13.10727 ], [ 136.29695, -13.09791 ], [ 136.30689, -13.09358 ], [ 136.30855, -13.07247 ], [ 136.33203, -13.04724 ], [ 136.33284, -13.03231 ], [ 136.33412, -13.03551 ], [ 136.33509, -13.04468 ], [ 136.34749, -13.05193 ], [ 136.35619, -13.05205 ], [ 136.36473, -13.05645 ], [ 136.37229, -13.0729 ], [ 136.36374, -13.09281 ], [ 136.37039, -13.10669 ], [ 136.36399, -13.11384 ], [ 136.35477, -13.11655 ], [ 136.35616, -13.11822 ], [ 136.36238, -13.12182 ], [ 136.36081, -13.12926 ], [ 136.36807, -13.13053 ], [ 136.37137, -13.13975 ], [ 136.35939, -13.1437 ], [ 136.35626, -13.14789 ], [ 136.36977, -13.16735 ], [ 136.3703, -13.18264 ], [ 136.36638, -13.1966 ], [ 136.37851, -13.20516 ], [ 136.38088, -13.20336 ], [ 136.37895, -13.20592 ], [ 136.38146, -13.21805 ], [ 136.38826, -13.22637 ], [ 136.38016, -13.24312 ], [ 136.36809, -13.25251 ], [ 136.35796, -13.25441 ], [ 136.35071, -13.24599 ], [ 136.3281, -13.25018 ], [ 136.32779, -13.25679 ], [ 136.33351, -13.25953 ], [ 136.33754, -13.26694 ], [ 136.33805, -13.27741 ], [ 136.33191, -13.29024 ], [ 136.32695, -13.2945 ], [ 136.31986, -13.29486 ], [ 136.31888, -13.29872 ], [ 136.32299, -13.30906 ], [ 136.3317, -13.31188 ], [ 136.33081, -13.32415 ], [ 136.34391, -13.32571 ], [ 136.3586, -13.30936 ], [ 136.36342, -13.29885 ], [ 136.37368, -13.29138 ], [ 136.39861, -13.24448 ], [ 136.41649, -13.23435 ], [ 136.43695, -13.23087 ], [ 136.43624, -13.22209 ], [ 136.43959, -13.2179 ], [ 136.44506, -13.21705 ], [ 136.44647, -13.22084 ], [ 136.45424, -13.22448 ], [ 136.45304, -13.23588 ], [ 136.44867, -13.23873 ], [ 136.44679, -13.24845 ], [ 136.45569, -13.25501 ], [ 136.46421, -13.25111 ], [ 136.47596, -13.23439 ], [ 136.47328, -13.20637 ], [ 136.47795, -13.19007 ], [ 136.48407, -13.18548 ], [ 136.47983, -13.18154 ], [ 136.47965, -13.16918 ], [ 136.48386, -13.16085 ], [ 136.50165, -13.14167 ], [ 136.51108, -13.13943 ], [ 136.51828, -13.14189 ], [ 136.5215, -13.15185 ], [ 136.53169, -13.15423 ], [ 136.52916, -13.14665 ], [ 136.53339, -13.14033 ], [ 136.53993, -13.10916 ], [ 136.55151, -13.08338 ], [ 136.56706, -13.05915 ], [ 136.54895, -13.05482 ], [ 136.54195, -13.05779 ], [ 136.53378, -13.05257 ], [ 136.5305, -13.03366 ], [ 136.5354, -13.01883 ], [ 136.52956, -13.0226 ], [ 136.51856, -13.01513 ], [ 136.51044, -13.01577 ], [ 136.50777, -12.99632 ], [ 136.49641, -12.99383 ], [ 136.49249, -12.99575 ], [ 136.49132, -13.00086 ], [ 136.48947, -12.99707 ], [ 136.48471, -12.99743 ], [ 136.47971, -13.00266 ], [ 136.48068, -13.00716 ], [ 136.47899, -13.00272 ], [ 136.4799, -12.99821 ], [ 136.47823, -12.99556 ], [ 136.47113, -12.99311 ], [ 136.46811, -12.99649 ], [ 136.45371, -12.99174 ], [ 136.45183, -12.98454 ], [ 136.45396, -12.97921 ], [ 136.46333, -12.97325 ], [ 136.46918, -12.97896 ], [ 136.47508, -12.97703 ], [ 136.47893, -12.98374 ], [ 136.49237, -12.99223 ], [ 136.50133, -12.98242 ], [ 136.51949, -12.97629 ], [ 136.52214, -12.97715 ], [ 136.5238, -12.98576 ], [ 136.52973, -12.98616 ], [ 136.53186, -12.99189 ], [ 136.53169, -12.98224 ], [ 136.54266, -12.97843 ], [ 136.53783, -12.97434 ], [ 136.53902, -12.96988 ], [ 136.54346, -12.97214 ], [ 136.55629, -12.96403 ], [ 136.55985, -12.96547 ], [ 136.55887, -12.96966 ], [ 136.56497, -12.98041 ], [ 136.56134, -12.98391 ], [ 136.55458, -12.98248 ], [ 136.55147, -12.98706 ], [ 136.56505, -12.99169 ], [ 136.56711, -12.99461 ], [ 136.56474, -12.99788 ], [ 136.56923, -12.99867 ], [ 136.56336, -13.00559 ], [ 136.56239, -13.01867 ], [ 136.57005, -13.01358 ], [ 136.58163, -13.01871 ], [ 136.58435, -13.01848 ], [ 136.58392, -13.01252 ], [ 136.58702, -13.01353 ], [ 136.58446, -13.0085 ], [ 136.57913, -13.00739 ], [ 136.58185, -12.99859 ], [ 136.59805, -12.9897 ], [ 136.59677, -12.97968 ], [ 136.60077, -12.9745 ], [ 136.61017, -12.9726 ], [ 136.61383, -12.96764 ], [ 136.6208, -12.96776 ], [ 136.62793, -12.9745 ], [ 136.62675, -12.98188 ], [ 136.63013, -12.9901 ], [ 136.62712, -12.99424 ], [ 136.63519, -13.00243 ], [ 136.63333, -13.01357 ], [ 136.62936, -13.01701 ], [ 136.64165, -13.01753 ], [ 136.64716, -13.01321 ], [ 136.65514, -13.01576 ], [ 136.66193, -13.00628 ], [ 136.66821, -13.00428 ], [ 136.65536, -12.99282 ], [ 136.6514, -12.99452 ], [ 136.64551, -12.99093 ], [ 136.63776, -12.96456 ], [ 136.63931, -12.9575 ], [ 136.63592, -12.95514 ], [ 136.63811, -12.95013 ], [ 136.62535, -12.95287 ], [ 136.61165, -12.93679 ], [ 136.60435, -12.93809 ], [ 136.59789, -12.92966 ], [ 136.59253, -12.93132 ], [ 136.58862, -12.92571 ], [ 136.58693, -12.92767 ], [ 136.58148, -12.92407 ], [ 136.57474, -12.92433 ], [ 136.57256, -12.9193 ], [ 136.56747, -12.91971 ], [ 136.55902, -12.91363 ], [ 136.55977, -12.91775 ], [ 136.55685, -12.91934 ], [ 136.54681, -12.91614 ], [ 136.54298, -12.8955 ], [ 136.54987, -12.88168 ], [ 136.55467, -12.87997 ], [ 136.55287, -12.87385 ], [ 136.54799, -12.87334 ], [ 136.54836, -12.87697 ], [ 136.53897, -12.8812 ], [ 136.53301, -12.88032 ], [ 136.5256, -12.87358 ], [ 136.51865, -12.87535 ], [ 136.5097, -12.8675 ], [ 136.50551, -12.85081 ], [ 136.49966, -12.85165 ], [ 136.49361, -12.848 ], [ 136.49739, -12.85118 ], [ 136.48253, -12.84307 ], [ 136.47786, -12.82802 ], [ 136.4816, -12.81628 ], [ 136.49042, -12.81325 ], [ 136.48848, -12.80133 ], [ 136.47681, -12.79988 ], [ 136.46877, -12.7946 ], [ 136.46553, -12.78061 ], [ 136.4684, -12.78045 ], [ 136.47113, -12.77409 ], [ 136.48413, -12.76848 ], [ 136.49516, -12.78362 ], [ 136.4998, -12.78309 ], [ 136.50768, -12.78983 ], [ 136.51186, -12.80289 ], [ 136.51663, -12.80616 ], [ 136.54262, -12.80655 ], [ 136.53119, -12.80059 ], [ 136.5354, -12.79205 ], [ 136.53346, -12.7823 ], [ 136.52617, -12.77437 ], [ 136.52899, -12.76508 ], [ 136.52513, -12.75816 ], [ 136.53351, -12.74428 ], [ 136.55061, -12.74006 ], [ 136.55278, -12.75062 ], [ 136.56329, -12.75436 ], [ 136.56677, -12.76291 ], [ 136.57631, -12.76806 ], [ 136.58089, -12.76619 ], [ 136.58549, -12.7705 ], [ 136.58527, -12.78536 ], [ 136.58147, -12.78912 ], [ 136.58075, -12.79862 ], [ 136.58513, -12.81807 ], [ 136.59502, -12.82648 ], [ 136.60326, -12.82566 ], [ 136.62169, -12.83948 ], [ 136.61272, -12.82858 ], [ 136.60887, -12.81483 ], [ 136.61432, -12.79251 ], [ 136.62501, -12.77237 ], [ 136.61978, -12.76573 ], [ 136.62073, -12.75673 ], [ 136.60258, -12.74664 ], [ 136.601, -12.73889 ], [ 136.60631, -12.72253 ], [ 136.62128, -12.70552 ], [ 136.63292, -12.69908 ], [ 136.64867, -12.70253 ], [ 136.65237, -12.71162 ], [ 136.66275, -12.71183 ], [ 136.67695, -12.70403 ], [ 136.68205, -12.70552 ], [ 136.6813, -12.71041 ], [ 136.68591, -12.7126 ], [ 136.69446, -12.7106 ], [ 136.69574, -12.70375 ], [ 136.69949, -12.7034 ], [ 136.68127, -12.68757 ], [ 136.68216, -12.67195 ], [ 136.67843, -12.66807 ], [ 136.69291, -12.62784 ], [ 136.70384, -12.60966 ], [ 136.72891, -12.58433 ], [ 136.74756, -12.57401 ], [ 136.7622, -12.57733 ], [ 136.76239, -12.57196 ], [ 136.75406, -12.56508 ], [ 136.75456, -12.55623 ], [ 136.74728, -12.55102 ], [ 136.7413, -12.55472 ], [ 136.74398, -12.55964 ], [ 136.73487, -12.57091 ], [ 136.7289, -12.56977 ], [ 136.72373, -12.56276 ], [ 136.71578, -12.57189 ], [ 136.69715, -12.56915 ], [ 136.69608, -12.58665 ], [ 136.69159, -12.59059 ], [ 136.68296, -12.5908 ], [ 136.68168, -12.59859 ], [ 136.67962, -12.59351 ], [ 136.67686, -12.59361 ], [ 136.6804, -12.60356 ], [ 136.66927, -12.59055 ], [ 136.66952, -12.58434 ], [ 136.67585, -12.58119 ], [ 136.68653, -12.5881 ], [ 136.69309, -12.58619 ], [ 136.69255, -12.57083 ], [ 136.69647, -12.56463 ], [ 136.70315, -12.56284 ], [ 136.7143, -12.56625 ], [ 136.71454, -12.56105 ], [ 136.71949, -12.55666 ], [ 136.71535, -12.55721 ], [ 136.72548, -12.55317 ], [ 136.72893, -12.55385 ], [ 136.72834, -12.56108 ], [ 136.73098, -12.56289 ], [ 136.73852, -12.55378 ], [ 136.74498, -12.53466 ], [ 136.74861, -12.53376 ], [ 136.7471, -12.53057 ], [ 136.73289, -12.53549 ], [ 136.73275, -12.53159 ], [ 136.72699, -12.52851 ], [ 136.72915, -12.52288 ], [ 136.73828, -12.52516 ], [ 136.74272, -12.51905 ], [ 136.73915, -12.51561 ], [ 136.73935, -12.51039 ], [ 136.72638, -12.50321 ], [ 136.72213, -12.49198 ], [ 136.72952, -12.48185 ], [ 136.72601, -12.48415 ], [ 136.72572, -12.48183 ], [ 136.73204, -12.47664 ], [ 136.73921, -12.47843 ], [ 136.75802, -12.46756 ], [ 136.78151, -12.4487 ], [ 136.79377, -12.45187 ], [ 136.79544, -12.4927 ], [ 136.79028, -12.49669 ], [ 136.77565, -12.49619 ], [ 136.77726, -12.50179 ], [ 136.77456, -12.51049 ], [ 136.76086, -12.52582 ], [ 136.76338, -12.53866 ], [ 136.76887, -12.5427 ], [ 136.76849, -12.5511 ], [ 136.77266, -12.55557 ], [ 136.77275, -12.5361 ], [ 136.78202, -12.52151 ], [ 136.80043, -12.50724 ], [ 136.80517, -12.5066 ], [ 136.81364, -12.49052 ], [ 136.84965, -12.44623 ], [ 136.8704, -12.4251 ], [ 136.89024, -12.41342 ], [ 136.89303, -12.40168 ], [ 136.90249, -12.39001 ], [ 136.90817, -12.39013 ], [ 136.91281, -12.38332 ], [ 136.92729, -12.37937 ], [ 136.94569, -12.36915 ], [ 136.95246, -12.37393 ], [ 136.96377, -12.37406 ], [ 136.96192, -12.3641 ], [ 136.96531, -12.35854 ], [ 136.97126, -12.35818 ], [ 136.97199, -12.35248 ], [ 136.97938, -12.34521 ], [ 136.97858, -12.34223 ], [ 136.96501, -12.34005 ], [ 136.96574, -12.34927 ], [ 136.95443, -12.35728 ], [ 136.94346, -12.358 ], [ 136.92568, -12.3489 ], [ 136.92156, -12.3428 ], [ 136.92079, -12.34933 ], [ 136.91441, -12.35295 ], [ 136.91027, -12.36779 ], [ 136.88186, -12.3677 ], [ 136.87071, -12.38177 ], [ 136.87777, -12.36713 ], [ 136.89765, -12.36255 ], [ 136.90834, -12.3552 ], [ 136.91513, -12.34092 ], [ 136.92654, -12.34193 ], [ 136.93048, -12.3331 ], [ 136.93381, -12.33466 ], [ 136.93364, -12.32787 ], [ 136.93779, -12.32199 ], [ 136.92845, -12.30407 ], [ 136.9306, -12.30028 ], [ 136.9265, -12.2946 ], [ 136.9268, -12.28068 ], [ 136.91569, -12.27607 ], [ 136.91216, -12.28264 ], [ 136.90718, -12.28366 ], [ 136.90119, -12.27949 ], [ 136.90257, -12.24755 ], [ 136.88998, -12.24902 ], [ 136.88545, -12.24664 ], [ 136.88027, -12.22943 ], [ 136.87539, -12.22681 ], [ 136.87231, -12.21858 ], [ 136.84921, -12.21017 ], [ 136.84167, -12.21391 ], [ 136.82874, -12.20938 ], [ 136.82131, -12.21253 ], [ 136.81285, -12.20732 ], [ 136.79634, -12.18589 ], [ 136.79064, -12.18555 ], [ 136.78672, -12.16417 ], [ 136.78208, -12.1586 ], [ 136.77003, -12.16406 ], [ 136.75125, -12.16373 ], [ 136.74302, -12.17045 ], [ 136.72759, -12.17179 ], [ 136.72502, -12.1736 ], [ 136.72874, -12.17742 ], [ 136.72601, -12.18135 ], [ 136.71136, -12.18675 ], [ 136.68382, -12.18249 ], [ 136.68074, -12.18631 ], [ 136.67801, -12.2017 ], [ 136.68328, -12.19458 ], [ 136.69, -12.19309 ], [ 136.69171, -12.19547 ], [ 136.6932, -12.19487 ], [ 136.69439, -12.1906 ], [ 136.6989, -12.18969 ], [ 136.70721, -12.194 ], [ 136.70857, -12.19874 ], [ 136.71633, -12.2004 ], [ 136.71685, -12.20607 ], [ 136.72266, -12.2116 ], [ 136.72984, -12.21329 ], [ 136.73126, -12.21961 ], [ 136.7226, -12.22932 ], [ 136.72818, -12.2299 ], [ 136.73444, -12.21842 ], [ 136.74813, -12.21416 ], [ 136.74667, -12.22554 ], [ 136.75065, -12.23283 ], [ 136.76202, -12.23319 ], [ 136.76095, -12.23824 ], [ 136.76474, -12.24262 ], [ 136.75512, -12.24863 ], [ 136.74177, -12.27226 ], [ 136.72645, -12.27566 ], [ 136.72105, -12.26681 ], [ 136.7153, -12.28143 ], [ 136.70735, -12.28815 ], [ 136.6986, -12.28539 ], [ 136.69192, -12.27534 ], [ 136.68286, -12.28054 ], [ 136.66989, -12.27776 ], [ 136.66865, -12.2822 ], [ 136.66494, -12.28125 ], [ 136.66484, -12.28342 ], [ 136.66087, -12.2752 ], [ 136.65728, -12.27322 ], [ 136.65547, -12.27529 ], [ 136.64882, -12.27013 ], [ 136.64547, -12.26283 ], [ 136.6464, -12.23527 ], [ 136.62483, -12.22459 ], [ 136.6026, -12.20596 ], [ 136.59691, -12.18527 ], [ 136.5793, -12.15375 ], [ 136.57748, -12.14551 ], [ 136.58099, -12.14067 ], [ 136.58076, -12.13139 ], [ 136.5867, -12.12604 ], [ 136.58162, -12.10687 ], [ 136.58442, -12.10653 ], [ 136.58685, -12.0966 ], [ 136.59053, -12.09462 ], [ 136.58683, -12.08407 ], [ 136.58052, -12.08791 ], [ 136.57141, -12.08681 ], [ 136.56243, -12.07872 ], [ 136.54678, -12.0384 ], [ 136.54122, -12.03089 ], [ 136.53102, -11.99136 ], [ 136.51657, -11.98741 ], [ 136.50344, -11.99687 ], [ 136.50198, -11.99906 ], [ 136.50558, -12.00337 ], [ 136.49514, -12.01052 ], [ 136.50064, -12.01705 ], [ 136.49525, -12.01969 ], [ 136.49914, -12.02547 ], [ 136.4934, -12.02409 ], [ 136.49859, -12.02731 ], [ 136.49818, -12.03079 ], [ 136.49646, -12.0284 ], [ 136.49499, -12.03384 ], [ 136.49215, -12.02784 ], [ 136.49346, -12.03586 ], [ 136.49037, -12.03478 ], [ 136.48994, -12.03756 ], [ 136.49063, -12.03158 ], [ 136.48593, -12.03006 ], [ 136.48957, -12.02488 ], [ 136.47566, -12.01577 ], [ 136.46957, -12.00007 ], [ 136.46409, -12.00595 ], [ 136.45588, -12.00616 ], [ 136.4535, -12.00444 ], [ 136.45776, -12.00475 ], [ 136.45712, -12.00008 ], [ 136.45036, -12.00278 ], [ 136.44537, -11.9983 ], [ 136.44603, -11.99509 ], [ 136.45057, -12.00142 ], [ 136.45254, -11.99881 ], [ 136.44928, -11.98536 ], [ 136.45684, -11.97845 ], [ 136.46359, -11.98221 ], [ 136.46702, -11.99558 ], [ 136.47265, -11.99777 ], [ 136.46859, -11.9825 ], [ 136.47157, -11.96138 ], [ 136.49525, -11.95903 ], [ 136.54733, -11.94229 ], [ 136.58077, -11.91574 ], [ 136.58236, -11.90407 ], [ 136.56948, -11.89536 ], [ 136.56881, -11.88499 ], [ 136.56233, -11.87674 ], [ 136.55758, -11.88669 ], [ 136.57386, -11.90199 ], [ 136.57034, -11.91038 ], [ 136.56162, -11.91774 ], [ 136.54827, -11.92341 ], [ 136.5446, -11.91746 ], [ 136.53343, -11.91887 ], [ 136.53141, -11.91482 ], [ 136.52497, -11.92391 ], [ 136.52745, -11.93242 ], [ 136.52378, -11.93926 ], [ 136.51658, -11.94197 ], [ 136.51425, -11.93596 ], [ 136.50785, -11.94699 ], [ 136.49075, -11.95294 ], [ 136.47381, -11.94966 ], [ 136.46931, -11.95186 ], [ 136.4597, -11.94605 ], [ 136.46012, -11.94274 ], [ 136.45112, -11.93985 ], [ 136.4432, -11.9414 ], [ 136.4403, -11.94467 ], [ 136.44775, -11.94682 ], [ 136.4457, -11.95577 ], [ 136.43824, -11.96325 ], [ 136.43478, -11.96315 ], [ 136.4364, -11.96759 ], [ 136.43135, -11.97098 ], [ 136.42582, -11.95847 ], [ 136.41546, -11.95777 ], [ 136.40716, -11.97207 ], [ 136.39694, -11.97539 ], [ 136.39938, -11.97831 ], [ 136.39785, -11.98206 ], [ 136.38113, -11.99836 ], [ 136.38606, -12.0024 ], [ 136.38127, -12.00534 ], [ 136.3843, -12.01003 ], [ 136.37915, -12.02033 ], [ 136.36775, -12.01149 ], [ 136.36567, -12.01427 ], [ 136.37031, -12.01761 ], [ 136.3697, -12.02829 ], [ 136.35716, -12.0219 ], [ 136.35812, -12.02667 ], [ 136.35473, -12.03169 ], [ 136.34378, -12.03352 ], [ 136.34831, -12.03594 ], [ 136.34918, -12.04385 ], [ 136.34115, -12.04846 ], [ 136.34147, -12.05763 ], [ 136.33195, -12.0606 ], [ 136.33148, -12.05295 ], [ 136.32728, -12.05372 ], [ 136.32626, -12.04555 ], [ 136.32248, -12.05136 ], [ 136.30911, -12.05593 ], [ 136.30224, -12.04902 ], [ 136.26463, -12.06693 ], [ 136.26697, -12.07295 ], [ 136.24736, -12.09994 ], [ 136.24506, -12.11297 ], [ 136.23222, -12.11682 ], [ 136.22842, -12.1284 ], [ 136.2317, -12.1332 ], [ 136.2169, -12.13013 ], [ 136.21213, -12.13232 ], [ 136.21071, -12.13796 ], [ 136.21602, -12.14115 ], [ 136.21635, -12.15341 ], [ 136.20653, -12.15193 ], [ 136.19467, -12.16375 ], [ 136.17628, -12.15856 ], [ 136.16716, -12.16354 ], [ 136.1759, -12.17033 ], [ 136.17486, -12.1743 ], [ 136.16844, -12.17781 ], [ 136.16814, -12.18452 ], [ 136.17178, -12.18701 ], [ 136.16853, -12.18919 ], [ 136.16998, -12.19212 ], [ 136.19046, -12.19631 ], [ 136.20856, -12.18506 ], [ 136.21628, -12.18562 ], [ 136.22693, -12.19984 ], [ 136.22893, -12.21438 ], [ 136.27229, -12.20783 ], [ 136.27794, -12.21003 ], [ 136.2928, -12.2053 ], [ 136.31561, -12.21137 ], [ 136.32573, -12.20304 ], [ 136.33917, -12.20463 ], [ 136.35109, -12.21337 ], [ 136.36368, -12.25041 ], [ 136.37822, -12.24715 ], [ 136.37913, -12.2504 ], [ 136.3436, -12.26201 ], [ 136.34413, -12.26824 ], [ 136.35396, -12.27441 ], [ 136.35211, -12.28681 ], [ 136.3428, -12.30133 ], [ 136.33034, -12.30195 ], [ 136.3249, -12.3068 ], [ 136.32664, -12.31179 ], [ 136.33383, -12.31576 ], [ 136.33388, -12.3232 ], [ 136.32576, -12.34422 ], [ 136.31084, -12.36204 ], [ 136.30435, -12.36569 ], [ 136.30379, -12.37698 ], [ 136.31137, -12.38162 ], [ 136.30412, -12.4002 ], [ 136.26842, -12.43335 ], [ 136.23607, -12.45433 ], [ 136.22919, -12.47052 ], [ 136.22023, -12.47898 ], [ 136.21721, -12.47752 ], [ 136.2247, -12.46881 ], [ 136.22313, -12.46215 ], [ 136.19638, -12.46796 ], [ 136.18858, -12.46491 ], [ 136.17308, -12.46703 ], [ 136.16849, -12.46277 ], [ 136.16042, -12.46259 ], [ 136.16019, -12.44669 ], [ 136.15114, -12.43583 ], [ 136.14061, -12.43881 ], [ 136.13231, -12.44675 ], [ 136.12178, -12.44875 ], [ 136.11592, -12.44823 ], [ 136.10765, -12.43927 ], [ 136.10408, -12.4543 ], [ 136.08538, -12.45769 ], [ 136.08052, -12.4566 ], [ 136.07324, -12.44705 ], [ 136.07585, -12.43587 ], [ 136.06424, -12.4301 ], [ 136.047, -12.45421 ], [ 136.04634, -12.47107 ], [ 136.03722, -12.48432 ], [ 136.03322, -12.48368 ], [ 136.03659, -12.47487 ], [ 136.03086, -12.47461 ], [ 136.01648, -12.49356 ], [ 136.01428, -12.48601 ], [ 136.01776, -12.46023 ], [ 136.00469, -12.45566 ], [ 135.99623, -12.4435 ], [ 136.00096, -12.4259 ], [ 136.00839, -12.41952 ], [ 136.00792, -12.41138 ], [ 136.01248, -12.40698 ], [ 136.01482, -12.39661 ], [ 135.99938, -12.40063 ], [ 135.97809, -12.3943 ], [ 135.97188, -12.41092 ], [ 135.96982, -12.41407 ], [ 135.96657, -12.41251 ], [ 135.97415, -12.39021 ], [ 135.97063, -12.38722 ], [ 135.97405, -12.38585 ], [ 135.9728, -12.37713 ], [ 135.97608, -12.36989 ], [ 135.9856, -12.36052 ], [ 135.99581, -12.36038 ], [ 136.00812, -12.33106 ], [ 136.01727, -12.32016 ], [ 136.02324, -12.31975 ], [ 136.01911, -12.30833 ], [ 136.0071, -12.29709 ], [ 136.00888, -12.2904 ], [ 136.01639, -12.28848 ], [ 136.02374, -12.29566 ], [ 136.02944, -12.29619 ], [ 136.02776, -12.29126 ], [ 136.03073, -12.28929 ], [ 136.03331, -12.27154 ], [ 136.04283, -12.26652 ], [ 136.04749, -12.27208 ], [ 136.05393, -12.26946 ], [ 136.05893, -12.25056 ], [ 136.06296, -12.24913 ], [ 136.06105, -12.24106 ], [ 136.0537, -12.23924 ], [ 136.04866, -12.2321 ], [ 136.02684, -12.24048 ], [ 136.01933, -12.23916 ], [ 136.01348, -12.23359 ], [ 136.0017, -12.26819 ], [ 135.9895, -12.27192 ], [ 135.98354, -12.26831 ], [ 135.97887, -12.27327 ], [ 135.96894, -12.27401 ], [ 135.95461, -12.26082 ], [ 135.95622, -12.2491 ], [ 135.93112, -12.23497 ], [ 135.92859, -12.22114 ], [ 135.9428, -12.19917 ], [ 135.94869, -12.19621 ], [ 135.9556, -12.19805 ], [ 135.95342, -12.18899 ], [ 135.95725, -12.18339 ], [ 135.96187, -12.18163 ], [ 135.97353, -12.1861 ], [ 135.97768, -12.17459 ], [ 135.97682, -12.16546 ], [ 135.98322, -12.15238 ], [ 135.9902, -12.14811 ], [ 135.99074, -12.14324 ], [ 136.00183, -12.12951 ], [ 136.01163, -12.12433 ], [ 136.01952, -12.11134 ], [ 136.01915, -12.10206 ], [ 136.02808, -12.08744 ], [ 136.03645, -12.08632 ], [ 136.03961, -12.0773 ], [ 136.04413, -12.0761 ], [ 136.04053, -12.07291 ], [ 136.04507, -12.06307 ], [ 136.04047, -12.06998 ], [ 136.03606, -12.07016 ], [ 136.03418, -12.06702 ], [ 136.03453, -12.07266 ], [ 136.03113, -12.07679 ], [ 136.01764, -12.08096 ], [ 136.01102, -12.07991 ], [ 136.00862, -12.08783 ], [ 136.00337, -12.08443 ], [ 135.99718, -12.09298 ], [ 136.00348, -12.1 ], [ 135.99672, -12.10594 ], [ 136.00186, -12.10848 ], [ 136.00118, -12.11819 ], [ 135.97994, -12.12928 ], [ 135.97148, -12.13842 ], [ 135.96011, -12.13727 ], [ 135.96369, -12.14691 ], [ 135.9594, -12.15219 ], [ 135.95079, -12.15183 ], [ 135.94931, -12.1386 ], [ 135.94771, -12.15191 ], [ 135.94319, -12.15283 ], [ 135.94191, -12.14834 ], [ 135.93533, -12.14408 ], [ 135.93318, -12.14723 ], [ 135.93515, -12.15824 ], [ 135.929, -12.16255 ], [ 135.92409, -12.16223 ], [ 135.92227, -12.14955 ], [ 135.91208, -12.15055 ], [ 135.91002, -12.15891 ], [ 135.901, -12.16573 ], [ 135.90157, -12.17142 ], [ 135.89641, -12.17785 ], [ 135.89611, -12.18642 ], [ 135.89289, -12.19041 ], [ 135.88985, -12.18889 ], [ 135.8882, -12.17976 ], [ 135.8819, -12.17848 ], [ 135.88475, -12.17169 ], [ 135.8795, -12.1691 ], [ 135.88588, -12.14972 ], [ 135.86673, -12.15787 ], [ 135.87033, -12.16334 ], [ 135.86568, -12.17377 ], [ 135.86144, -12.17442 ], [ 135.85921, -12.16831 ], [ 135.85529, -12.16946 ], [ 135.85385, -12.1827 ], [ 135.8468, -12.18679 ], [ 135.83945, -12.18209 ], [ 135.83683, -12.19057 ], [ 135.83193, -12.1915 ], [ 135.82851, -12.19113 ], [ 135.82561, -12.18441 ], [ 135.81824, -12.19066 ], [ 135.8169, -12.20115 ], [ 135.8105, -12.20269 ], [ 135.80393, -12.19912 ], [ 135.80307, -12.20759 ], [ 135.79621, -12.21477 ], [ 135.79151, -12.21495 ], [ 135.77897, -12.22469 ], [ 135.78046, -12.24568 ], [ 135.77671, -12.2611 ], [ 135.76996, -12.27065 ], [ 135.76696, -12.26872 ], [ 135.76986, -12.25788 ], [ 135.76609, -12.25484 ], [ 135.76007, -12.25475 ], [ 135.74608, -12.26326 ], [ 135.72875, -12.29531 ], [ 135.71093, -12.31122 ], [ 135.70768, -12.30981 ], [ 135.72216, -12.28752 ], [ 135.72165, -12.28181 ], [ 135.7094, -12.26182 ], [ 135.6914, -12.25445 ], [ 135.68045, -12.24513 ], [ 135.65764, -12.2134 ], [ 135.64965, -12.18954 ], [ 135.65003, -12.16937 ], [ 135.65419, -12.15666 ], [ 135.66013, -12.14997 ], [ 135.66951, -12.15022 ], [ 135.68145, -12.14108 ], [ 135.68618, -12.13314 ], [ 135.70061, -12.12659 ], [ 135.71439, -12.10431 ], [ 135.7248, -12.1006 ], [ 135.728, -12.10222 ], [ 135.73105, -12.09125 ], [ 135.74413, -12.09132 ], [ 135.74646, -12.08139 ], [ 135.75859, -12.07978 ], [ 135.75643, -12.07446 ], [ 135.75872, -12.06828 ], [ 135.77294, -12.04453 ], [ 135.7775, -12.04219 ], [ 135.78009, -12.04423 ], [ 135.78107, -12.03854 ], [ 135.79468, -12.03471 ], [ 135.79984, -12.03035 ], [ 135.80077, -12.02471 ], [ 135.81491, -12.01745 ], [ 135.82122, -12.00701 ], [ 135.833, -12.00123 ], [ 135.83336, -11.99851 ], [ 135.82691, -11.99463 ], [ 135.8315, -11.98463 ], [ 135.86037, -11.9815 ], [ 135.86983, -11.976 ], [ 135.87436, -11.97935 ], [ 135.87184, -11.98543 ], [ 135.8772, -11.9865 ], [ 135.9126, -11.95942 ], [ 135.91396, -11.95475 ], [ 135.91048, -11.95254 ], [ 135.88573, -11.96617 ], [ 135.88005, -11.96436 ], [ 135.87636, -11.96719 ], [ 135.86347, -11.96766 ], [ 135.83496, -11.97806 ], [ 135.80884, -11.9815 ], [ 135.75133, -12.00944 ], [ 135.72708, -12.00966 ], [ 135.7092, -12.02212 ], [ 135.69339, -12.02483 ], [ 135.68608, -12.03413 ], [ 135.65435, -12.0393 ], [ 135.63582, -12.06142 ], [ 135.61121, -12.07244 ], [ 135.59713, -12.08631 ], [ 135.59107, -12.0867 ], [ 135.56954, -12.10064 ], [ 135.54497, -12.08814 ], [ 135.54542, -12.08359 ], [ 135.5396, -12.07737 ], [ 135.5387, -12.06505 ], [ 135.52779, -12.06491 ], [ 135.51957, -12.06053 ], [ 135.51304, -12.07986 ], [ 135.50744, -12.08665 ], [ 135.46938, -12.11021 ], [ 135.45273, -12.11485 ], [ 135.41567, -12.11534 ], [ 135.4065, -12.10121 ], [ 135.42242, -12.08343 ], [ 135.39727, -12.08254 ], [ 135.39545, -12.08949 ], [ 135.38422, -12.09363 ], [ 135.37682, -12.09196 ], [ 135.37125, -12.08431 ], [ 135.36701, -12.08492 ], [ 135.35665, -12.09416 ], [ 135.35914, -12.09865 ], [ 135.35143, -12.1074 ], [ 135.32723, -12.11291 ], [ 135.30546, -12.12476 ], [ 135.30663, -12.13171 ], [ 135.30404, -12.13638 ], [ 135.31779, -12.14423 ], [ 135.30534, -12.16155 ], [ 135.29156, -12.16694 ], [ 135.28422, -12.16445 ], [ 135.26907, -12.18004 ], [ 135.2356, -12.18262 ], [ 135.2228, -12.19001 ], [ 135.22855, -12.19423 ], [ 135.24085, -12.19346 ], [ 135.25294, -12.20756 ], [ 135.27229, -12.20724 ], [ 135.28622, -12.22712 ], [ 135.31426, -12.24249 ], [ 135.33103, -12.24058 ], [ 135.34696, -12.2309 ], [ 135.35291, -12.231 ] ], [ [ 136.76237, -12.18935 ], [ 136.76851, -12.18814 ], [ 136.76851, -12.16442 ], [ 136.77061, -12.16401 ], [ 136.77457, -12.16289 ], [ 136.77878, -12.16143 ], [ 136.78573, -12.17655 ], [ 136.78765, -12.17468 ], [ 136.78983, -12.18485 ], [ 136.79148, -12.18678 ], [ 136.79623, -12.1866 ], [ 136.79623, -12.18816 ], [ 136.77284, -12.19451 ], [ 136.76881, -12.20114 ], [ 136.76237, -12.18935 ] ] ], [ [ [ 135.55382, -12.04912 ], [ 135.56438, -12.05697 ], [ 135.56661, -12.07167 ], [ 135.58118, -12.05542 ], [ 135.59198, -12.05637 ], [ 135.59478, -12.0441 ], [ 135.60595, -12.03301 ], [ 135.62418, -12.02965 ], [ 135.6366, -12.01829 ], [ 135.64487, -12.0186 ], [ 135.65694, -12.01276 ], [ 135.663, -12.01383 ], [ 135.70259, -12.00327 ], [ 135.73589, -12.00199 ], [ 135.74265, -11.97522 ], [ 135.75873, -11.971 ], [ 135.77643, -11.97627 ], [ 135.79782, -11.96422 ], [ 135.8282, -11.92925 ], [ 135.83957, -11.90306 ], [ 135.85199, -11.89022 ], [ 135.85817, -11.87865 ], [ 135.88675, -11.85794 ], [ 135.90083, -11.85247 ], [ 135.90593, -11.84258 ], [ 135.90823, -11.82396 ], [ 135.91489, -11.8208 ], [ 135.92102, -11.81036 ], [ 135.9384, -11.80444 ], [ 135.93047, -11.78808 ], [ 135.9321, -11.78114 ], [ 135.92834, -11.77556 ], [ 135.92535, -11.77204 ], [ 135.91025, -11.76878 ], [ 135.9072, -11.75783 ], [ 135.88992, -11.76288 ], [ 135.88138, -11.76062 ], [ 135.87915, -11.75531 ], [ 135.87575, -11.75663 ], [ 135.86972, -11.7663 ], [ 135.86504, -11.76784 ], [ 135.86614, -11.78378 ], [ 135.87398, -11.79146 ], [ 135.88594, -11.79235 ], [ 135.88931, -11.80383 ], [ 135.88643, -11.80629 ], [ 135.88323, -11.80467 ], [ 135.87087, -11.83423 ], [ 135.85164, -11.84893 ], [ 135.84778, -11.84899 ], [ 135.83519, -11.83835 ], [ 135.83196, -11.86078 ], [ 135.8039, -11.88944 ], [ 135.77652, -11.91285 ], [ 135.76265, -11.915 ], [ 135.76071, -11.91224 ], [ 135.75771, -11.92082 ], [ 135.73361, -11.93938 ], [ 135.72232, -11.93844 ], [ 135.7152, -11.93243 ], [ 135.69951, -11.93909 ], [ 135.67734, -11.933 ], [ 135.66552, -11.93641 ], [ 135.66948, -11.93971 ], [ 135.67011, -11.94567 ], [ 135.65676, -11.96019 ], [ 135.65616, -11.96589 ], [ 135.64278, -11.97308 ], [ 135.631, -11.9749 ], [ 135.61467, -11.97011 ], [ 135.61905, -11.95995 ], [ 135.60622, -11.96155 ], [ 135.59464, -11.9549 ], [ 135.59401, -11.95062 ], [ 135.58088, -11.96128 ], [ 135.58822, -11.96517 ], [ 135.58828, -11.97114 ], [ 135.58291, -11.98401 ], [ 135.56438, -12.00412 ], [ 135.56153, -12.01574 ], [ 135.56412, -12.01888 ], [ 135.56139, -12.0265 ], [ 135.56364, -12.03196 ], [ 135.55382, -12.04912 ] ] ], [ [ [ 136.13898, -12.04665 ], [ 136.14357, -12.04814 ], [ 136.14192, -12.05086 ], [ 136.14883, -12.05694 ], [ 136.14285, -12.06067 ], [ 136.13551, -12.06093 ], [ 136.13057, -12.05248 ], [ 136.12756, -12.05802 ], [ 136.12332, -12.05772 ], [ 136.1185, -12.05145 ], [ 136.11821, -12.0625 ], [ 136.12201, -12.06114 ], [ 136.12822, -12.06801 ], [ 136.12819, -12.07446 ], [ 136.16061, -12.06609 ], [ 136.17731, -12.07725 ], [ 136.18718, -12.07726 ], [ 136.19096, -12.0742 ], [ 136.19368, -12.07712 ], [ 136.20048, -12.06961 ], [ 136.19697, -12.06137 ], [ 136.20491, -12.06107 ], [ 136.21034, -12.05577 ], [ 136.21928, -12.0578 ], [ 136.23364, -12.05107 ], [ 136.24132, -12.04382 ], [ 136.26834, -12.03528 ], [ 136.27665, -12.03535 ], [ 136.2773, -12.03086 ], [ 136.2875, -12.02159 ], [ 136.29159, -12.02232 ], [ 136.30864, -12.01268 ], [ 136.31601, -12.00143 ], [ 136.31729, -11.99275 ], [ 136.31196, -11.98571 ], [ 136.30963, -11.99104 ], [ 136.30391, -11.9939 ], [ 136.30655, -11.9826 ], [ 136.31357, -11.97422 ], [ 136.30964, -11.9725 ], [ 136.30493, -11.97583 ], [ 136.30143, -11.97286 ], [ 136.29155, -11.97828 ], [ 136.28271, -11.97431 ], [ 136.27832, -11.97704 ], [ 136.28129, -11.97827 ], [ 136.28006, -11.9826 ], [ 136.27324, -11.98742 ], [ 136.27569, -11.99235 ], [ 136.27057, -12.00332 ], [ 136.26425, -12.00932 ], [ 136.26086, -12.00489 ], [ 136.25586, -12.0068 ], [ 136.25572, -12.01262 ], [ 136.24341, -12.01756 ], [ 136.2366, -12.02518 ], [ 136.22394, -12.02681 ], [ 136.21797, -12.03627 ], [ 136.19877, -12.02084 ], [ 136.20766, -12.0081 ], [ 136.20286, -11.9962 ], [ 136.19932, -12.00597 ], [ 136.19144, -12.00503 ], [ 136.19275, -12.00122 ], [ 136.18938, -12.00125 ], [ 136.18913, -12.0064 ], [ 136.19406, -12.01169 ], [ 136.18686, -12.01817 ], [ 136.19269, -12.02808 ], [ 136.18483, -12.03023 ], [ 136.18104, -12.02217 ], [ 136.17276, -12.01878 ], [ 136.17097, -12.0138 ], [ 136.17183, -12.03163 ], [ 136.15622, -12.04137 ], [ 136.14639, -12.03837 ], [ 136.14601, -12.02768 ], [ 136.14001, -12.02906 ], [ 136.13327, -12.02572 ], [ 136.12874, -12.03496 ], [ 136.13086, -12.04038 ], [ 136.14027, -12.03898 ], [ 136.13898, -12.04665 ] ] ], [ [ [ 134.92916, -12.09144 ], [ 134.90994, -12.06838 ], [ 134.88072, -12.06321 ], [ 134.85427, -12.04237 ], [ 134.8471, -12.04534 ], [ 134.85546, -12.06272 ], [ 134.86589, -12.07075 ], [ 134.86715, -12.07633 ], [ 134.86306, -12.08762 ], [ 134.86692, -12.10467 ], [ 134.86378, -12.10984 ], [ 134.8695, -12.11823 ], [ 134.86895, -12.12696 ], [ 134.88742, -12.13223 ], [ 134.90153, -12.14021 ], [ 134.91278, -12.13181 ], [ 134.91642, -12.12345 ], [ 134.91152, -12.1215 ], [ 134.9199, -12.11705 ], [ 134.91754, -12.11461 ], [ 134.92258, -12.11064 ], [ 134.92916, -12.09144 ] ] ], [ [ [ 134.90945, -12.03343 ], [ 134.93354, -12.0463 ], [ 134.94093, -12.0628 ], [ 134.95371, -12.06312 ], [ 134.95851, -12.06611 ], [ 134.96171, -12.06535 ], [ 134.96302, -12.05227 ], [ 134.97665, -12.04386 ], [ 134.98712, -12.04202 ], [ 134.99066, -12.03659 ], [ 134.97032, -12.02959 ], [ 134.95483, -12.01554 ], [ 134.90957, -12.0234 ], [ 134.90945, -12.03343 ] ] ], [ [ [ 135.05569, -11.95395 ], [ 135.06457, -11.9495 ], [ 135.08021, -11.9489 ], [ 135.09046, -11.94016 ], [ 135.10909, -11.94053 ], [ 135.12214, -11.92702 ], [ 135.1077, -11.92393 ], [ 135.1022, -11.91927 ], [ 135.08859, -11.91965 ], [ 135.08236, -11.9152 ], [ 135.06649, -11.92188 ], [ 135.05569, -11.91879 ], [ 135.05244, -11.92047 ], [ 135.05189, -11.9291 ], [ 135.04615, -11.9393 ], [ 135.05569, -11.95395 ] ] ], [ [ [ 136.80071, -12.12502 ], [ 136.79945, -12.13228 ], [ 136.80639, -12.13365 ], [ 136.81445, -12.14141 ], [ 136.82784, -12.13503 ], [ 136.82174, -12.12065 ], [ 136.82372, -12.07252 ], [ 136.79699, -12.08842 ], [ 136.80119, -12.09664 ], [ 136.79606, -12.10574 ], [ 136.80071, -12.12502 ] ] ], [ [ [ 136.14674, -12.17177 ], [ 136.14339, -12.17427 ], [ 136.13884, -12.16957 ], [ 136.12878, -12.17812 ], [ 136.12076, -12.16835 ], [ 136.11717, -12.17052 ], [ 136.1171, -12.17753 ], [ 136.10536, -12.18116 ], [ 136.10753, -12.18439 ], [ 136.10442, -12.19071 ], [ 136.10808, -12.19833 ], [ 136.11206, -12.19985 ], [ 136.12436, -12.19926 ], [ 136.12886, -12.19538 ], [ 136.15059, -12.19545 ], [ 136.15581, -12.19012 ], [ 136.15039, -12.18617 ], [ 136.14674, -12.17177 ] ] ], [ [ [ 134.84999, -12.01273 ], [ 134.83543, -12.00876 ], [ 134.82722, -12.02114 ], [ 134.82908, -12.02905 ], [ 134.85063, -12.03894 ], [ 134.85885, -12.03081 ], [ 134.86299, -12.03136 ], [ 134.86579, -12.02837 ], [ 134.8648, -12.02213 ], [ 134.86083, -12.02072 ], [ 134.86045, -12.01616 ], [ 134.85528, -12.01463 ], [ 134.85881, -12.01762 ], [ 134.85665, -12.01784 ], [ 134.84844, -12.00959 ], [ 134.84999, -12.01273 ] ] ], [ [ [ 136.02664, -12.15786 ], [ 136.02934, -12.16001 ], [ 136.0322, -12.15529 ], [ 136.03267, -12.1356 ], [ 136.03708, -12.13411 ], [ 136.0347, -12.13071 ], [ 136.03972, -12.13172 ], [ 136.0408, -12.12873 ], [ 136.03793, -12.12559 ], [ 136.04057, -12.12396 ], [ 136.03841, -12.12054 ], [ 136.04054, -12.11761 ], [ 136.03676, -12.10683 ], [ 136.04694, -12.10294 ], [ 136.03522, -12.09327 ], [ 136.02779, -12.09791 ], [ 136.02594, -12.10383 ], [ 136.02864, -12.1177 ], [ 136.02664, -12.15786 ] ] ], [ [ [ 134.99153, -12.09568 ], [ 135.00218, -12.09335 ], [ 135.00062, -12.07832 ], [ 134.99423, -12.07099 ], [ 134.97796, -12.06627 ], [ 134.97621, -12.07067 ], [ 134.99153, -12.09568 ] ] ], [ [ [ 134.95056, -12.09345 ], [ 134.95718, -12.09579 ], [ 134.9595, -12.08494 ], [ 134.95454, -12.07381 ], [ 134.9429, -12.07142 ], [ 134.95056, -12.09345 ] ] ], [ [ [ 136.69629, -12.2096 ], [ 136.7047, -12.21455 ], [ 136.70328, -12.21981 ], [ 136.69573, -12.22429 ], [ 136.70142, -12.23112 ], [ 136.70992, -12.2248 ], [ 136.71146, -12.21069 ], [ 136.70918, -12.20313 ], [ 136.70331, -12.2072 ], [ 136.69685, -12.20599 ], [ 136.69629, -12.2096 ] ] ], [ [ [ 134.91886, -12.06002 ], [ 134.93078, -12.06714 ], [ 134.93243, -12.06286 ], [ 134.92671, -12.05416 ], [ 134.92002, -12.0527 ], [ 134.91886, -12.06002 ] ] ], [ [ [ 136.32271, -11.96175 ], [ 136.32679, -11.96417 ], [ 136.33554, -11.96082 ], [ 136.33271, -11.94537 ], [ 136.32777, -11.94871 ], [ 136.33276, -11.95547 ], [ 136.32328, -11.95763 ], [ 136.32271, -11.96175 ] ] ], [ [ [ 136.0278, -12.17396 ], [ 136.02606, -12.1666 ], [ 136.02028, -12.19619 ], [ 136.02428, -12.19145 ], [ 136.0278, -12.17396 ] ] ], [ [ [ 136.32295, -11.96598 ], [ 136.31479, -11.96325 ], [ 136.31868, -11.97181 ], [ 136.32319, -11.97124 ], [ 136.32295, -11.96598 ] ] ], [ [ [ 136.1589, -12.18093 ], [ 136.15752, -12.1772 ], [ 136.15311, -12.17825 ], [ 136.15466, -12.18047 ], [ 136.1589, -12.18093 ] ] ], [ [ [ 136.0968, -12.07068 ], [ 136.09683, -12.07557 ], [ 136.09911, -12.06746 ], [ 136.0968, -12.07068 ] ] ], [ [ [ 136.32127, -11.98243 ], [ 136.32031, -11.97911 ], [ 136.31663, -11.98293 ], [ 136.32127, -11.98243 ] ] ], [ [ [ 136.01468, -12.21931 ], [ 136.01791, -12.21204 ], [ 136.01773, -12.20927 ], [ 136.01468, -12.21931 ] ] ], [ [ [ 135.50679, -12.02384 ], [ 135.50747, -12.02338 ], [ 135.50633, -12.01818 ], [ 135.50679, -12.02384 ] ] ], [ [ [ 135.51537, -12.06053 ], [ 135.51681, -12.0575 ], [ 135.51824, -12.05624 ], [ 135.51548, -12.05652 ], [ 135.51537, -12.06053 ] ] ], [ [ [ 136.69433, -12.24157 ], [ 136.69444, -12.24191 ], [ 136.70008, -12.23808 ], [ 136.69433, -12.24157 ] ] ], [ [ [ 136.67338, -12.18552 ], [ 136.67458, -12.18345 ], [ 136.6728, -12.18179 ], [ 136.67248, -12.18238 ], [ 136.67338, -12.18552 ] ] ], [ [ [ 136.86925, -12.08909 ], [ 136.86858, -12.08878 ], [ 136.86777, -12.09057 ], [ 136.86925, -12.08909 ] ] ], [ [ [ 136.75141, -12.16205 ], [ 136.75211, -12.16068 ], [ 136.74937, -12.16211 ], [ 136.75141, -12.16205 ] ] ], [ [ [ 136.67503, -12.24322 ], [ 136.67377, -12.24288 ], [ 136.67365, -12.2431 ], [ 136.67503, -12.24322 ] ] ], [ [ [ 136.6755, -12.23667 ], [ 136.67481, -12.23712 ], [ 136.6755, -12.23757 ], [ 136.6755, -12.23667 ] ] ], [ [ [ 136.31337, -11.59779 ], [ 136.32028, -11.60492 ], [ 136.30095, -11.60024 ], [ 136.29684, -11.60514 ], [ 136.29205, -11.60178 ], [ 136.28793, -11.60594 ], [ 136.28378, -11.60129 ], [ 136.28491, -11.60459 ], [ 136.28077, -11.60488 ], [ 136.28003, -11.5834 ], [ 136.27433, -11.58023 ], [ 136.26986, -11.58822 ], [ 136.26635, -11.58015 ], [ 136.26908, -11.57401 ], [ 136.26445, -11.57224 ], [ 136.25653, -11.58421 ], [ 136.25158, -11.58613 ], [ 136.25096, -11.5933 ], [ 136.23921, -11.60051 ], [ 136.24603, -11.61052 ], [ 136.24342, -11.61959 ], [ 136.2321, -11.62316 ], [ 136.22311, -11.61837 ], [ 136.22342, -11.62358 ], [ 136.23259, -11.62792 ], [ 136.23248, -11.63335 ], [ 136.22764, -11.63506 ], [ 136.23185, -11.64047 ], [ 136.23077, -11.64579 ], [ 136.22467, -11.64533 ], [ 136.22282, -11.64137 ], [ 136.21283, -11.64532 ], [ 136.20951, -11.64154 ], [ 136.20732, -11.6569 ], [ 136.20131, -11.65367 ], [ 136.20108, -11.65014 ], [ 136.1922, -11.64643 ], [ 136.17508, -11.64667 ], [ 136.17004, -11.64078 ], [ 136.16621, -11.64448 ], [ 136.16595, -11.64958 ], [ 136.17131, -11.65085 ], [ 136.16758, -11.65679 ], [ 136.17366, -11.66111 ], [ 136.18033, -11.67789 ], [ 136.16757, -11.68147 ], [ 136.16371, -11.67797 ], [ 136.15915, -11.69334 ], [ 136.17033, -11.69481 ], [ 136.18121, -11.68885 ], [ 136.19166, -11.67655 ], [ 136.20048, -11.67424 ], [ 136.20384, -11.66538 ], [ 136.20761, -11.67138 ], [ 136.21444, -11.67422 ], [ 136.21309, -11.66659 ], [ 136.21693, -11.66516 ], [ 136.21333, -11.65904 ], [ 136.22398, -11.65265 ], [ 136.23115, -11.65609 ], [ 136.22853, -11.65963 ], [ 136.23179, -11.66362 ], [ 136.23065, -11.66836 ], [ 136.24278, -11.66185 ], [ 136.26315, -11.66285 ], [ 136.26622, -11.65865 ], [ 136.26637, -11.64449 ], [ 136.27127, -11.64295 ], [ 136.27313, -11.62965 ], [ 136.26767, -11.62675 ], [ 136.26345, -11.63219 ], [ 136.2566, -11.63176 ], [ 136.26225, -11.62227 ], [ 136.26957, -11.62126 ], [ 136.27252, -11.61593 ], [ 136.27932, -11.6242 ], [ 136.28398, -11.62 ], [ 136.29032, -11.62187 ], [ 136.28912, -11.62583 ], [ 136.29652, -11.64169 ], [ 136.31694, -11.61763 ], [ 136.32937, -11.61752 ], [ 136.32989, -11.62338 ], [ 136.33259, -11.62336 ], [ 136.33856, -11.61688 ], [ 136.33735, -11.60663 ], [ 136.35583, -11.59433 ], [ 136.36483, -11.59935 ], [ 136.37664, -11.58676 ], [ 136.37701, -11.5823 ], [ 136.36947, -11.58099 ], [ 136.37113, -11.57317 ], [ 136.36778, -11.57166 ], [ 136.37226, -11.56643 ], [ 136.36837, -11.55772 ], [ 136.36079, -11.55011 ], [ 136.3587, -11.55999 ], [ 136.34507, -11.5645 ], [ 136.34394, -11.56944 ], [ 136.34838, -11.57751 ], [ 136.33816, -11.57994 ], [ 136.34211, -11.59022 ], [ 136.3275, -11.58232 ], [ 136.32757, -11.58601 ], [ 136.32267, -11.58712 ], [ 136.30912, -11.57074 ], [ 136.30371, -11.57842 ], [ 136.29547, -11.57986 ], [ 136.29701, -11.59288 ], [ 136.30714, -11.59488 ], [ 136.31401, -11.5928 ], [ 136.31337, -11.59779 ] ] ], [ [ [ 136.37274, -11.56416 ], [ 136.3755, -11.5637 ], [ 136.37429, -11.56659 ], [ 136.38906, -11.56115 ], [ 136.39224, -11.55598 ], [ 136.40522, -11.55608 ], [ 136.40556, -11.54838 ], [ 136.41412, -11.5434 ], [ 136.42982, -11.54733 ], [ 136.42564, -11.53754 ], [ 136.43711, -11.53373 ], [ 136.44511, -11.53576 ], [ 136.45031, -11.53215 ], [ 136.45152, -11.51972 ], [ 136.45802, -11.52132 ], [ 136.46674, -11.5076 ], [ 136.46125, -11.49939 ], [ 136.47262, -11.48441 ], [ 136.47358, -11.4671 ], [ 136.4559, -11.4743 ], [ 136.4562, -11.47853 ], [ 136.44677, -11.4859 ], [ 136.44995, -11.4931 ], [ 136.43919, -11.49624 ], [ 136.42997, -11.49086 ], [ 136.43128, -11.49861 ], [ 136.42137, -11.50864 ], [ 136.42222, -11.51271 ], [ 136.41554, -11.51887 ], [ 136.40949, -11.51943 ], [ 136.40293, -11.52767 ], [ 136.40153, -11.52198 ], [ 136.38571, -11.52541 ], [ 136.38711, -11.53154 ], [ 136.38087, -11.53797 ], [ 136.38139, -11.54372 ], [ 136.38468, -11.5419 ], [ 136.38284, -11.54599 ], [ 136.37353, -11.54581 ], [ 136.3666, -11.53423 ], [ 136.36294, -11.54082 ], [ 136.36619, -11.54075 ], [ 136.36701, -11.55224 ], [ 136.37274, -11.56416 ] ] ] ] } },
{ "type": "Feature", "properties": { "SA2_CODE21": 702041064, "SA2_NAME21": "Nhulunbuy", "CHG_FLAG21": "0", "CHG_LBL21": "No change", "SA3_CODE21": "70204", "SA3_NAME21": "East Arnhem", "SA4_CODE21": "702", "SA4_NAME21": "Northern Territory - Outback", "GCC_CODE21": "7RNTE", "GCC_NAME21": "Rest of NT", "STE_CODE21": "7", "STE_NAME21": "Northern Territory", "AUS_CODE21": "AUS", "AUS_NAME21": "Australia", "AREASQKM21": 7.647, "LOCI_URI21": "http://linked.data.gov.au/dataset/asgsed3/SA2/702041064", "Group": "Total_low_ses", "Australian Catholic University": 0.0, "Avondale University": 0.0, "Bond University": 0.0, "CQUniversity": 0.0, "Charles Darwin University": 0.0, "Charles Sturt University": 0.0, "Curtin University": 0.0, "Deakin University": 0.0, "Edith Cowan University": 0.0, "Federation University Australia": 0.0, "Flinders University": 0.0, "Griffith University": 0.0, "James Cook University": 0.0, "Macquarie University": 0.0, "Monash University": 0.0, "Murdoch University": 0.0, "Queensland University of Technology": 0.0, "RMIT University": 0.0, "Southern Cross University": 0.0, "Swinburne University of Technology": 0.0, "The Australian National University": 0.0, "The University of Adelaide": 0.0, "The University of Melbourne": 0.0, "The University of New England": 0.0, "The University of Newcastle": 0.0, "The University of Notre Dame Australia": 0.0, "The University of Queensland": 0.0, "The University of Sydney": 0.0, "The University of Western Australia": 0.0, "Torrens University Australia": 0.0, "University of Canberra": 0.0, "University of Divinity": 0.0, "University of New South Wales": 0.0, "University of South Australia": 0.0, "University of Southern Queensland": 0.0, "University of Tasmania": 0.0, "University of Technology Sydney": 0.0, "University of Wollongong": 0.0, "University of the Sunshine Coast": 0.0, "Victoria University": 0.0, "Western Sydney University": 0.0, "id": 702041064, "name": "Nhulunbuy" }, "geometry": { "type": "Polygon", "coordinates": [ [ [ 136.76851, -12.18814 ], [ 136.76636, -12.18891 ], [ 136.76237, -12.18935 ], [ 136.76295, -12.19235 ], [ 136.76334, -12.1926 ], [ 136.76492, -12.1984 ], [ 136.76763, -12.19768 ], [ 136.76881, -12.20114 ], [ 136.77284, -12.19451 ], [ 136.77468, -12.19582 ], [ 136.79623, -12.18816 ], [ 136.79623, -12.1866 ], [ 136.79559, -12.18699 ], [ 136.79148, -12.18678 ], [ 136.78983, -12.18485 ], [ 136.78907, -12.18293 ], [ 136.7884, -12.18077 ], [ 136.78777, -12.17615 ], [ 136.78765, -12.17468 ], [ 136.78573, -12.17655 ], [ 136.7846, -12.1728 ], [ 136.78478, -12.17208 ], [ 136.78454, -12.17132 ], [ 136.78395, -12.17038 ], [ 136.78379, -12.1681 ], [ 136.78286, -12.16674 ], [ 136.7817, -12.16602 ], [ 136.78158, -12.1651 ], [ 136.78065, -12.164 ], [ 136.77874, -12.1642 ], [ 136.77878, -12.16143 ], [ 136.77457, -12.16289 ], [ 136.77061, -12.16401 ], [ 136.76851, -12.16442 ], [ 136.76851, -12.18814 ] ] ] } },
{ "type": "Feature", "properties": { "SA2_CODE21": 702051065, "SA2_NAME21": "Elsey", "CHG_FLAG21": "0", "CHG_LBL21": "No change", "SA3_CODE21": "70205", "SA3_NAME21": "Katherine", "SA4_CODE21": "702", "SA4_NAME21": "Northern Territory - Outback", "GCC_CODE21": "7RNTE", "GCC_NAME21": "Rest of NT", "STE_CODE21": "7", "STE_NAME21": "Northern Territory", "AUS_CODE21": "AUS", "AUS_NAME21": "Australia", "AREASQKM21": 92949.7346, "LOCI_URI21": "http://linked.data.gov.au/dataset/asgsed3/SA2/702051065", "Group": "Total_low_ses", "Australian Catholic University": 0.0, "Avondale University": 0.0, "Bond University": 0.0, "CQUniversity": 0.0, "Charles Darwin University": 0.0, "Charles Sturt University": 0.0, "Curtin University": 0.0, "Deakin University": 0.0, "Edith Cowan University": 0.0, "Federation University Australia": 0.0, "Flinders University": 0.0, "Griffith University": 0.0, "James Cook University": 0.0, "Macquarie University": 0.0, "Monash University": 0.0, "Murdoch University": 0.0, "Queensland University of Technology": 0.0, "RMIT University": 0.0, "Southern Cross University": 0.0, "Swinburne University of Technology": 0.0, "The Australian National University": 0.0, "The University of Adelaide": 0.0, "The University of Melbourne": 0.0, "The University of New England": 0.0, "The University of Newcastle": 0.0, "The University of Notre Dame Australia": 0.0, "The University of Queensland": 0.0, "The University of Sydney": 0.0, "The University of Western Australia": 0.0, "Torrens University Australia": 0.0, "University of Canberra": 0.0, "University of Divinity": 0.0, "University of New South Wales": 0.0, "University of South Australia": 0.0, "University of Southern Queensland": 0.0, "University of Tasmania": 0.0, "University of Technology Sydney": 0.0, "University of Wollongong": 0.0, "University of the Sunshine Coast": 0.0, "Victoria University": 0.0, "Western Sydney University": 0.0, "id": 702051065, "name": "Elsey" }, "geometry": { "type": "Polygon", "coordinates": [ [ [ 132.02141, -13.80846 ], [ 132.02141, -14.0339 ], [ 131.94592, -14.03389 ], [ 131.98805, -14.0822 ], [ 131.98822, -14.11039 ], [ 131.99789, -14.13686 ], [ 132.01934, -14.17155 ], [ 132.0354, -14.18566 ], [ 132.04158, -14.23194 ], [ 132.06481, -14.25928 ], [ 132.07554, -14.28895 ], [ 132.09497, -14.30376 ], [ 132.13556, -14.3479 ], [ 132.16837, -14.35235 ], [ 132.1868, -14.37296 ], [ 132.21953, -14.39631 ], [ 132.27961, -14.37122 ], [ 132.33698, -14.38156 ], [ 132.38508, -14.36087 ], [ 132.38514, -14.37439 ], [ 132.40494, -14.37492 ], [ 132.41508, -14.36557 ], [ 132.41739, -14.35607 ], [ 132.41666, -14.34759 ], [ 132.40631, -14.34283 ], [ 132.4032, -14.33377 ], [ 132.40532, -14.33019 ], [ 132.43793, -14.35327 ], [ 132.44136, -14.35304 ], [ 132.44575, -14.36141 ], [ 132.43232, -14.40839 ], [ 132.45744, -14.43672 ], [ 132.4681, -14.44113 ], [ 132.46853, -14.43657 ], [ 132.48121, -14.43305 ], [ 132.49378, -14.44684 ], [ 132.49379, -14.41524 ], [ 132.58471, -14.41523 ], [ 132.58504, -14.50299 ], [ 132.68848, -14.50299 ], [ 132.68851, -14.68095 ], [ 132.67268, -14.67509 ], [ 132.66692, -14.65927 ], [ 132.654, -14.65698 ], [ 132.6363, -14.64666 ], [ 132.60498, -14.69639 ], [ 132.60496, -15.11432 ], [ 132.09191, -15.11433 ], [ 132.08966, -16.06594 ], [ 132.30407, -16.06865 ], [ 132.52031, -16.07544 ], [ 132.52289, -16.58328 ], [ 132.73737, -16.5832 ], [ 132.73735, -16.7927 ], [ 132.96377, -16.7927 ], [ 132.9629, -16.8656 ], [ 133.21156, -16.86553 ], [ 133.21156, -17.07563 ], [ 133.25938, -17.07563 ], [ 133.25938, -17.09016 ], [ 133.28176, -17.09357 ], [ 133.28929, -17.12269 ], [ 133.5883, -17.12241 ], [ 133.5883, -16.86633 ], [ 134.44261, -16.86645 ], [ 134.44262, -16.64776 ], [ 134.32419, -16.64765 ], [ 134.32421, -15.41631 ], [ 133.85997, -15.41619 ], [ 133.8602, -14.89244 ], [ 133.88495, -14.89584 ], [ 133.89893, -14.90134 ], [ 133.91769, -14.89767 ], [ 133.93409, -14.9066 ], [ 133.95175, -14.90571 ], [ 133.98652, -14.89103 ], [ 134.00383, -14.87801 ], [ 133.99482, -14.87854 ], [ 133.99483, -14.85101 ], [ 134.01523, -14.841 ], [ 134.01515, -14.86514 ], [ 134.00885, -14.87176 ], [ 134.0126, -14.88932 ], [ 134.00962, -14.92056 ], [ 134.01891, -14.92046 ], [ 134.01805, -14.93602 ], [ 134.01271, -14.93651 ], [ 134.0158, -14.94512 ], [ 134.01225, -14.95304 ], [ 134.01695, -14.96826 ], [ 134.01426, -14.97804 ], [ 134.52781, -14.97801 ], [ 134.52793, -14.81885 ], [ 134.40384, -14.81887 ], [ 134.40384, -14.69317 ], [ 134.39729, -14.68844 ], [ 134.37523, -14.68572 ], [ 134.36178, -14.65575 ], [ 134.37142, -14.6466 ], [ 134.37026, -14.64128 ], [ 134.36086, -14.63089 ], [ 134.3683, -14.61901 ], [ 134.36075, -14.61438 ], [ 134.35716, -14.59831 ], [ 134.34518, -14.58652 ], [ 134.32607, -14.58247 ], [ 134.30099, -14.59952 ], [ 134.28619, -14.60269 ], [ 134.2861, -14.28913 ], [ 134.66818, -14.28712 ], [ 134.67027, -14.00027 ], [ 135.00001, -13.99999 ], [ 135.00001, -13.00161 ], [ 134.97134, -12.9903 ], [ 134.94889, -12.99948 ], [ 134.94334, -13.00564 ], [ 134.93668, -13.00001 ], [ 134.93297, -13.00083 ], [ 134.91272, -13.02516 ], [ 134.90972, -13.04624 ], [ 134.88728, -13.07988 ], [ 134.85683, -13.09896 ], [ 134.84614, -13.11823 ], [ 134.84168, -13.13554 ], [ 132.999, -13.12777 ], [ 132.99882, -13.4041 ], [ 132.42114, -13.40212 ], [ 132.42112, -13.42757 ], [ 132.41111, -13.4276 ], [ 132.40765, -13.43059 ], [ 132.40766, -13.43967 ], [ 132.42113, -13.44452 ], [ 132.42102, -13.53107 ], [ 132.48117, -13.5311 ], [ 132.48106, -13.80852 ], [ 132.02141, -13.80846 ] ] ] } },
{ "type": "Feature", "properties": { "SA2_CODE21": 702051066, "SA2_NAME21": "Gulf", "CHG_FLAG21": "0", "CHG_LBL21": "No change", "SA3_CODE21": "70205", "SA3_NAME21": "Katherine", "SA4_CODE21": "702", "SA4_NAME21": "Northern Territory - Outback", "GCC_CODE21": "7RNTE", "GCC_NAME21": "Rest of NT", "STE_CODE21": "7", "STE_NAME21": "Northern Territory", "AUS_CODE21": "AUS", "AUS_NAME21": "Australia", "AREASQKM21": 92278.235, "LOCI_URI21": "http://linked.data.gov.au/dataset/asgsed3/SA2/702051066", "Group": "Total_low_ses", "Australian Catholic University": 0.0, "Avondale University": 0.0, "Bond University": 0.0, "CQUniversity": 0.0, "Charles Darwin University": 0.0, "Charles Sturt University": 0.0, "Curtin University": 0.0, "Deakin University": 0.0, "Edith Cowan University": 0.0, "Federation University Australia": 0.0, "Flinders University": 0.0, "Griffith University": 0.0, "James Cook University": 0.0, "Macquarie University": 5.0, "Monash University": 0.0, "Murdoch University": 0.0, "Queensland University of Technology": 0.0, "RMIT University": 0.0, "Southern Cross University": 0.0, "Swinburne University of Technology": 0.0, "The Australian National University": 0.0, "The University of Adelaide": 0.0, "The University of Melbourne": 0.0, "The University of New England": 0.0, "The University of Newcastle": 0.0, "The University of Notre Dame Australia": 0.0, "The University of Queensland": 0.0, "The University of Sydney": 0.0, "The University of Western Australia": 0.0, "Torrens University Australia": 0.0, "University of Canberra": 0.0, "University of Divinity": 0.0, "University of New South Wales": 0.0, "University of South Australia": 0.0, "University of Southern Queensland": 0.0, "University of Tasmania": 0.0, "University of Technology Sydney": 0.0, "University of Wollongong": 0.0, "University of the Sunshine Coast": 0.0, "Victoria University": 0.0, "Western Sydney University": 0.0, "id": 702051066, "name": "Gulf" }, "geometry": { "type": "MultiPolygon", "coordinates": [ [ [ [ 136.9558, -15.5039 ], [ 136.95546, -15.49927 ], [ 136.94951, -15.50287 ], [ 136.94986, -15.50344 ], [ 136.9558, -15.5039 ] ] ], [ [ [ 136.91958, -15.49844 ], [ 136.92133, -15.49573 ], [ 136.91912, -15.49245 ], [ 136.91772, -15.49629 ], [ 136.91958, -15.49844 ] ] ], [ [ [ 135.78033, -15.10147 ], [ 135.7873, -15.09782 ], [ 135.79064, -15.09126 ], [ 135.78112, -15.09446 ], [ 135.78033, -15.10147 ] ] ], [ [ [ 135.68959, -14.90613 ], [ 135.69819, -14.90499 ], [ 135.70355, -14.91211 ], [ 135.70797, -14.9129 ], [ 135.71644, -14.90238 ], [ 135.73212, -14.89218 ], [ 135.73887, -14.89885 ], [ 135.75316, -14.89589 ], [ 135.7641, -14.90176 ], [ 135.76746, -14.89475 ], [ 135.76817, -14.87518 ], [ 135.75933, -14.84764 ], [ 135.74751, -14.83654 ], [ 135.72589, -14.83475 ], [ 135.71592, -14.85093 ], [ 135.70953, -14.85195 ], [ 135.71058, -14.85704 ], [ 135.72101, -14.86042 ], [ 135.7169, -14.88215 ], [ 135.70968, -14.8826 ], [ 135.70039, -14.89357 ], [ 135.69005, -14.89889 ], [ 135.68692, -14.90376 ], [ 135.68959, -14.90613 ] ] ], [ [ [ 135.60147, -14.50423 ], [ 135.60798, -14.51632 ], [ 135.61204, -14.51824 ], [ 135.61957, -14.50659 ], [ 135.62711, -14.50139 ], [ 135.63001, -14.49358 ], [ 135.6249, -14.48839 ], [ 135.60309, -14.49032 ], [ 135.60147, -14.50423 ] ] ], [ [ [ 135.73513, -14.28797 ], [ 135.7298, -14.28897 ], [ 135.72806, -14.29123 ], [ 135.73293, -14.29507 ], [ 135.73513, -14.28797 ] ] ], [ [ [ 135.87563, -14.42968 ], [ 135.87575, -14.42821 ], [ 135.86822, -14.43636 ], [ 135.87563, -14.42968 ] ] ], [ [ [ 135.87951, -14.42306 ], [ 135.88119, -14.42153 ], [ 135.88216, -14.41768 ], [ 135.87951, -14.42306 ] ] ], [ [ [ 135.83901, -14.227 ], [ 135.83646, -14.2261 ], [ 135.83623, -14.22644 ], [ 135.83901, -14.227 ] ] ], [ [ [ 135.6117, -14.53577 ], [ 135.61124, -14.53373 ], [ 135.61042, -14.5343 ], [ 135.6117, -14.53577 ] ] ], [ [ [ 135.87852, -14.42481 ], [ 135.87817, -14.42402 ], [ 135.87725, -14.4256 ], [ 135.87852, -14.42481 ] ] ], [ [ [ 137.06737, -15.85799 ], [ 137.06889, -15.86624 ], [ 137.07449, -15.85472 ], [ 137.06737, -15.85799 ] ] ], [ [ [ 137.10274, -15.75046 ], [ 137.10676, -15.75103 ], [ 137.10584, -15.74712 ], [ 137.10274, -15.75046 ] ] ], [ [ [ 137.08528, -15.65023 ], [ 137.08249, -15.64842 ], [ 137.07899, -15.65102 ], [ 137.07969, -15.65158 ], [ 137.08528, -15.65023 ] ] ], [ [ [ 137.07934, -15.63735 ], [ 137.07713, -15.63385 ], [ 137.0755, -15.6378 ], [ 137.07934, -15.63735 ] ] ], [ [ [ 137.10401, -15.73668 ], [ 137.10355, -15.73498 ], [ 137.10244, -15.73515 ], [ 137.10401, -15.73668 ] ] ], [ [ [ 137.10267, -15.73345 ], [ 137.10215, -15.73203 ], [ 137.10116, -15.73288 ], [ 137.10267, -15.73345 ] ] ], [ [ [ 135.5046, -14.68267 ], [ 135.49985, -14.68143 ], [ 135.50069, -14.68376 ], [ 135.5046, -14.68267 ] ] ], [ [ [ 134.32421, -15.41631 ], [ 134.32419, -16.64765 ], [ 134.84789, -16.64763 ], [ 134.84789, -16.50222 ], [ 135.07554, -16.50221 ], [ 135.07539, -17.1215 ], [ 135.58464, -17.12071 ], [ 135.58462, -16.95368 ], [ 135.7764, -16.95373 ], [ 135.7764, -16.79302 ], [ 135.94023, -16.91897 ], [ 135.88097, -16.95368 ], [ 135.881, -17.26567 ], [ 136.06077, -17.26567 ], [ 136.06165, -17.4547 ], [ 136.82632, -17.4547 ], [ 136.82633, -17.49984 ], [ 137.59205, -17.49981 ], [ 137.59206, -17.61137 ], [ 137.99526, -17.61136 ], [ 137.99465, -16.5383 ], [ 137.95643, -16.50792 ], [ 137.94056, -16.48788 ], [ 137.93682, -16.49028 ], [ 137.94012, -16.4854 ], [ 137.93673, -16.48178 ], [ 137.88571, -16.44514 ], [ 137.86203, -16.4227 ], [ 137.82981, -16.37177 ], [ 137.81407, -16.35816 ], [ 137.80455, -16.34028 ], [ 137.78986, -16.32599 ], [ 137.76886, -16.28571 ], [ 137.74942, -16.26496 ], [ 137.7409, -16.26176 ], [ 137.73956, -16.24753 ], [ 137.73073, -16.23303 ], [ 137.71941, -16.22971 ], [ 137.72639, -16.23584 ], [ 137.7159, -16.22902 ], [ 137.68063, -16.22231 ], [ 137.62114, -16.19425 ], [ 137.62929, -16.20027 ], [ 137.6238, -16.20047 ], [ 137.60493, -16.18638 ], [ 137.57378, -16.17481 ], [ 137.53432, -16.16422 ], [ 137.53163, -16.165 ], [ 137.55695, -16.17428 ], [ 137.538, -16.17486 ], [ 137.53382, -16.17111 ], [ 137.50732, -16.16475 ], [ 137.4985, -16.168 ], [ 137.45409, -16.14652 ], [ 137.42573, -16.13924 ], [ 137.4159, -16.14111 ], [ 137.41728, -16.1445 ], [ 137.4092, -16.1443 ], [ 137.3884, -16.1266 ], [ 137.35693, -16.11562 ], [ 137.38381, -16.13188 ], [ 137.38135, -16.137 ], [ 137.37356, -16.1264 ], [ 137.37261, -16.13333 ], [ 137.3711, -16.12762 ], [ 137.35435, -16.11499 ], [ 137.32102, -16.09931 ], [ 137.30058, -16.0802 ], [ 137.29493, -16.08111 ], [ 137.29848, -16.07872 ], [ 137.30152, -16.07896 ], [ 137.30896, -16.08511 ], [ 137.27393, -16.04591 ], [ 137.26645, -16.03386 ], [ 137.26728, -16.02734 ], [ 137.25442, -16.01234 ], [ 137.22702, -16.00436 ], [ 137.25185, -16.01277 ], [ 137.22921, -16.00878 ], [ 137.20409, -15.99933 ], [ 137.15794, -15.96945 ], [ 137.11953, -15.95342 ], [ 137.11017, -15.95515 ], [ 137.08358, -15.94415 ], [ 137.05393, -15.92111 ], [ 137.05032, -15.91953 ], [ 137.0481, -15.92224 ], [ 137.00353, -15.87309 ], [ 136.99793, -15.86948 ], [ 137.00586, -15.87931 ], [ 136.99933, -15.87512 ], [ 136.99874, -15.88066 ], [ 136.98731, -15.87512 ], [ 136.98533, -15.87105 ], [ 136.98778, -15.86563 ], [ 136.97787, -15.85986 ], [ 136.98277, -15.85693 ], [ 136.97799, -15.85094 ], [ 136.97227, -15.85252 ], [ 136.96631, -15.86155 ], [ 136.96713, -15.86832 ], [ 136.97173, -15.87115 ], [ 136.97039, -15.87488 ], [ 136.95568, -15.87396 ], [ 136.94681, -15.87745 ], [ 136.94586, -15.88183 ], [ 136.93946, -15.88016 ], [ 136.91271, -15.89967 ], [ 136.91876, -15.91707 ], [ 136.92961, -15.92487 ], [ 136.94968, -15.93121 ], [ 136.95325, -15.93832 ], [ 136.94431, -15.9329 ], [ 136.93885, -15.93829 ], [ 136.93065, -15.93323 ], [ 136.91874, -15.93581 ], [ 136.90882, -15.93332 ], [ 136.90462, -15.93648 ], [ 136.90813, -15.92846 ], [ 136.90346, -15.92665 ], [ 136.89692, -15.92901 ], [ 136.89295, -15.92483 ], [ 136.88877, -15.93227 ], [ 136.8905, -15.92731 ], [ 136.88782, -15.92234 ], [ 136.87172, -15.92356 ], [ 136.86648, -15.91362 ], [ 136.84938, -15.91624 ], [ 136.85702, -15.91191 ], [ 136.85633, -15.90751 ], [ 136.8352, -15.90827 ], [ 136.82296, -15.89922 ], [ 136.79587, -15.90449 ], [ 136.79579, -15.91178 ], [ 136.78606, -15.90278 ], [ 136.76736, -15.91562 ], [ 136.76075, -15.91625 ], [ 136.77322, -15.90637 ], [ 136.77534, -15.89452 ], [ 136.7715, -15.88943 ], [ 136.72951, -15.93238 ], [ 136.71596, -15.9345 ], [ 136.70639, -15.93121 ], [ 136.69081, -15.90339 ], [ 136.69478, -15.89979 ], [ 136.69164, -15.89707 ], [ 136.69854, -15.89008 ], [ 136.70999, -15.88604 ], [ 136.70571, -15.88089 ], [ 136.71467, -15.87724 ], [ 136.71378, -15.85679 ], [ 136.70819, -15.85001 ], [ 136.70154, -15.85067 ], [ 136.70389, -15.84175 ], [ 136.69317, -15.83575 ], [ 136.69563, -15.83157 ], [ 136.69284, -15.82705 ], [ 136.67458, -15.81447 ], [ 136.67467, -15.80905 ], [ 136.67865, -15.80522 ], [ 136.67051, -15.79413 ], [ 136.66048, -15.79039 ], [ 136.64473, -15.79159 ], [ 136.6459, -15.78795 ], [ 136.65547, -15.78574 ], [ 136.65396, -15.78314 ], [ 136.6584, -15.78157 ], [ 136.64542, -15.77896 ], [ 136.64804, -15.77229 ], [ 136.6428, -15.76911 ], [ 136.6463, -15.76731 ], [ 136.65713, -15.77411 ], [ 136.68268, -15.7779 ], [ 136.68913, -15.75939 ], [ 136.69474, -15.75567 ], [ 136.69405, -15.75307 ], [ 136.71393, -15.72635 ], [ 136.72413, -15.69633 ], [ 136.70455, -15.69674 ], [ 136.70189, -15.6877 ], [ 136.69688, -15.68351 ], [ 136.69199, -15.68259 ], [ 136.68778, -15.68654 ], [ 136.68184, -15.6846 ], [ 136.68035, -15.67387 ], [ 136.6772, -15.67104 ], [ 136.67931, -15.66777 ], [ 136.67161, -15.66391 ], [ 136.6688, -15.67656 ], [ 136.66494, -15.67847 ], [ 136.65819, -15.6754 ], [ 136.64897, -15.67617 ], [ 136.64408, -15.67243 ], [ 136.63073, -15.6977 ], [ 136.62102, -15.70615 ], [ 136.61718, -15.70422 ], [ 136.61367, -15.70884 ], [ 136.60655, -15.70939 ], [ 136.60208, -15.71541 ], [ 136.59569, -15.71659 ], [ 136.58493, -15.72503 ], [ 136.57596, -15.72275 ], [ 136.55938, -15.72756 ], [ 136.56018, -15.73377 ], [ 136.56844, -15.74182 ], [ 136.56401, -15.74192 ], [ 136.56334, -15.74659 ], [ 136.55547, -15.75038 ], [ 136.55841, -15.74213 ], [ 136.55363, -15.74087 ], [ 136.55111, -15.74375 ], [ 136.54092, -15.73914 ], [ 136.5476, -15.72888 ], [ 136.5339, -15.73193 ], [ 136.53686, -15.7301 ], [ 136.51195, -15.71297 ], [ 136.46892, -15.66642 ], [ 136.45391, -15.65455 ], [ 136.43461, -15.64655 ], [ 136.42633, -15.63992 ], [ 136.42308, -15.63251 ], [ 136.41208, -15.62614 ], [ 136.39133, -15.62707 ], [ 136.37609, -15.61576 ], [ 136.36628, -15.61311 ], [ 136.35604, -15.61635 ], [ 136.34133, -15.61339 ], [ 136.3338, -15.60304 ], [ 136.33148, -15.60487 ], [ 136.33645, -15.61135 ], [ 136.32645, -15.60197 ], [ 136.31639, -15.61468 ], [ 136.31995, -15.62392 ], [ 136.3175, -15.62598 ], [ 136.31452, -15.61424 ], [ 136.32077, -15.60167 ], [ 136.31727, -15.58959 ], [ 136.2903, -15.57234 ], [ 136.27708, -15.55234 ], [ 136.27042, -15.53576 ], [ 136.26459, -15.5175 ], [ 136.26318, -15.49671 ], [ 136.25377, -15.48378 ], [ 136.24155, -15.4486 ], [ 136.23899, -15.43008 ], [ 136.24294, -15.42746 ], [ 136.23972, -15.41607 ], [ 136.21518, -15.40254 ], [ 136.20713, -15.40112 ], [ 136.20976, -15.39286 ], [ 136.18331, -15.39087 ], [ 136.18077, -15.39405 ], [ 136.17029, -15.39456 ], [ 136.16468, -15.39233 ], [ 136.1297, -15.36428 ], [ 136.09787, -15.35296 ], [ 136.07157, -15.33916 ], [ 136.05364, -15.32591 ], [ 136.04979, -15.31678 ], [ 136.04515, -15.31907 ], [ 136.04302, -15.31411 ], [ 136.03242, -15.31201 ], [ 135.99483, -15.29118 ], [ 135.98154, -15.28698 ], [ 135.98, -15.28187 ], [ 135.96668, -15.27244 ], [ 135.92518, -15.2492 ], [ 135.89961, -15.21579 ], [ 135.8628, -15.18273 ], [ 135.79972, -15.15077 ], [ 135.76077, -15.12742 ], [ 135.74898, -15.1165 ], [ 135.73861, -15.11337 ], [ 135.72415, -15.11628 ], [ 135.71778, -15.10961 ], [ 135.71682, -15.10362 ], [ 135.70389, -15.09666 ], [ 135.70188, -15.08751 ], [ 135.6873, -15.07683 ], [ 135.67441, -15.07513 ], [ 135.66984, -15.07157 ], [ 135.66712, -15.06017 ], [ 135.65593, -15.05173 ], [ 135.63974, -15.04443 ], [ 135.61232, -15.05198 ], [ 135.57996, -15.04529 ], [ 135.57564, -15.03785 ], [ 135.54756, -15.02007 ], [ 135.53627, -15.01445 ], [ 135.53395, -15.01548 ], [ 135.54074, -15.01922 ], [ 135.53099, -15.01717 ], [ 135.50292, -14.98841 ], [ 135.48443, -14.97552 ], [ 135.47559, -14.97383 ], [ 135.48803, -14.98434 ], [ 135.48827, -14.98717 ], [ 135.4855, -14.98319 ], [ 135.48001, -14.98027 ], [ 135.47047, -14.97021 ], [ 135.44024, -14.91932 ], [ 135.43114, -14.91069 ], [ 135.43304, -14.90134 ], [ 135.41549, -14.87058 ], [ 135.41317, -14.86956 ], [ 135.41094, -14.87312 ], [ 135.4091, -14.86244 ], [ 135.41282, -14.85916 ], [ 135.41282, -14.85079 ], [ 135.39378, -14.80861 ], [ 135.39622, -14.80205 ], [ 135.39379, -14.77186 ], [ 135.38208, -14.72572 ], [ 135.39334, -14.71917 ], [ 135.39938, -14.72369 ], [ 135.4053, -14.73658 ], [ 135.41634, -14.73501 ], [ 135.43469, -14.71375 ], [ 135.43923, -14.70528 ], [ 135.43737, -14.70335 ], [ 135.44155, -14.70155 ], [ 135.44049, -14.69412 ], [ 135.4477, -14.69341 ], [ 135.46501, -14.67577 ], [ 135.48487, -14.66707 ], [ 135.4995, -14.67577 ], [ 135.49973, -14.67012 ], [ 135.50437, -14.66571 ], [ 135.51459, -14.66458 ], [ 135.51912, -14.65327 ], [ 135.52481, -14.65271 ], [ 135.53468, -14.65779 ], [ 135.54106, -14.6527 ], [ 135.53955, -14.64253 ], [ 135.52745, -14.64093 ], [ 135.51842, -14.62546 ], [ 135.52167, -14.62218 ], [ 135.5263, -14.58871 ], [ 135.53662, -14.56112 ], [ 135.55519, -14.53624 ], [ 135.55809, -14.53511 ], [ 135.56401, -14.53985 ], [ 135.56679, -14.53748 ], [ 135.56783, -14.52832 ], [ 135.56388, -14.52222 ], [ 135.56841, -14.51498 ], [ 135.57525, -14.50921 ], [ 135.58152, -14.51034 ], [ 135.58952, -14.50513 ], [ 135.59021, -14.49575 ], [ 135.58878, -14.48854 ], [ 135.58666, -14.48749 ], [ 135.58657, -14.4847 ], [ 135.58812, -14.48573 ], [ 135.58726, -14.4875 ], [ 135.58891, -14.48813 ], [ 135.59554, -14.47132 ], [ 135.60018, -14.46816 ], [ 135.59866, -14.45685 ], [ 135.61962, -14.42309 ], [ 135.62811, -14.42755 ], [ 135.631, -14.41952 ], [ 135.63831, -14.42268 ], [ 135.65629, -14.41838 ], [ 135.66685, -14.42753 ], [ 135.67033, -14.42436 ], [ 135.67252, -14.41464 ], [ 135.66775, -14.39915 ], [ 135.6776, -14.38885 ], [ 135.69034, -14.36352 ], [ 135.71257, -14.33489 ], [ 135.71337, -14.3237 ], [ 135.73015, -14.29666 ], [ 135.71483, -14.2796 ], [ 135.70254, -14.27135 ], [ 135.70683, -14.27316 ], [ 135.70648, -14.26943 ], [ 135.72289, -14.28471 ], [ 135.7471, -14.2787 ], [ 135.75828, -14.26463 ], [ 135.76616, -14.26067 ], [ 135.7768, -14.24177 ], [ 135.79404, -14.22605 ], [ 135.79469, -14.22879 ], [ 135.79116, -14.2315 ], [ 135.80297, -14.22772 ], [ 135.81583, -14.22895 ], [ 135.84801, -14.20132 ], [ 135.88146, -14.18126 ], [ 135.89304, -14.18135 ], [ 135.89828, -14.19378 ], [ 135.9036, -14.1905 ], [ 135.89489, -14.17728 ], [ 135.88249, -14.17266 ], [ 135.87878, -14.16681 ], [ 135.88501, -14.16045 ], [ 135.8874, -14.13433 ], [ 135.89488, -14.10741 ], [ 135.89395, -14.10368 ], [ 135.89349, -14.10741 ], [ 135.89013, -14.10753 ], [ 135.89115, -14.0943 ], [ 135.90525, -14.0746 ], [ 135.91318, -14.04248 ], [ 135.91497, -14.00855 ], [ 135.90883, -13.99854 ], [ 135.90975, -13.99042 ], [ 135.91756, -13.97791 ], [ 135.94105, -13.95373 ], [ 135.94845, -13.95422 ], [ 135.95576, -13.94928 ], [ 135.95627, -13.93957 ], [ 135.96359, -13.93158 ], [ 135.96992, -13.91365 ], [ 135.98909, -13.89611 ], [ 135.98995, -13.88312 ], [ 135.99368, -13.87693 ], [ 135.99036, -13.86469 ], [ 135.99169, -13.85783 ], [ 135.99972, -13.84623 ], [ 136.00922, -13.84107 ], [ 136.01575, -13.82833 ], [ 136.00643, -13.79158 ], [ 136.01343, -13.77738 ], [ 136.0135, -13.7628 ], [ 136.01996, -13.75275 ], [ 136.03518, -13.74674 ], [ 136.0379, -13.73207 ], [ 136.03427, -13.71646 ], [ 136.04439, -13.70239 ], [ 136.0554, -13.69464 ], [ 136.05231, -13.68852 ], [ 136.05488, -13.68063 ], [ 136.06913, -13.66984 ], [ 136.07433, -13.66907 ], [ 136.07559, -13.67275 ], [ 136.08306, -13.65544 ], [ 136.076, -13.65744 ], [ 136.06562, -13.64968 ], [ 136.0587, -13.65026 ], [ 136.05142, -13.64476 ], [ 136.04008, -13.65605 ], [ 136.02592, -13.65204 ], [ 136.03162, -13.66053 ], [ 136.02949, -13.67261 ], [ 136.0341, -13.6767 ], [ 136.03361, -13.68246 ], [ 136.02005, -13.69132 ], [ 136.01243, -13.68847 ], [ 136.0126, -13.70214 ], [ 136.00906, -13.70743 ], [ 135.99569, -13.714 ], [ 135.99096, -13.70859 ], [ 135.9883, -13.70994 ], [ 135.98826, -13.71745 ], [ 135.97818, -13.7316 ], [ 135.95625, -13.74334 ], [ 135.91451, -13.74722 ], [ 135.88936, -13.72825 ], [ 135.8794, -13.71203 ], [ 135.87784, -13.70039 ], [ 135.88912, -13.68802 ], [ 135.90638, -13.67827 ], [ 135.91403, -13.68292 ], [ 135.91873, -13.68183 ], [ 135.92165, -13.67596 ], [ 135.91348, -13.66983 ], [ 135.90741, -13.65816 ], [ 135.89291, -13.66944 ], [ 135.88064, -13.66908 ], [ 135.87124, -13.65664 ], [ 135.87121, -13.64037 ], [ 135.86518, -13.62226 ], [ 135.84305, -13.61297 ], [ 135.84127, -13.59718 ], [ 135.8353, -13.59082 ], [ 135.84124, -13.58147 ], [ 135.83695, -13.5771 ], [ 135.83661, -13.57188 ], [ 135.84118, -13.56961 ], [ 135.83975, -13.56635 ], [ 135.84843, -13.56458 ], [ 135.85488, -13.56678 ], [ 135.86929, -13.56173 ], [ 135.86597, -13.55573 ], [ 135.86505, -13.53143 ], [ 135.85505, -13.51997 ], [ 135.86234, -13.49448 ], [ 135.85767, -13.48225 ], [ 135.8637, -13.47686 ], [ 135.86409, -13.46884 ], [ 135.85758, -13.45536 ], [ 135.85973, -13.44023 ], [ 135.87261, -13.42889 ], [ 135.88284, -13.42467 ], [ 135.89433, -13.42516 ], [ 135.89946, -13.43896 ], [ 135.91271, -13.444 ], [ 135.91955, -13.46245 ], [ 135.93125, -13.46681 ], [ 135.93573, -13.45823 ], [ 135.92734, -13.45017 ], [ 135.92946, -13.44239 ], [ 135.93665, -13.43654 ], [ 135.94531, -13.435 ], [ 135.94958, -13.43694 ], [ 135.95183, -13.44814 ], [ 135.96108, -13.44558 ], [ 135.96263, -13.43588 ], [ 135.9682, -13.42799 ], [ 135.96763, -13.41455 ], [ 135.97299, -13.40232 ], [ 135.96517, -13.41047 ], [ 135.92646, -13.41774 ], [ 135.91909, -13.40443 ], [ 135.92564, -13.39627 ], [ 135.92097, -13.38244 ], [ 135.50115, -13.56523 ], [ 135.50216, -14.32257 ], [ 135.00001, -13.99999 ], [ 134.67027, -14.00027 ], [ 134.66818, -14.28712 ], [ 134.2861, -14.28913 ], [ 134.28619, -14.60269 ], [ 134.30099, -14.59952 ], [ 134.32607, -14.58247 ], [ 134.34518, -14.58652 ], [ 134.35716, -14.59831 ], [ 134.36075, -14.61438 ], [ 134.3683, -14.61901 ], [ 134.36086, -14.63089 ], [ 134.37026, -14.64128 ], [ 134.37142, -14.6466 ], [ 134.36178, -14.65575 ], [ 134.37523, -14.68572 ], [ 134.39729, -14.68844 ], [ 134.40384, -14.69317 ], [ 134.40384, -14.81887 ], [ 134.52793, -14.81885 ], [ 134.52781, -14.97801 ], [ 134.01426, -14.97804 ], [ 134.01695, -14.96826 ], [ 134.01225, -14.95304 ], [ 134.0158, -14.94512 ], [ 134.01271, -14.93651 ], [ 134.01805, -14.93602 ], [ 134.01891, -14.92046 ], [ 134.00962, -14.92056 ], [ 134.0126, -14.88932 ], [ 134.00885, -14.87176 ], [ 134.01515, -14.86514 ], [ 134.01523, -14.841 ], [ 133.99483, -14.85101 ], [ 133.99482, -14.87854 ], [ 134.00383, -14.87801 ], [ 133.98652, -14.89103 ], [ 133.95175, -14.90571 ], [ 133.93409, -14.9066 ], [ 133.91769, -14.89767 ], [ 133.89893, -14.90134 ], [ 133.88495, -14.89584 ], [ 133.8602, -14.89244 ], [ 133.85997, -15.41619 ], [ 134.32421, -15.41631 ] ] ], [ [ [ 136.95301, -15.73687 ], [ 136.95394, -15.74003 ], [ 136.95569, -15.73664 ], [ 136.9494, -15.72997 ], [ 136.95034, -15.72117 ], [ 136.94766, -15.71766 ], [ 136.95139, -15.71699 ], [ 136.95431, -15.71022 ], [ 136.96038, -15.7118 ], [ 136.9599, -15.7231 ], [ 136.96386, -15.73055 ], [ 136.96947, -15.71926 ], [ 136.97838, -15.71241 ], [ 136.98283, -15.72356 ], [ 136.97458, -15.73756 ], [ 136.97913, -15.73745 ], [ 136.98076, -15.7405 ], [ 136.97061, -15.7458 ], [ 136.96967, -15.74908 ], [ 136.97819, -15.74728 ], [ 136.98239, -15.74954 ], [ 136.9776, -15.75834 ], [ 136.97876, -15.76196 ], [ 136.98378, -15.75812 ], [ 136.98938, -15.76061 ], [ 136.98738, -15.77292 ], [ 136.99566, -15.78648 ], [ 136.99262, -15.79212 ], [ 137.00043, -15.79382 ], [ 137.01629, -15.80557 ], [ 137.02458, -15.79846 ], [ 137.0345, -15.79711 ], [ 137.04405, -15.81722 ], [ 137.03985, -15.83551 ], [ 137.0528, -15.83755 ], [ 137.05489, -15.84116 ], [ 137.06085, -15.83846 ], [ 137.07496, -15.84614 ], [ 137.07287, -15.83439 ], [ 137.08372, -15.82672 ], [ 137.0885, -15.81565 ], [ 137.09772, -15.81204 ], [ 137.10624, -15.77399 ], [ 137.09831, -15.76755 ], [ 137.0912, -15.76755 ], [ 137.08525, -15.7619 ], [ 137.07849, -15.76066 ], [ 137.07709, -15.75513 ], [ 137.08082, -15.7531 ], [ 137.08036, -15.74971 ], [ 137.07581, -15.7505 ], [ 137.07344, -15.74584 ], [ 137.07674, -15.74959 ], [ 137.08304, -15.7479 ], [ 137.07779, -15.74327 ], [ 137.08165, -15.71538 ], [ 137.0855, -15.7129 ], [ 137.07758, -15.68376 ], [ 137.0812, -15.66434 ], [ 137.07607, -15.66163 ], [ 137.08167, -15.65576 ], [ 137.07304, -15.64943 ], [ 137.06311, -15.65269 ], [ 137.05988, -15.6413 ], [ 137.06314, -15.63283 ], [ 137.06769, -15.63125 ], [ 137.06513, -15.62684 ], [ 137.05837, -15.62831 ], [ 137.06069, -15.63497 ], [ 137.05451, -15.64039 ], [ 137.04449, -15.63971 ], [ 137.03202, -15.63394 ], [ 137.02981, -15.62016 ], [ 137.02283, -15.6109 ], [ 137.02738, -15.60559 ], [ 137.02062, -15.60288 ], [ 137.01992, -15.59486 ], [ 137.00886, -15.58672 ], [ 137.00396, -15.59236 ], [ 136.99919, -15.58525 ], [ 136.99138, -15.58445 ], [ 136.9923, -15.5936 ], [ 136.99673, -15.59936 ], [ 136.99451, -15.60512 ], [ 137.00103, -15.61212 ], [ 136.99882, -15.6119 ], [ 136.99997, -15.62285 ], [ 136.98586, -15.63413 ], [ 136.97677, -15.63446 ], [ 136.98118, -15.65615 ], [ 136.98759, -15.66101 ], [ 136.99552, -15.65898 ], [ 136.99073, -15.67287 ], [ 136.98396, -15.67445 ], [ 136.9842, -15.66699 ], [ 136.9694, -15.66111 ], [ 136.97267, -15.65693 ], [ 136.96801, -15.65467 ], [ 136.97104, -15.65185 ], [ 136.9679, -15.64789 ], [ 136.97116, -15.64519 ], [ 136.96103, -15.64009 ], [ 136.94935, -15.65827 ], [ 136.93629, -15.6604 ], [ 136.94562, -15.66052 ], [ 136.94748, -15.66334 ], [ 136.94643, -15.66854 ], [ 136.94117, -15.67226 ], [ 136.94793, -15.67599 ], [ 136.9414, -15.67971 ], [ 136.94, -15.68423 ], [ 136.91901, -15.68195 ], [ 136.91959, -15.68624 ], [ 136.92484, -15.68602 ], [ 136.92612, -15.68884 ], [ 136.93883, -15.68897 ], [ 136.93952, -15.69473 ], [ 136.93404, -15.69732 ], [ 136.93858, -15.70117 ], [ 136.9345, -15.70365 ], [ 136.94009, -15.70919 ], [ 136.93623, -15.71438 ], [ 136.94008, -15.71991 ], [ 136.92923, -15.72544 ], [ 136.94264, -15.72624 ], [ 136.94461, -15.73087 ], [ 136.94146, -15.73979 ], [ 136.94613, -15.73313 ], [ 136.95301, -15.73687 ] ] ], [ [ [ 136.61733, -15.55535 ], [ 136.612, -15.54642 ], [ 136.61573, -15.54179 ], [ 136.61043, -15.52382 ], [ 136.57866, -15.51086 ], [ 136.57293, -15.51457 ], [ 136.57129, -15.51818 ], [ 136.57384, -15.52248 ], [ 136.56683, -15.53059 ], [ 136.54223, -15.53459 ], [ 136.52534, -15.53093 ], [ 136.52567, -15.53838 ], [ 136.51108, -15.54455 ], [ 136.51048, -15.55042 ], [ 136.51828, -15.55395 ], [ 136.52209, -15.563 ], [ 136.52007, -15.57621 ], [ 136.50452, -15.59208 ], [ 136.51171, -15.60519 ], [ 136.5134, -15.62261 ], [ 136.49496, -15.63969 ], [ 136.49476, -15.64353 ], [ 136.50549, -15.64347 ], [ 136.51389, -15.65277 ], [ 136.52286, -15.65438 ], [ 136.53919, -15.65375 ], [ 136.54212, -15.64709 ], [ 136.5509, -15.63985 ], [ 136.57033, -15.64932 ], [ 136.57174, -15.64616 ], [ 136.5897, -15.6453 ], [ 136.5943, -15.626 ], [ 136.60503, -15.62377 ], [ 136.59898, -15.62003 ], [ 136.60481, -15.61518 ], [ 136.599, -15.61065 ], [ 136.60077, -15.60185 ], [ 136.59533, -15.58873 ], [ 136.59651, -15.58128 ], [ 136.60189, -15.57677 ], [ 136.60484, -15.56086 ], [ 136.61172, -15.56161 ], [ 136.61068, -15.55872 ], [ 136.61733, -15.55535 ] ] ], [ [ [ 136.75035, -15.64668 ], [ 136.73905, -15.64429 ], [ 136.73461, -15.64767 ], [ 136.73868, -15.65344 ], [ 136.73517, -15.66077 ], [ 136.74017, -15.66598 ], [ 136.741, -15.67286 ], [ 136.73455, -15.6776 ], [ 136.73684, -15.69714 ], [ 136.72972, -15.70018 ], [ 136.73578, -15.70516 ], [ 136.73881, -15.70302 ], [ 136.74592, -15.70484 ], [ 136.75127, -15.71276 ], [ 136.74901, -15.71862 ], [ 136.73856, -15.71239 ], [ 136.73715, -15.72447 ], [ 136.72815, -15.73564 ], [ 136.72835, -15.75134 ], [ 136.73847, -15.76265 ], [ 136.74127, -15.76175 ], [ 136.74164, -15.75622 ], [ 136.74665, -15.75465 ], [ 136.7462, -15.7499 ], [ 136.75542, -15.74823 ], [ 136.75799, -15.74462 ], [ 136.76405, -15.74553 ], [ 136.76487, -15.7426 ], [ 136.77652, -15.74634 ], [ 136.78855, -15.73586 ], [ 136.79148, -15.72864 ], [ 136.80444, -15.7238 ], [ 136.80422, -15.71353 ], [ 136.79688, -15.7108 ], [ 136.79817, -15.70335 ], [ 136.78546, -15.70649 ], [ 136.77952, -15.70129 ], [ 136.78782, -15.68673 ], [ 136.79107, -15.68433 ], [ 136.7947, -15.68708 ], [ 136.80428, -15.68524 ], [ 136.8025, -15.69782 ], [ 136.81381, -15.70033 ], [ 136.8242, -15.68826 ], [ 136.83376, -15.69019 ], [ 136.83715, -15.68726 ], [ 136.83167, -15.6859 ], [ 136.83086, -15.68138 ], [ 136.83343, -15.67969 ], [ 136.82807, -15.67686 ], [ 136.83239, -15.67303 ], [ 136.82669, -15.66748 ], [ 136.82914, -15.66297 ], [ 136.80758, -15.65526 ], [ 136.80526, -15.65028 ], [ 136.7971, -15.64846 ], [ 136.79466, -15.64496 ], [ 136.7802, -15.64821 ], [ 136.76564, -15.64039 ], [ 136.75876, -15.64071 ], [ 136.75035, -15.64668 ] ] ], [ [ [ 136.87189, -15.6104 ], [ 136.87842, -15.60578 ], [ 136.8804, -15.60861 ], [ 136.88436, -15.60692 ], [ 136.88683, -15.59405 ], [ 136.88951, -15.59428 ], [ 136.8909, -15.59959 ], [ 136.89568, -15.59858 ], [ 136.9049, -15.59012 ], [ 136.89069, -15.5796 ], [ 136.88826, -15.5657 ], [ 136.88257, -15.55621 ], [ 136.88166, -15.54108 ], [ 136.87375, -15.53203 ], [ 136.88028, -15.52662 ], [ 136.88379, -15.51205 ], [ 136.88066, -15.50561 ], [ 136.87237, -15.51735 ], [ 136.86689, -15.51598 ], [ 136.86726, -15.50751 ], [ 136.8585, -15.52128 ], [ 136.86303, -15.52603 ], [ 136.86046, -15.53269 ], [ 136.84157, -15.54237 ], [ 136.84494, -15.54915 ], [ 136.842, -15.56293 ], [ 136.84729, -15.56352 ], [ 136.8526, -15.56983 ], [ 136.85584, -15.58181 ], [ 136.83321, -15.59747 ], [ 136.83133, -15.60492 ], [ 136.84112, -15.60392 ], [ 136.8431, -15.61025 ], [ 136.82956, -15.61791 ], [ 136.84262, -15.61736 ], [ 136.84564, -15.62301 ], [ 136.8517, -15.62472 ], [ 136.84703, -15.63036 ], [ 136.83736, -15.62854 ], [ 136.84549, -15.64718 ], [ 136.85342, -15.64223 ], [ 136.86742, -15.63987 ], [ 136.87628, -15.633 ], [ 136.88083, -15.63673 ], [ 136.88212, -15.63108 ], [ 136.87758, -15.62216 ], [ 136.88191, -15.61347 ], [ 136.87783, -15.61177 ], [ 136.87537, -15.61718 ], [ 136.86198, -15.60734 ], [ 136.8677, -15.60667 ], [ 136.86998, -15.60291 ], [ 136.87189, -15.6104 ] ] ], [ [ [ 136.83722, -15.56676 ], [ 136.82789, -15.57059 ], [ 136.83571, -15.5636 ], [ 136.83397, -15.55546 ], [ 136.82604, -15.56053 ], [ 136.80752, -15.55813 ], [ 136.80506, -15.56287 ], [ 136.79306, -15.56002 ], [ 136.78875, -15.56194 ], [ 136.78115, -15.57491 ], [ 136.77357, -15.57862 ], [ 136.7816, -15.58237 ], [ 136.79584, -15.57302 ], [ 136.80328, -15.58297 ], [ 136.83568, -15.58483 ], [ 136.84058, -15.5802 ], [ 136.83722, -15.56676 ] ] ], [ [ [ 136.7904, -15.61412 ], [ 136.79821, -15.61345 ], [ 136.8023, -15.6086 ], [ 136.80649, -15.61121 ], [ 136.8191, -15.60321 ], [ 136.81316, -15.59609 ], [ 136.78939, -15.59108 ], [ 136.77724, -15.60799 ], [ 136.79006, -15.60881 ], [ 136.7904, -15.61412 ] ] ], [ [ [ 136.6468, -15.60648 ], [ 136.66323, -15.6107 ], [ 136.67151, -15.6088 ], [ 136.67395, -15.61219 ], [ 136.67955, -15.61085 ], [ 136.68131, -15.60532 ], [ 136.67922, -15.60102 ], [ 136.66839, -15.5967 ], [ 136.67271, -15.59287 ], [ 136.66946, -15.59049 ], [ 136.66653, -15.59512 ], [ 136.65476, -15.59362 ], [ 136.6468, -15.60648 ] ] ], [ [ [ 136.81513, -15.74584 ], [ 136.82085, -15.74224 ], [ 136.81597, -15.735 ], [ 136.81772, -15.7306 ], [ 136.82962, -15.73073 ], [ 136.81878, -15.72383 ], [ 136.79965, -15.72831 ], [ 136.79964, -15.73396 ], [ 136.80278, -15.73622 ], [ 136.80079, -15.74221 ], [ 136.80708, -15.74606 ], [ 136.81223, -15.73725 ], [ 136.81759, -15.74009 ], [ 136.81513, -15.74584 ] ] ], [ [ [ 136.94879, -15.75967 ], [ 136.94353, -15.76159 ], [ 136.94003, -15.76768 ], [ 136.94376, -15.7687 ], [ 136.94667, -15.77718 ], [ 136.94994, -15.77244 ], [ 136.94598, -15.76306 ], [ 136.94879, -15.75967 ] ] ], [ [ [ 136.97936, -15.60669 ], [ 136.98193, -15.59822 ], [ 136.97761, -15.59912 ], [ 136.97936, -15.60669 ] ] ], [ [ [ 136.71783, -15.7625 ], [ 136.72354, -15.76206 ], [ 136.71807, -15.75572 ], [ 136.71632, -15.75809 ], [ 136.71783, -15.7625 ] ] ], [ [ [ 136.91046, -15.61305 ], [ 136.90826, -15.60616 ], [ 136.90335, -15.61564 ], [ 136.91046, -15.61305 ] ] ], [ [ [ 136.72655, -15.65578 ], [ 136.73179, -15.65738 ], [ 136.72878, -15.64879 ], [ 136.72655, -15.65578 ] ] ], [ [ [ 136.50915, -15.52986 ], [ 136.51126, -15.52388 ], [ 136.51524, -15.5187 ], [ 136.50764, -15.52635 ], [ 136.50915, -15.52986 ] ] ], [ [ [ 136.65594, -15.58945 ], [ 136.65887, -15.58324 ], [ 136.65502, -15.58233 ], [ 136.65594, -15.58945 ] ] ], [ [ [ 136.88177, -15.7194 ], [ 136.88398, -15.71872 ], [ 136.88725, -15.71647 ], [ 136.88177, -15.71522 ], [ 136.88177, -15.7194 ] ] ], [ [ [ 136.71569, -15.60968 ], [ 136.71557, -15.61307 ], [ 136.72023, -15.61285 ], [ 136.71569, -15.60968 ] ] ], [ [ [ 136.97512, -15.6523 ], [ 136.97547, -15.64971 ], [ 136.97209, -15.64699 ], [ 136.97128, -15.64925 ], [ 136.97512, -15.6523 ] ] ], [ [ [ 136.93353, -15.62877 ], [ 136.93469, -15.62776 ], [ 136.92933, -15.62696 ], [ 136.93353, -15.62877 ] ] ], [ [ [ 136.95956, -15.58465 ], [ 136.96154, -15.58871 ], [ 136.96283, -15.58634 ], [ 136.95956, -15.58465 ] ] ], [ [ [ 136.7318, -15.71565 ], [ 136.73076, -15.71193 ], [ 136.72901, -15.71418 ], [ 136.7318, -15.71565 ] ] ], [ [ [ 136.83497, -15.6632 ], [ 136.83083, -15.66057 ], [ 136.83182, -15.66275 ], [ 136.83497, -15.6632 ] ] ], [ [ [ 136.96031, -15.78667 ], [ 136.95914, -15.78498 ], [ 136.95798, -15.78566 ], [ 136.96031, -15.78667 ] ] ], [ [ [ 136.83116, -15.7156 ], [ 136.83069, -15.71515 ], [ 136.82801, -15.71763 ], [ 136.83116, -15.7156 ] ] ], [ [ [ 136.85056, -15.57189 ], [ 136.84879, -15.57236 ], [ 136.84894, -15.57344 ], [ 136.85056, -15.57189 ] ] ], [ [ [ 136.77407, -15.75549 ], [ 136.7729, -15.75379 ], [ 136.77243, -15.75605 ], [ 136.77407, -15.75549 ] ] ], [ [ [ 136.79962, -15.74559 ], [ 136.79799, -15.74514 ], [ 136.79798, -15.74694 ], [ 136.79962, -15.74559 ] ] ], [ [ [ 136.89951, -15.70666 ], [ 136.89858, -15.70553 ], [ 136.89718, -15.70733 ], [ 136.89951, -15.70666 ] ] ], [ [ [ 136.67785, -15.59074 ], [ 136.67855, -15.59018 ], [ 136.67703, -15.58961 ], [ 136.67785, -15.59074 ] ] ], [ [ [ 136.88481, -15.5369 ], [ 136.88516, -15.53645 ], [ 136.88399, -15.536 ], [ 136.88481, -15.5369 ] ] ] ] } },
{ "type": "Feature", "properties": { "SA2_CODE21": 702051067, "SA2_NAME21": "Katherine", "CHG_FLAG21": "0", "CHG_LBL21": "No change", "SA3_CODE21": "70205", "SA3_NAME21": "Katherine", "SA4_CODE21": "702", "SA4_NAME21": "Northern Territory - Outback", "GCC_CODE21": "7RNTE", "GCC_NAME21": "Rest of NT", "STE_CODE21": "7", "STE_NAME21": "Northern Territory", "AUS_CODE21": "AUS", "AUS_NAME21": "Australia", "AREASQKM21": 7416.9497, "LOCI_URI21": "http://linked.data.gov.au/dataset/asgsed3/SA2/702051067", "Group": "Total_low_ses", "Australian Catholic University": 0.0, "Avondale University": 0.0, "Bond University": 0.0, "CQUniversity": 0.0, "Charles Darwin University": 2.0, "Charles Sturt University": 0.0, "Curtin University": 0.0, "Deakin University": 0.0, "Edith Cowan University": 2.0, "Federation University Australia": 0.0, "Flinders University": 0.0, "Griffith University": 0.0, "James Cook University": 0.0, "Macquarie University": 0.0, "Monash University": 0.0, "Murdoch University": 0.0, "Queensland University of Technology": 0.0, "RMIT University": 0.0, "Southern Cross University": 0.0, "Swinburne University of Technology": 0.0, "The Australian National University": 0.0, "The University of Adelaide": 0.0, "The University of Melbourne": 0.0, "The University of New England": 0.0, "The University of Newcastle": 0.0, "The University of Notre Dame Australia": 0.0, "The University of Queensland": 0.0, "The University of Sydney": 0.0, "The University of Western Australia": 0.0, "Torrens University Australia": 0.0, "University of Canberra": 0.0, "University of Divinity": 0.0, "University of New South Wales": 0.0, "University of South Australia": 0.0, "University of Southern Queensland": 0.0, "University of Tasmania": 0.0, "University of Technology Sydney": 0.0, "University of Wollongong": 0.0, "University of the Sunshine Coast": 0.0, "Victoria University": 0.0, "Western Sydney University": 0.0, "id": 702051067, "name": "Katherine" }, "geometry": { "type": "Polygon", "coordinates": [ [ [ 131.66803, -14.43498 ], [ 131.67231, -14.43903 ], [ 131.67267, -14.44717 ], [ 131.67698, -14.45159 ], [ 131.67051, -14.48494 ], [ 131.67399, -14.50418 ], [ 131.68573, -14.51974 ], [ 131.68933, -14.53251 ], [ 131.69907, -14.53882 ], [ 131.70767, -14.55439 ], [ 131.70739, -14.561 ], [ 131.69493, -14.56942 ], [ 131.71386, -14.59401 ], [ 131.70125, -14.61965 ], [ 131.70636, -14.63297 ], [ 131.70476, -14.65682 ], [ 131.72837, -14.66395 ], [ 131.89167, -14.66339 ], [ 131.89166, -15.06773 ], [ 132.0925, -15.06733 ], [ 132.09191, -15.11433 ], [ 132.60496, -15.11432 ], [ 132.60498, -14.69639 ], [ 132.6363, -14.64666 ], [ 132.654, -14.65698 ], [ 132.66692, -14.65927 ], [ 132.67268, -14.67509 ], [ 132.68851, -14.68095 ], [ 132.68848, -14.50299 ], [ 132.58504, -14.50299 ], [ 132.58471, -14.41523 ], [ 132.49379, -14.41524 ], [ 132.49378, -14.44684 ], [ 132.48121, -14.43305 ], [ 132.46853, -14.43657 ], [ 132.4681, -14.44113 ], [ 132.46016, -14.43827 ], [ 132.43232, -14.40839 ], [ 132.44575, -14.36141 ], [ 132.44136, -14.35304 ], [ 132.43793, -14.35327 ], [ 132.40532, -14.33019 ], [ 132.4032, -14.33377 ], [ 132.40631, -14.34283 ], [ 132.41666, -14.34759 ], [ 132.41739, -14.35607 ], [ 132.41508, -14.36557 ], [ 132.40494, -14.37492 ], [ 132.38514, -14.37439 ], [ 132.38508, -14.36087 ], [ 132.33698, -14.38156 ], [ 132.27961, -14.37122 ], [ 132.21953, -14.39631 ], [ 132.1868, -14.37296 ], [ 132.16837, -14.35235 ], [ 132.13556, -14.3479 ], [ 132.09497, -14.30376 ], [ 132.07817, -14.29262 ], [ 132.06481, -14.25928 ], [ 132.0422, -14.23338 ], [ 132.03818, -14.19859 ], [ 132.02636, -14.18576 ], [ 132.0137, -14.19656 ], [ 131.99508, -14.1974 ], [ 131.97736, -14.19033 ], [ 131.96109, -14.19417 ], [ 131.95758, -14.20144 ], [ 131.9321, -14.21642 ], [ 131.92679, -14.23032 ], [ 131.91898, -14.23932 ], [ 131.90291, -14.2426 ], [ 131.89188, -14.25293 ], [ 131.88889, -14.26061 ], [ 131.88543, -14.25974 ], [ 131.87791, -14.2646 ], [ 131.87621, -14.28663 ], [ 131.84892, -14.31104 ], [ 131.82636, -14.31988 ], [ 131.81036, -14.32243 ], [ 131.79992, -14.34419 ], [ 131.78912, -14.35503 ], [ 131.77452, -14.34975 ], [ 131.76214, -14.35857 ], [ 131.75182, -14.36163 ], [ 131.73398, -14.35814 ], [ 131.71974, -14.36132 ], [ 131.71309, -14.3706 ], [ 131.69581, -14.37956 ], [ 131.68908, -14.39014 ], [ 131.67968, -14.38879 ], [ 131.67442, -14.39962 ], [ 131.6606, -14.40205 ], [ 131.66255, -14.40969 ], [ 131.65978, -14.41268 ], [ 131.66257, -14.41387 ], [ 131.66803, -14.43498 ] ] ] } },
{ "type": "Feature", "properties": { "SA2_CODE21": 702051068, "SA2_NAME21": "Victoria River", "CHG_FLAG21": "0", "CHG_LBL21": "No change", "SA3_CODE21": "70205", "SA3_NAME21": "Katherine", "SA4_CODE21": "702", "SA4_NAME21": "Northern Territory - Outback", "GCC_CODE21": "7RNTE", "GCC_NAME21": "Rest of NT", "STE_CODE21": "7", "STE_NAME21": "Northern Territory", "AUS_CODE21": "AUS", "AUS_NAME21": "Australia", "AREASQKM21": 133608.8415, "LOCI_URI21": "http://linked.data.gov.au/dataset/asgsed3/SA2/702051068", "Group": "Total_low_ses", "Australian Catholic University": 0.0, "Avondale University": 0.0, "Bond University": 0.0, "CQUniversity": 0.0, "Charles Darwin University": 2.0, "Charles Sturt University": 0.0, "Curtin University": 0.0, "Deakin University": 0.0, "Edith Cowan University": 0.0, "Federation University Australia": 0.0, "Flinders University": 0.0, "Griffith University": 0.0, "James Cook University": 0.0, "Macquarie University": 0.0, "Monash University": 0.0, "Murdoch University": 0.0, "Queensland University of Technology": 0.0, "RMIT University": 0.0, "Southern Cross University": 0.0, "Swinburne University of Technology": 0.0, "The Australian National University": 0.0, "The University of Adelaide": 0.0, "The University of Melbourne": 0.0, "The University of New England": 0.0, "The University of Newcastle": 0.0, "The University of Notre Dame Australia": 0.0, "The University of Queensland": 0.0, "The University of Sydney": 0.0, "The University of Western Australia": 0.0, "Torrens University Australia": 0.0, "University of Canberra": 0.0, "University of Divinity": 0.0, "University of New South Wales": 0.0, "University of South Australia": 0.0, "University of Southern Queensland": 0.0, "University of Tasmania": 0.0, "University of Technology Sydney": 0.0, "University of Wollongong": 0.0, "University of the Sunshine Coast": 0.0, "Victoria University": 0.0, "Western Sydney University": 0.0, "id": 702051068, "name": "Victoria River" }, "geometry": { "type": "MultiPolygon", "coordinates": [ [ [ [ 129.67086, -15.14853 ], [ 129.65673, -15.13949 ], [ 129.64045, -15.13654 ], [ 129.62624, -15.13801 ], [ 129.61167, -15.15372 ], [ 129.57894, -15.15561 ], [ 129.57021, -15.1691 ], [ 129.56944, -15.17724 ], [ 129.56359, -15.1799 ], [ 129.55725, -15.17052 ], [ 129.5602, -15.15512 ], [ 129.5635, -15.1504 ], [ 129.57119, -15.15012 ], [ 129.58581, -15.14199 ], [ 129.60222, -15.12889 ], [ 129.60556, -15.11886 ], [ 129.60281, -15.11443 ], [ 129.60391, -15.10799 ], [ 129.55612, -15.04871 ], [ 129.53763, -15.03386 ], [ 129.52479, -15.02808 ], [ 129.52604, -15.0186 ], [ 129.52231, -15.00568 ], [ 129.48249, -14.94105 ], [ 129.43533, -14.92138 ], [ 129.40953, -14.91758 ], [ 129.40864, -14.92492 ], [ 129.40814, -14.9178 ], [ 129.40163, -14.91665 ], [ 129.39223, -14.90905 ], [ 129.38049, -14.90902 ], [ 129.36727, -14.90316 ], [ 129.35998, -14.88534 ], [ 129.35014, -14.87367 ], [ 129.33487, -14.87298 ], [ 129.33458, -14.86808 ], [ 129.3174, -14.85944 ], [ 129.29021, -14.85732 ], [ 129.2671, -14.86487 ], [ 129.25729, -14.865 ], [ 129.26292, -14.8501 ], [ 129.24387, -14.84529 ], [ 129.24082, -14.85257 ], [ 129.24319, -14.84133 ], [ 129.22844, -14.83936 ], [ 129.22167, -14.84589 ], [ 129.22175, -14.85539 ], [ 129.22891, -14.86965 ], [ 129.23206, -14.89634 ], [ 129.24183, -14.91068 ], [ 129.2349, -14.91409 ], [ 129.23394, -14.92437 ], [ 129.233, -14.95715 ], [ 129.24138, -14.98645 ], [ 129.23836, -14.99872 ], [ 129.23285, -15.00376 ], [ 129.2335, -15.00828 ], [ 129.23636, -15.01362 ], [ 129.25115, -15.0191 ], [ 129.26514, -15.03289 ], [ 129.28126, -15.02683 ], [ 129.29311, -15.0405 ], [ 129.30163, -15.03652 ], [ 129.29298, -15.04175 ], [ 129.28135, -15.02897 ], [ 129.27821, -15.02928 ], [ 129.26166, -15.04349 ], [ 129.25635, -15.06198 ], [ 129.25696, -15.04796 ], [ 129.26194, -15.0384 ], [ 129.25605, -15.03394 ], [ 129.25532, -15.0484 ], [ 129.25148, -15.05596 ], [ 129.2365, -15.06778 ], [ 129.23873, -15.07762 ], [ 129.24942, -15.09152 ], [ 129.24592, -15.09171 ], [ 129.24728, -15.09557 ], [ 129.24108, -15.10322 ], [ 129.23743, -15.10282 ], [ 129.23516, -15.10857 ], [ 129.23898, -15.11041 ], [ 129.2381, -15.12873 ], [ 129.23035, -15.13487 ], [ 129.22744, -15.13462 ], [ 129.21549, -15.15383 ], [ 129.22693, -15.16174 ], [ 129.23121, -15.17592 ], [ 129.22561, -15.17722 ], [ 129.20623, -15.15894 ], [ 129.19564, -15.15929 ], [ 129.20368, -15.14705 ], [ 129.19961, -15.14667 ], [ 129.18663, -15.1739 ], [ 129.18524, -15.18519 ], [ 129.18775, -15.1894 ], [ 129.18472, -15.18982 ], [ 129.18048, -15.18311 ], [ 129.17115, -15.19568 ], [ 129.1582, -15.19759 ], [ 129.15643, -15.1892 ], [ 129.15753, -15.18435 ], [ 129.17493, -15.16836 ], [ 129.17468, -15.14744 ], [ 129.18545, -15.14212 ], [ 129.19459, -15.12559 ], [ 129.20056, -15.1226 ], [ 129.19541, -15.10264 ], [ 129.18857, -15.09952 ], [ 129.18538, -15.09148 ], [ 129.17762, -15.08891 ], [ 129.18105, -15.08442 ], [ 129.18043, -15.07639 ], [ 129.16952, -15.05152 ], [ 129.16968, -15.03581 ], [ 129.17992, -15.02483 ], [ 129.18893, -14.98716 ], [ 129.17571, -14.97683 ], [ 129.15818, -14.9693 ], [ 129.15335, -14.98341 ], [ 129.15678, -14.96907 ], [ 129.1307, -14.94896 ], [ 129.12265, -14.95311 ], [ 129.11139, -14.97624 ], [ 129.11321, -14.98744 ], [ 129.10843, -14.98922 ], [ 129.10605, -14.97776 ], [ 129.11273, -14.93443 ], [ 129.1013, -14.91505 ], [ 129.06595, -14.89106 ], [ 129.06014, -14.8908 ], [ 129.05407, -14.8953 ], [ 129.05659, -14.90785 ], [ 129.05249, -14.90999 ], [ 129.04413, -14.90746 ], [ 129.04392, -14.90181 ], [ 129.03167, -14.88639 ], [ 129.00149, -14.87959 ], [ 129.00049, -18.68258 ], [ 130.12345, -18.68266 ], [ 130.12346, -17.94524 ], [ 130.63543, -17.94524 ], [ 130.63544, -18.3233 ], [ 130.62385, -18.32329 ], [ 130.6203, -18.327 ], [ 130.62682, -18.33399 ], [ 130.62682, -18.34063 ], [ 130.63035, -18.34221 ], [ 130.65568, -18.34215 ], [ 130.65543, -18.32332 ], [ 131.64608, -18.32438 ], [ 131.64657, -17.81804 ], [ 132.12232, -17.81802 ], [ 132.12233, -17.59634 ], [ 132.09282, -17.59634 ], [ 132.09229, -17.30623 ], [ 132.40205, -17.30632 ], [ 132.40203, -16.58323 ], [ 132.52289, -16.58328 ], [ 132.52031, -16.07544 ], [ 132.30407, -16.06865 ], [ 132.08966, -16.06594 ], [ 132.0925, -15.06733 ], [ 131.89166, -15.06773 ], [ 131.89167, -14.66339 ], [ 130.64363, -14.66422 ], [ 130.64299, -14.82178 ], [ 130.63458, -14.81933 ], [ 130.62369, -14.83214 ], [ 130.62031, -14.82437 ], [ 130.59125, -14.83106 ], [ 130.57481, -14.82297 ], [ 130.57213, -14.82933 ], [ 130.5584, -14.83348 ], [ 130.55007, -14.84058 ], [ 130.54583, -14.83968 ], [ 130.53539, -14.82825 ], [ 130.53093, -14.82817 ], [ 130.52716, -14.83134 ], [ 130.52695, -14.84105 ], [ 130.52223, -14.84979 ], [ 130.50146, -14.85311 ], [ 130.49553, -14.84794 ], [ 130.49057, -14.83617 ], [ 130.48158, -14.83307 ], [ 130.47634, -14.83964 ], [ 130.48224, -14.84753 ], [ 130.47929, -14.85758 ], [ 130.46526, -14.86102 ], [ 130.45785, -14.87378 ], [ 130.45157, -14.87712 ], [ 130.44066, -14.87073 ], [ 130.42924, -14.85015 ], [ 130.4166, -14.84566 ], [ 130.40468, -14.85605 ], [ 130.40136, -14.87164 ], [ 130.38838, -14.87273 ], [ 130.37704, -14.85963 ], [ 130.37314, -14.85959 ], [ 130.35868, -14.86727 ], [ 130.3518, -14.87922 ], [ 130.32397, -14.87772 ], [ 130.31153, -14.88515 ], [ 130.28919, -14.88459 ], [ 130.2782, -14.89208 ], [ 130.26936, -14.88668 ], [ 130.24476, -14.88532 ], [ 130.23087, -14.86644 ], [ 130.2157, -14.86738 ], [ 130.20218, -14.84626 ], [ 130.19204, -14.83895 ], [ 130.18882, -14.82808 ], [ 130.1838, -14.82582 ], [ 130.17924, -14.82768 ], [ 130.17269, -14.81984 ], [ 130.18727, -14.81496 ], [ 130.1873, -14.80337 ], [ 130.17573, -14.79132 ], [ 130.17156, -14.79318 ], [ 130.17632, -14.80081 ], [ 130.16355, -14.81398 ], [ 130.15664, -14.81362 ], [ 130.15215, -14.8034 ], [ 130.15231, -14.79976 ], [ 130.16254, -14.79507 ], [ 130.15996, -14.78916 ], [ 130.13658, -14.78816 ], [ 130.12696, -14.79697 ], [ 130.11324, -14.793 ], [ 130.10631, -14.79526 ], [ 130.09189, -14.78299 ], [ 130.06758, -14.80021 ], [ 130.058, -14.80061 ], [ 130.05064, -14.79641 ], [ 130.00935, -14.80465 ], [ 129.96779, -14.80458 ], [ 129.95679, -14.79853 ], [ 129.95122, -14.78131 ], [ 129.93723, -14.776 ], [ 129.92192, -14.78224 ], [ 129.90323, -14.77739 ], [ 129.90232, -14.78112 ], [ 129.89233, -14.78552 ], [ 129.88256, -14.79941 ], [ 129.86396, -14.80166 ], [ 129.86442, -14.81059 ], [ 129.87628, -14.80687 ], [ 129.88557, -14.81388 ], [ 129.88138, -14.82009 ], [ 129.87325, -14.81918 ], [ 129.85139, -14.82617 ], [ 129.84616, -14.82967 ], [ 129.85347, -14.84109 ], [ 129.8501, -14.84329 ], [ 129.84371, -14.84316 ], [ 129.8215, -14.8535 ], [ 129.80255, -14.858 ], [ 129.77171, -14.84896 ], [ 129.76817, -14.84134 ], [ 129.74363, -14.85002 ], [ 129.74457, -14.85231 ], [ 129.71097, -14.85234 ], [ 129.68492, -14.8488 ], [ 129.64858, -14.83439 ], [ 129.64405, -14.83562 ], [ 129.64372, -14.84177 ], [ 129.63206, -14.84385 ], [ 129.61757, -14.82552 ], [ 129.57755, -14.79829 ], [ 129.57405, -14.80676 ], [ 129.58616, -14.83936 ], [ 129.59938, -14.85611 ], [ 129.61256, -14.86331 ], [ 129.6184, -14.87559 ], [ 129.61804, -14.88157 ], [ 129.59213, -14.891 ], [ 129.57558, -14.85627 ], [ 129.56422, -14.84065 ], [ 129.55007, -14.82841 ], [ 129.53176, -14.80475 ], [ 129.50623, -14.78876 ], [ 129.50135, -14.7892 ], [ 129.49843, -14.79428 ], [ 129.50027, -14.80321 ], [ 129.53039, -14.84385 ], [ 129.53629, -14.85585 ], [ 129.53649, -14.86902 ], [ 129.54792, -14.87851 ], [ 129.55492, -14.89499 ], [ 129.58389, -14.94207 ], [ 129.59326, -14.96706 ], [ 129.59953, -14.97035 ], [ 129.59642, -14.9569 ], [ 129.6085, -14.94767 ], [ 129.61943, -14.9486 ], [ 129.62302, -14.95324 ], [ 129.62462, -14.97144 ], [ 129.62109, -14.99857 ], [ 129.63526, -15.03284 ], [ 129.63956, -15.03412 ], [ 129.65431, -15.02338 ], [ 129.66334, -15.02808 ], [ 129.66108, -15.03417 ], [ 129.65528, -15.03232 ], [ 129.64858, -15.04074 ], [ 129.64054, -15.04215 ], [ 129.63972, -15.07029 ], [ 129.6524, -15.09933 ], [ 129.6689, -15.11788 ], [ 129.68567, -15.13101 ], [ 129.68499, -15.14265 ], [ 129.67086, -15.14853 ] ] ], [ [ [ 129.21155, -15.15119 ], [ 129.21881, -15.1472 ], [ 129.22313, -15.13491 ], [ 129.21941, -15.13465 ], [ 129.21155, -15.15119 ] ] ], [ [ [ 129.57002, -15.16693 ], [ 129.5752, -15.16019 ], [ 129.57419, -15.15668 ], [ 129.5715, -15.15779 ], [ 129.57002, -15.16693 ] ] ], [ [ [ 129.15788, -15.19293 ], [ 129.1608, -15.19057 ], [ 129.16268, -15.18232 ], [ 129.15895, -15.18559 ], [ 129.15788, -15.19293 ] ] ], [ [ [ 129.23495, -15.11716 ], [ 129.23709, -15.11367 ], [ 129.23654, -15.11028 ], [ 129.23382, -15.11421 ], [ 129.23495, -15.11716 ] ] ], [ [ [ 129.23569, -15.12531 ], [ 129.23691, -15.11944 ], [ 129.23529, -15.11874 ], [ 129.23387, -15.12111 ], [ 129.23569, -15.12531 ] ] ], [ [ [ 129.1995, -15.15763 ], [ 129.20287, -15.15755 ], [ 129.20358, -15.15654 ], [ 129.20151, -15.1546 ], [ 129.1995, -15.15763 ] ] ], [ [ [ 129.23344, -15.12913 ], [ 129.23449, -15.12801 ], [ 129.23229, -15.1272 ], [ 129.23344, -15.12913 ] ] ], [ [ [ 129.1863, -15.18859 ], [ 129.18398, -15.18519 ], [ 129.18375, -15.1861 ], [ 129.1863, -15.18859 ] ] ], [ [ [ 129.23189, -15.13183 ], [ 129.23132, -15.1307 ], [ 129.23027, -15.13114 ], [ 129.23189, -15.13183 ] ] ] ] } }
]
}
