{
"type": "FeatureCollection",
"name": "sa2_Internal_NT_2024_Total_domestic_undergrad",
"xy_coordinate_resolution": 1e-05,
"features": [
{ "type": "Feature", "properties": { "SA2_CODE21": 701011002, "SA2_NAME21": "Darwin City", "CHG_FLAG21": "0", "CHG_LBL21": "No change", "SA3_CODE21": "70101", "SA3_NAME21": "Darwin City", "SA4_CODE21": "701", "SA4_NAME21": "Darwin", "GCC_CODE21": "7GDAR", "GCC_NAME21": "Greater Darwin", "STE_CODE21": "7", "STE_NAME21": "Northern Territory", "AUS_CODE21": "AUS", "AUS_NAME21": "Australia", "AREASQKM21": 3.1731, "LOCI_URI21": "http://linked.data.gov.au/dataset/asgsed3/SA2/701011002", "Group": "Total_domestic_undergrad", "Australian Catholic University": 2.0, "Avondale University": 0.0, "Bond University": 0.0, "CQUniversity": 0.0, "Charles Darwin University": 10.0, "Charles Sturt University": 2.0, "Curtin University": 2.0, "Deakin University": 2.0, "Edith Cowan University": 0.0, "Federation University Australia": 0.0, "Flinders University": 0.0, "Griffith University": 0.0, "James Cook University": 0.0, "Macquarie University": 0.0, "Monash University": 0.0, "Murdoch University": 2.0, "Queensland University of Technology": 0.0, "RMIT University": 2.0, "Southern Cross University": 0.0, "Swinburne University of Technology": 0.0, "The Australian National University": 2.0, "The University of Adelaide": 2.0, "The University of Melbourne": 0.0, "The University of New England": 0.0, "The University of Newcastle": 0.0, "The University of Notre Dame Australia": 0.0, "The University of Queensland": 2.0, "The University of Sydney": 0.0, "The University of Western Australia": 0.0, "Torrens University Australia": 0.0, "University of Canberra": 2.0, "University of Divinity": 0.0, "University of New South Wales": 2.0, "University of South Australia": 0.0, "University of Southern Queensland": 0.0, "University of Tasmania": 2.0, "University of Technology Sydney": 2.0, "University of Wollongong": 2.0, "University of the Sunshine Coast": 0.0, "Victoria University": 0.0, "Western Sydney University": 0.0, "id": 701011002, "name": "Darwin City" }, "geometry": { "type": "Polygon", "coordinates": [ [ [ 130.83522, -12.45865 ], [ 130.83332, -12.46059 ], [ 130.83374, -12.46122 ], [ 130.83384, -12.46134 ], [ 130.83411, -12.46137 ], [ 130.83423, -12.46148 ], [ 130.83452, -12.46219 ], [ 130.83471, -12.46242 ], [ 130.83542, -12.46253 ], [ 130.83627, -12.46308 ], [ 130.8365, -12.46332 ], [ 130.83676, -12.46346 ], [ 130.83697, -12.46383 ], [ 130.83769, -12.46449 ], [ 130.8387, -12.4651 ], [ 130.83919, -12.46593 ], [ 130.83949, -12.46698 ], [ 130.83965, -12.46724 ], [ 130.84024, -12.46741 ], [ 130.84158, -12.46738 ], [ 130.84209, -12.47029 ], [ 130.84155, -12.4715 ], [ 130.84118, -12.47309 ], [ 130.84431, -12.4737 ], [ 130.85193, -12.47052 ], [ 130.8508, -12.4679 ], [ 130.85111, -12.46779 ], [ 130.851, -12.46644 ], [ 130.85155, -12.46514 ], [ 130.85075, -12.46341 ], [ 130.85091, -12.46339 ], [ 130.85084, -12.46298 ], [ 130.8513, -12.46293 ], [ 130.85113, -12.4619 ], [ 130.85067, -12.46196 ], [ 130.85056, -12.46127 ], [ 130.85102, -12.4612 ], [ 130.85091, -12.46063 ], [ 130.85157, -12.46065 ], [ 130.85132, -12.45921 ], [ 130.85104, -12.45921 ], [ 130.85105, -12.45902 ], [ 130.84923, -12.45903 ], [ 130.84934, -12.4581 ], [ 130.85011, -12.45823 ], [ 130.85044, -12.45635 ], [ 130.84962, -12.45621 ], [ 130.85018, -12.453 ], [ 130.84813, -12.45268 ], [ 130.8478, -12.45297 ], [ 130.84738, -12.45266 ], [ 130.8467, -12.45262 ], [ 130.8436, -12.45286 ], [ 130.84313, -12.4527 ], [ 130.8428, -12.45228 ], [ 130.84103, -12.45228 ], [ 130.84103, -12.45257 ], [ 130.84079, -12.45302 ], [ 130.8397, -12.45407 ], [ 130.83962, -12.45401 ], [ 130.83926, -12.45302 ], [ 130.83855, -12.45269 ], [ 130.83768, -12.45243 ], [ 130.83695, -12.45261 ], [ 130.837, -12.45306 ], [ 130.83692, -12.45351 ], [ 130.83638, -12.4545 ], [ 130.83625, -12.45492 ], [ 130.83624, -12.45547 ], [ 130.83643, -12.45597 ], [ 130.83587, -12.45636 ], [ 130.83506, -12.45575 ], [ 130.83477, -12.45544 ], [ 130.83336, -12.45683 ], [ 130.83522, -12.45865 ] ] ] } },
{ "type": "Feature", "properties": { "SA2_CODE21": 701011004, "SA2_NAME21": "Fannie Bay - The Gardens", "CHG_FLAG21": "0", "CHG_LBL21": "No change", "SA3_CODE21": "70101", "SA3_NAME21": "Darwin City", "SA4_CODE21": "701", "SA4_NAME21": "Darwin", "GCC_CODE21": "7GDAR", "GCC_NAME21": "Greater Darwin", "STE_CODE21": "7", "STE_NAME21": "Northern Territory", "AUS_CODE21": "AUS", "AUS_NAME21": "Australia", "AREASQKM21": 3.9165, "LOCI_URI21": "http://linked.data.gov.au/dataset/asgsed3/SA2/701011004", "Group": "Total_domestic_undergrad", "Australian Catholic University": 2.0, "Avondale University": 0.0, "Bond University": 2.0, "CQUniversity": 0.0, "Charles Darwin University": 6.0, "Charles Sturt University": 0.0, "Curtin University": 2.0, "Deakin University": 2.0, "Edith Cowan University": 2.0, "Federation University Australia": 0.0, "Flinders University": 2.0, "Griffith University": 0.0, "James Cook University": 0.0, "Macquarie University": 2.0, "Monash University": 0.0, "Murdoch University": 2.0, "Queensland University of Technology": 2.0, "RMIT University": 0.0, "Southern Cross University": 0.0, "Swinburne University of Technology": 2.0, "The Australian National University": 0.0, "The University of Adelaide": 2.0, "The University of Melbourne": 2.0, "The University of New England": 0.0, "The University of Newcastle": 2.0, "The University of Notre Dame Australia": 0.0, "The University of Queensland": 2.0, "The University of Sydney": 0.0, "The University of Western Australia": 2.0, "Torrens University Australia": 0.0, "University of Canberra": 0.0, "University of Divinity": 0.0, "University of New South Wales": 2.0, "University of South Australia": 0.0, "University of Southern Queensland": 0.0, "University of Tasmania": 0.0, "University of Technology Sydney": 0.0, "University of Wollongong": 0.0, "University of the Sunshine Coast": 0.0, "Victoria University": 0.0, "Western Sydney University": 0.0, "id": 701011004, "name": "Fannie Bay - The Gardens" }, "geometry": { "type": "Polygon", "coordinates": [ [ [ 130.83111, -12.41771 ], [ 130.83226, -12.42076 ], [ 130.83345, -12.42171 ], [ 130.83351, -12.42235 ], [ 130.83366, -12.42249 ], [ 130.83386, -12.42255 ], [ 130.83378, -12.42265 ], [ 130.83392, -12.42278 ], [ 130.8339, -12.42319 ], [ 130.83402, -12.42359 ], [ 130.83405, -12.42414 ], [ 130.83428, -12.42443 ], [ 130.83477, -12.42473 ], [ 130.83489, -12.42562 ], [ 130.83518, -12.4261 ], [ 130.8355, -12.42644 ], [ 130.83557, -12.42698 ], [ 130.83551, -12.42804 ], [ 130.83544, -12.42823 ], [ 130.83518, -12.42841 ], [ 130.83529, -12.42847 ], [ 130.8353, -12.4286 ], [ 130.83512, -12.42947 ], [ 130.83498, -12.42954 ], [ 130.83509, -12.42967 ], [ 130.83473, -12.43115 ], [ 130.8342, -12.43257 ], [ 130.83362, -12.43455 ], [ 130.83274, -12.43642 ], [ 130.83267, -12.43677 ], [ 130.83234, -12.43754 ], [ 130.83174, -12.43858 ], [ 130.83165, -12.43893 ], [ 130.8316, -12.43974 ], [ 130.83172, -12.44058 ], [ 130.83232, -12.44189 ], [ 130.83207, -12.443 ], [ 130.83078, -12.44543 ], [ 130.82872, -12.44804 ], [ 130.82788, -12.4493 ], [ 130.82755, -12.44951 ], [ 130.82768, -12.45021 ], [ 130.82809, -12.45043 ], [ 130.83043, -12.45046 ], [ 130.83102, -12.45073 ], [ 130.83066, -12.45138 ], [ 130.83053, -12.4519 ], [ 130.83078, -12.45227 ], [ 130.83106, -12.45199 ], [ 130.83139, -12.4523 ], [ 130.83159, -12.45266 ], [ 130.8324, -12.45277 ], [ 130.8329, -12.45324 ], [ 130.83396, -12.45215 ], [ 130.83427, -12.45216 ], [ 130.83455, -12.45309 ], [ 130.83383, -12.45341 ], [ 130.835, -12.45512 ], [ 130.83477, -12.45544 ], [ 130.83506, -12.45575 ], [ 130.83587, -12.45636 ], [ 130.83643, -12.45597 ], [ 130.83624, -12.45547 ], [ 130.83625, -12.45492 ], [ 130.83638, -12.4545 ], [ 130.83692, -12.45351 ], [ 130.837, -12.45306 ], [ 130.83695, -12.45261 ], [ 130.83768, -12.45243 ], [ 130.83855, -12.45269 ], [ 130.83926, -12.45302 ], [ 130.83924, -12.45232 ], [ 130.84085, -12.44164 ], [ 130.83752, -12.43896 ], [ 130.83798, -12.43837 ], [ 130.83797, -12.43795 ], [ 130.83919, -12.43794 ], [ 130.8392, -12.43582 ], [ 130.83948, -12.43582 ], [ 130.83948, -12.43568 ], [ 130.83983, -12.43568 ], [ 130.83993, -12.43503 ], [ 130.84021, -12.43472 ], [ 130.84041, -12.43434 ], [ 130.84038, -12.43219 ], [ 130.84156, -12.43219 ], [ 130.84155, -12.42983 ], [ 130.83972, -12.42854 ], [ 130.84113, -12.42667 ], [ 130.84507, -12.42951 ], [ 130.84606, -12.42817 ], [ 130.84797, -12.42838 ], [ 130.84903, -12.42742 ], [ 130.84895, -12.42719 ], [ 130.84891, -12.42598 ], [ 130.84871, -12.42482 ], [ 130.84862, -12.42329 ], [ 130.84852, -12.42267 ], [ 130.84829, -12.42203 ], [ 130.84734, -12.42052 ], [ 130.84568, -12.42147 ], [ 130.84386, -12.42207 ], [ 130.84324, -12.4224 ], [ 130.84083, -12.42042 ], [ 130.84003, -12.42019 ], [ 130.84004, -12.42007 ], [ 130.83782, -12.41811 ], [ 130.83685, -12.41864 ], [ 130.83635, -12.419 ], [ 130.8361, -12.41891 ], [ 130.83599, -12.41829 ], [ 130.83576, -12.41807 ], [ 130.83575, -12.41796 ], [ 130.83491, -12.41719 ], [ 130.83296, -12.41721 ], [ 130.83265, -12.41714 ], [ 130.83111, -12.41771 ] ] ] } },
{ "type": "Feature", "properties": { "SA2_CODE21": 701011005, "SA2_NAME21": "Larrakeyah", "CHG_FLAG21": "0", "CHG_LBL21": "No change", "SA3_CODE21": "70101", "SA3_NAME21": "Darwin City", "SA4_CODE21": "701", "SA4_NAME21": "Darwin", "GCC_CODE21": "7GDAR", "GCC_NAME21": "Greater Darwin", "STE_CODE21": "7", "STE_NAME21": "Northern Territory", "AUS_CODE21": "AUS", "AUS_NAME21": "Australia", "AREASQKM21": 1.9452, "LOCI_URI21": "http://linked.data.gov.au/dataset/asgsed3/SA2/701011005", "Group": "Total_domestic_undergrad", "Australian Catholic University": 2.0, "Avondale University": 0.0, "Bond University": 0.0, "CQUniversity": 0.0, "Charles Darwin University": 7.0, "Charles Sturt University": 2.0, "Curtin University": 0.0, "Deakin University": 2.0, "Edith Cowan University": 0.0, "Federation University Australia": 0.0, "Flinders University": 2.0, "Griffith University": 0.0, "James Cook University": 0.0, "Macquarie University": 0.0, "Monash University": 0.0, "Murdoch University": 0.0, "Queensland University of Technology": 2.0, "RMIT University": 2.0, "Southern Cross University": 0.0, "Swinburne University of Technology": 0.0, "The Australian National University": 0.0, "The University of Adelaide": 2.0, "The University of Melbourne": 2.0, "The University of New England": 0.0, "The University of Newcastle": 2.0, "The University of Notre Dame Australia": 0.0, "The University of Queensland": 0.0, "The University of Sydney": 2.0, "The University of Western Australia": 2.0, "Torrens University Australia": 0.0, "University of Canberra": 0.0, "University of Divinity": 0.0, "University of New South Wales": 2.0, "University of South Australia": 0.0, "University of Southern Queensland": 0.0, "University of Tasmania": 2.0, "University of Technology Sydney": 0.0, "University of Wollongong": 0.0, "University of the Sunshine Coast": 2.0, "Victoria University": 0.0, "Western Sydney University": 0.0, "id": 701011005, "name": "Larrakeyah" }, "geometry": { "type": "Polygon", "coordinates": [ [ [ 130.83455, -12.45309 ], [ 130.83427, -12.45216 ], [ 130.83396, -12.45215 ], [ 130.8329, -12.45324 ], [ 130.8324, -12.45277 ], [ 130.83159, -12.45266 ], [ 130.83139, -12.4523 ], [ 130.83106, -12.45199 ], [ 130.83078, -12.45227 ], [ 130.83053, -12.4519 ], [ 130.83066, -12.45138 ], [ 130.83102, -12.45073 ], [ 130.83043, -12.45046 ], [ 130.82809, -12.45043 ], [ 130.82768, -12.45021 ], [ 130.82755, -12.44951 ], [ 130.82737, -12.44918 ], [ 130.8268, -12.44863 ], [ 130.82602, -12.44866 ], [ 130.82556, -12.44855 ], [ 130.82451, -12.44807 ], [ 130.82405, -12.44803 ], [ 130.8231, -12.44718 ], [ 130.82305, -12.44726 ], [ 130.82332, -12.44754 ], [ 130.82308, -12.4478 ], [ 130.82294, -12.44881 ], [ 130.82265, -12.44919 ], [ 130.82265, -12.44951 ], [ 130.82185, -12.45037 ], [ 130.82157, -12.45036 ], [ 130.82112, -12.45056 ], [ 130.82081, -12.45049 ], [ 130.82031, -12.45062 ], [ 130.81956, -12.45063 ], [ 130.81937, -12.45057 ], [ 130.81928, -12.45031 ], [ 130.81921, -12.45029 ], [ 130.81923, -12.4507 ], [ 130.81881, -12.45107 ], [ 130.81865, -12.45149 ], [ 130.81866, -12.4517 ], [ 130.81876, -12.45175 ], [ 130.81887, -12.45168 ], [ 130.819, -12.45124 ], [ 130.81933, -12.45093 ], [ 130.8204, -12.45085 ], [ 130.82052, -12.45104 ], [ 130.82047, -12.45155 ], [ 130.82057, -12.45188 ], [ 130.82048, -12.45196 ], [ 130.82046, -12.45222 ], [ 130.82024, -12.45238 ], [ 130.81902, -12.45289 ], [ 130.81853, -12.45299 ], [ 130.81709, -12.4528 ], [ 130.81659, -12.4526 ], [ 130.816, -12.45262 ], [ 130.81544, -12.453 ], [ 130.81516, -12.45378 ], [ 130.81513, -12.45414 ], [ 130.81522, -12.45427 ], [ 130.81546, -12.45433 ], [ 130.81613, -12.45439 ], [ 130.8168, -12.45432 ], [ 130.81703, -12.45438 ], [ 130.81792, -12.45519 ], [ 130.81826, -12.45562 ], [ 130.81837, -12.45615 ], [ 130.81819, -12.45734 ], [ 130.81808, -12.45752 ], [ 130.81762, -12.45783 ], [ 130.81751, -12.45823 ], [ 130.81761, -12.45841 ], [ 130.81799, -12.4587 ], [ 130.81858, -12.45877 ], [ 130.81837, -12.45911 ], [ 130.81831, -12.45935 ], [ 130.81843, -12.45982 ], [ 130.81862, -12.46003 ], [ 130.8198, -12.46083 ], [ 130.8205, -12.46114 ], [ 130.8207, -12.46155 ], [ 130.82112, -12.46187 ], [ 130.82189, -12.46206 ], [ 130.82341, -12.46209 ], [ 130.82349, -12.462 ], [ 130.8234, -12.46189 ], [ 130.82173, -12.46189 ], [ 130.82098, -12.46163 ], [ 130.82076, -12.46139 ], [ 130.82071, -12.4612 ], [ 130.8208, -12.46021 ], [ 130.82094, -12.4603 ], [ 130.82102, -12.46016 ], [ 130.82149, -12.4601 ], [ 130.82172, -12.45993 ], [ 130.82194, -12.45988 ], [ 130.82209, -12.45991 ], [ 130.82225, -12.46008 ], [ 130.82242, -12.45996 ], [ 130.82285, -12.46015 ], [ 130.82311, -12.45995 ], [ 130.82323, -12.45995 ], [ 130.82383, -12.46055 ], [ 130.82402, -12.46043 ], [ 130.82609, -12.46031 ], [ 130.82635, -12.46041 ], [ 130.82661, -12.46066 ], [ 130.82659, -12.46085 ], [ 130.82666, -12.46093 ], [ 130.82646, -12.46145 ], [ 130.82654, -12.46154 ], [ 130.82686, -12.46077 ], [ 130.82711, -12.46077 ], [ 130.82852, -12.46021 ], [ 130.82902, -12.46023 ], [ 130.82996, -12.45961 ], [ 130.83017, -12.45954 ], [ 130.83101, -12.4595 ], [ 130.83143, -12.45957 ], [ 130.83177, -12.45951 ], [ 130.83199, -12.45966 ], [ 130.83262, -12.45974 ], [ 130.83332, -12.46059 ], [ 130.83522, -12.45865 ], [ 130.83336, -12.45683 ], [ 130.83477, -12.45544 ], [ 130.835, -12.45512 ], [ 130.83383, -12.45341 ], [ 130.83455, -12.45309 ] ] ] } },
{ "type": "Feature", "properties": { "SA2_CODE21": 701011006, "SA2_NAME21": "Ludmilla - The Narrows", "CHG_FLAG21": "0", "CHG_LBL21": "No change", "SA3_CODE21": "70101", "SA3_NAME21": "Darwin City", "SA4_CODE21": "701", "SA4_NAME21": "Darwin", "GCC_CODE21": "7GDAR", "GCC_NAME21": "Greater Darwin", "STE_CODE21": "7", "STE_NAME21": "Northern Territory", "AUS_CODE21": "AUS", "AUS_NAME21": "Australia", "AREASQKM21": 5.35, "LOCI_URI21": "http://linked.data.gov.au/dataset/asgsed3/SA2/701011006", "Group": "Total_domestic_undergrad", "Australian Catholic University": 0.0, "Avondale University": 0.0, "Bond University": 0.0, "CQUniversity": 0.0, "Charles Darwin University": 6.0, "Charles Sturt University": 0.0, "Curtin University": 2.0, "Deakin University": 2.0, "Edith Cowan University": 0.0, "Federation University Australia": 2.0, "Flinders University": 2.0, "Griffith University": 0.0, "James Cook University": 0.0, "Macquarie University": 0.0, "Monash University": 0.0, "Murdoch University": 2.0, "Queensland University of Technology": 2.0, "RMIT University": 2.0, "Southern Cross University": 0.0, "Swinburne University of Technology": 0.0, "The Australian National University": 0.0, "The University of Adelaide": 0.0, "The University of Melbourne": 2.0, "The University of New England": 0.0, "The University of Newcastle": 2.0, "The University of Notre Dame Australia": 0.0, "The University of Queensland": 2.0, "The University of Sydney": 0.0, "The University of Western Australia": 0.0, "Torrens University Australia": 0.0, "University of Canberra": 0.0, "University of Divinity": 0.0, "University of New South Wales": 2.0, "University of South Australia": 2.0, "University of Southern Queensland": 0.0, "University of Tasmania": 0.0, "University of Technology Sydney": 0.0, "University of Wollongong": 0.0, "University of the Sunshine Coast": 2.0, "Victoria University": 0.0, "Western Sydney University": 0.0, "id": 701011006, "name": "Ludmilla - The Narrows" }, "geometry": { "type": "Polygon", "coordinates": [ [ [ 130.84734, -12.42052 ], [ 130.84813, -12.42172 ], [ 130.84852, -12.42267 ], [ 130.84867, -12.4237 ], [ 130.84871, -12.42482 ], [ 130.84891, -12.42598 ], [ 130.84895, -12.42719 ], [ 130.84903, -12.42742 ], [ 130.84949, -12.42835 ], [ 130.85009, -12.42884 ], [ 130.85105, -12.43004 ], [ 130.85362, -12.4281 ], [ 130.85414, -12.42875 ], [ 130.85479, -12.43062 ], [ 130.86593, -12.42555 ], [ 130.8668, -12.42527 ], [ 130.86771, -12.42509 ], [ 130.8697, -12.42501 ], [ 130.86972, -12.42232 ], [ 130.8684, -12.42234 ], [ 130.86833, -12.42203 ], [ 130.86838, -12.42146 ], [ 130.86827, -12.42107 ], [ 130.86796, -12.42066 ], [ 130.86745, -12.42038 ], [ 130.8669, -12.42033 ], [ 130.86643, -12.42048 ], [ 130.86547, -12.42035 ], [ 130.8651, -12.41993 ], [ 130.8638, -12.41994 ], [ 130.86378, -12.41726 ], [ 130.863, -12.41718 ], [ 130.86207, -12.41695 ], [ 130.86154, -12.41666 ], [ 130.86089, -12.41604 ], [ 130.86071, -12.41599 ], [ 130.85618, -12.41606 ], [ 130.85611, -12.40263 ], [ 130.84585, -12.40259 ], [ 130.84214, -12.40663 ], [ 130.84329, -12.40742 ], [ 130.84317, -12.40775 ], [ 130.83972, -12.40787 ], [ 130.83892, -12.40889 ], [ 130.83858, -12.41047 ], [ 130.83825, -12.41148 ], [ 130.83863, -12.41097 ], [ 130.83995, -12.41104 ], [ 130.84082, -12.41123 ], [ 130.84302, -12.41277 ], [ 130.84352, -12.41331 ], [ 130.84353, -12.41385 ], [ 130.84384, -12.4139 ], [ 130.84414, -12.41425 ], [ 130.84437, -12.41439 ], [ 130.84484, -12.41443 ], [ 130.84514, -12.41427 ], [ 130.84518, -12.41398 ], [ 130.84497, -12.4135 ], [ 130.84512, -12.41318 ], [ 130.84528, -12.41317 ], [ 130.84545, -12.41327 ], [ 130.84565, -12.4137 ], [ 130.84567, -12.41464 ], [ 130.84553, -12.41489 ], [ 130.8449, -12.41536 ], [ 130.84083, -12.41536 ], [ 130.84083, -12.42042 ], [ 130.84324, -12.4224 ], [ 130.84386, -12.42207 ], [ 130.84568, -12.42147 ], [ 130.84734, -12.42052 ] ] ] } },
{ "type": "Feature", "properties": { "SA2_CODE21": 701011007, "SA2_NAME21": "Parap", "CHG_FLAG21": "0", "CHG_LBL21": "No change", "SA3_CODE21": "70101", "SA3_NAME21": "Darwin City", "SA4_CODE21": "701", "SA4_NAME21": "Darwin", "GCC_CODE21": "7GDAR", "GCC_NAME21": "Greater Darwin", "STE_CODE21": "7", "STE_NAME21": "Northern Territory", "AUS_CODE21": "AUS", "AUS_NAME21": "Australia", "AREASQKM21": 1.1022, "LOCI_URI21": "http://linked.data.gov.au/dataset/asgsed3/SA2/701011007", "Group": "Total_domestic_undergrad", "Australian Catholic University": 0.0, "Avondale University": 0.0, "Bond University": 0.0, "CQUniversity": 0.0, "Charles Darwin University": 6.0, "Charles Sturt University": 0.0, "Curtin University": 0.0, "Deakin University": 0.0, "Edith Cowan University": 0.0, "Federation University Australia": 0.0, "Flinders University": 2.0, "Griffith University": 0.0, "James Cook University": 2.0, "Macquarie University": 0.0, "Monash University": 2.0, "Murdoch University": 0.0, "Queensland University of Technology": 2.0, "RMIT University": 2.0, "Southern Cross University": 0.0, "Swinburne University of Technology": 0.0, "The Australian National University": 2.0, "The University of Adelaide": 6.0, "The University of Melbourne": 2.0, "The University of New England": 0.0, "The University of Newcastle": 0.0, "The University of Notre Dame Australia": 0.0, "The University of Queensland": 2.0, "The University of Sydney": 0.0, "The University of Western Australia": 0.0, "Torrens University Australia": 0.0, "University of Canberra": 0.0, "University of Divinity": 0.0, "University of New South Wales": 2.0, "University of South Australia": 0.0, "University of Southern Queensland": 0.0, "University of Tasmania": 0.0, "University of Technology Sydney": 0.0, "University of Wollongong": 0.0, "University of the Sunshine Coast": 2.0, "Victoria University": 0.0, "Western Sydney University": 0.0, "id": 701011007, "name": "Parap" }, "geometry": { "type": "Polygon", "coordinates": [ [ [ 130.84156, -12.43219 ], [ 130.84038, -12.43219 ], [ 130.84041, -12.43434 ], [ 130.84021, -12.43472 ], [ 130.83993, -12.43503 ], [ 130.83983, -12.43568 ], [ 130.83948, -12.43568 ], [ 130.83948, -12.43582 ], [ 130.8392, -12.43582 ], [ 130.83919, -12.43794 ], [ 130.83797, -12.43795 ], [ 130.83798, -12.43837 ], [ 130.83752, -12.43896 ], [ 130.84085, -12.44164 ], [ 130.84129, -12.43884 ], [ 130.84145, -12.43822 ], [ 130.84176, -12.43763 ], [ 130.84342, -12.43646 ], [ 130.84803, -12.43371 ], [ 130.85479, -12.43062 ], [ 130.85414, -12.42875 ], [ 130.85362, -12.4281 ], [ 130.85105, -12.43004 ], [ 130.85009, -12.42884 ], [ 130.84949, -12.42835 ], [ 130.84903, -12.42742 ], [ 130.84797, -12.42838 ], [ 130.84606, -12.42817 ], [ 130.84507, -12.42951 ], [ 130.84113, -12.42667 ], [ 130.83972, -12.42854 ], [ 130.84155, -12.42983 ], [ 130.84156, -12.43219 ] ] ] } },
{ "type": "Feature", "properties": { "SA2_CODE21": 701011008, "SA2_NAME21": "Stuart Park", "CHG_FLAG21": "0", "CHG_LBL21": "No change", "SA3_CODE21": "70101", "SA3_NAME21": "Darwin City", "SA4_CODE21": "701", "SA4_NAME21": "Darwin", "GCC_CODE21": "7GDAR", "GCC_NAME21": "Greater Darwin", "STE_CODE21": "7", "STE_NAME21": "Northern Territory", "AUS_CODE21": "AUS", "AUS_NAME21": "Australia", "AREASQKM21": 1.6531, "LOCI_URI21": "http://linked.data.gov.au/dataset/asgsed3/SA2/701011008", "Group": "Total_domestic_undergrad", "Australian Catholic University": 0.0, "Avondale University": 0.0, "Bond University": 0.0, "CQUniversity": 0.0, "Charles Darwin University": 7.0, "Charles Sturt University": 2.0, "Curtin University": 2.0, "Deakin University": 0.0, "Edith Cowan University": 0.0, "Federation University Australia": 0.0, "Flinders University": 2.0, "Griffith University": 0.0, "James Cook University": 0.0, "Macquarie University": 0.0, "Monash University": 2.0, "Murdoch University": 0.0, "Queensland University of Technology": 2.0, "RMIT University": 0.0, "Southern Cross University": 0.0, "Swinburne University of Technology": 2.0, "The Australian National University": 2.0, "The University of Adelaide": 2.0, "The University of Melbourne": 2.0, "The University of New England": 0.0, "The University of Newcastle": 0.0, "The University of Notre Dame Australia": 2.0, "The University of Queensland": 2.0, "The University of Sydney": 2.0, "The University of Western Australia": 0.0, "Torrens University Australia": 0.0, "University of Canberra": 2.0, "University of Divinity": 0.0, "University of New South Wales": 2.0, "University of South Australia": 2.0, "University of Southern Queensland": 0.0, "University of Tasmania": 0.0, "University of Technology Sydney": 2.0, "University of Wollongong": 2.0, "University of the Sunshine Coast": 0.0, "Victoria University": 0.0, "Western Sydney University": 0.0, "id": 701011008, "name": "Stuart Park" }, "geometry": { "type": "Polygon", "coordinates": [ [ [ 130.83924, -12.45232 ], [ 130.83928, -12.4531 ], [ 130.83962, -12.45401 ], [ 130.8397, -12.45407 ], [ 130.84079, -12.45302 ], [ 130.84103, -12.45257 ], [ 130.84103, -12.45228 ], [ 130.8428, -12.45228 ], [ 130.84313, -12.4527 ], [ 130.8436, -12.45286 ], [ 130.84709, -12.45262 ], [ 130.84738, -12.45266 ], [ 130.8478, -12.45297 ], [ 130.84813, -12.45268 ], [ 130.85018, -12.453 ], [ 130.85039, -12.45278 ], [ 130.85163, -12.45318 ], [ 130.85166, -12.45161 ], [ 130.85275, -12.44841 ], [ 130.85192, -12.44784 ], [ 130.85194, -12.44778 ], [ 130.85256, -12.4482 ], [ 130.85262, -12.44816 ], [ 130.85253, -12.44804 ], [ 130.85247, -12.44766 ], [ 130.85223, -12.44765 ], [ 130.85174, -12.44745 ], [ 130.85188, -12.44702 ], [ 130.85183, -12.4469 ], [ 130.85119, -12.44654 ], [ 130.85112, -12.44634 ], [ 130.85076, -12.44604 ], [ 130.85003, -12.44586 ], [ 130.84995, -12.44563 ], [ 130.84925, -12.44541 ], [ 130.84911, -12.44222 ], [ 130.84844, -12.44214 ], [ 130.84838, -12.44191 ], [ 130.84788, -12.44151 ], [ 130.84766, -12.44144 ], [ 130.84686, -12.44185 ], [ 130.84636, -12.44197 ], [ 130.84634, -12.43959 ], [ 130.84593, -12.43959 ], [ 130.84573, -12.43936 ], [ 130.84573, -12.43912 ], [ 130.84591, -12.43887 ], [ 130.84625, -12.4388 ], [ 130.84649, -12.43846 ], [ 130.8463, -12.4383 ], [ 130.84593, -12.43819 ], [ 130.84347, -12.43821 ], [ 130.84124, -12.43937 ], [ 130.83924, -12.45232 ] ] ] } },
{ "type": "Feature", "properties": { "SA2_CODE21": 701011009, "SA2_NAME21": "Woolner - Bayview - Winnellie", "CHG_FLAG21": "0", "CHG_LBL21": "No change", "SA3_CODE21": "70101", "SA3_NAME21": "Darwin City", "SA4_CODE21": "701", "SA4_NAME21": "Darwin", "GCC_CODE21": "7GDAR", "GCC_NAME21": "Greater Darwin", "STE_CODE21": "7", "STE_NAME21": "Northern Territory", "AUS_CODE21": "AUS", "AUS_NAME21": "Australia", "AREASQKM21": 6.7936, "LOCI_URI21": "http://linked.data.gov.au/dataset/asgsed3/SA2/701011009", "Group": "Total_domestic_undergrad", "Australian Catholic University": 0.0, "Avondale University": 0.0, "Bond University": 0.0, "CQUniversity": 0.0, "Charles Darwin University": 5.0, "Charles Sturt University": 0.0, "Curtin University": 0.0, "Deakin University": 0.0, "Edith Cowan University": 0.0, "Federation University Australia": 0.0, "Flinders University": 2.0, "Griffith University": 0.0, "James Cook University": 2.0, "Macquarie University": 2.0, "Monash University": 0.0, "Murdoch University": 0.0, "Queensland University of Technology": 2.0, "RMIT University": 2.0, "Southern Cross University": 0.0, "Swinburne University of Technology": 2.0, "The Australian National University": 2.0, "The University of Adelaide": 5.0, "The University of Melbourne": 0.0, "The University of New England": 0.0, "The University of Newcastle": 0.0, "The University of Notre Dame Australia": 0.0, "The University of Queensland": 2.0, "The University of Sydney": 2.0, "The University of Western Australia": 0.0, "Torrens University Australia": 0.0, "University of Canberra": 0.0, "University of Divinity": 0.0, "University of New South Wales": 0.0, "University of South Australia": 0.0, "University of Southern Queensland": 0.0, "University of Tasmania": 2.0, "University of Technology Sydney": 0.0, "University of Wollongong": 0.0, "University of the Sunshine Coast": 0.0, "Victoria University": 0.0, "Western Sydney University": 0.0, "id": 701011009, "name": "Woolner - Bayview - Winnellie" }, "geometry": { "type": "Polygon", "coordinates": [ [ [ 130.86162, -12.42747 ], [ 130.84803, -12.43371 ], [ 130.84342, -12.43646 ], [ 130.84176, -12.43763 ], [ 130.84145, -12.43822 ], [ 130.84124, -12.43937 ], [ 130.84347, -12.43821 ], [ 130.84593, -12.43819 ], [ 130.8463, -12.4383 ], [ 130.84649, -12.43846 ], [ 130.84625, -12.4388 ], [ 130.84591, -12.43887 ], [ 130.84573, -12.43912 ], [ 130.84573, -12.43936 ], [ 130.84593, -12.43959 ], [ 130.84634, -12.43959 ], [ 130.84636, -12.44197 ], [ 130.84686, -12.44185 ], [ 130.84766, -12.44144 ], [ 130.84788, -12.44151 ], [ 130.84838, -12.44191 ], [ 130.84844, -12.44214 ], [ 130.84911, -12.44222 ], [ 130.84915, -12.4417 ], [ 130.84925, -12.44149 ], [ 130.84978, -12.44149 ], [ 130.85005, -12.4416 ], [ 130.85006, -12.44146 ], [ 130.84929, -12.44145 ], [ 130.84922, -12.44133 ], [ 130.84956, -12.43984 ], [ 130.85006, -12.43883 ], [ 130.8526, -12.43994 ], [ 130.853, -12.44063 ], [ 130.85405, -12.44167 ], [ 130.85535, -12.44213 ], [ 130.85669, -12.44219 ], [ 130.85733, -12.44199 ], [ 130.85985, -12.44309 ], [ 130.86114, -12.44297 ], [ 130.86129, -12.44309 ], [ 130.86244, -12.44308 ], [ 130.86301, -12.44274 ], [ 130.86462, -12.44285 ], [ 130.86626, -12.44029 ], [ 130.8646, -12.43998 ], [ 130.86386, -12.439 ], [ 130.86389, -12.43244 ], [ 130.8684, -12.43241 ], [ 130.88936, -12.43232 ], [ 130.89102, -12.43241 ], [ 130.89212, -12.43257 ], [ 130.89386, -12.43304 ], [ 130.89553, -12.43378 ], [ 130.89671, -12.43452 ], [ 130.90086, -12.43764 ], [ 130.9023, -12.43842 ], [ 130.90393, -12.43901 ], [ 130.90389, -12.42859 ], [ 130.90587, -12.42857 ], [ 130.90619, -12.42723 ], [ 130.90736, -12.42754 ], [ 130.90844, -12.42506 ], [ 130.90859, -12.42435 ], [ 130.89351, -12.42441 ], [ 130.89351, -12.42559 ], [ 130.8832, -12.4248 ], [ 130.86826, -12.42504 ], [ 130.86716, -12.42518 ], [ 130.8661, -12.42549 ], [ 130.86162, -12.42747 ] ] ] } },
{ "type": "Feature", "properties": { "SA2_CODE21": 701021010, "SA2_NAME21": "Alawa", "CHG_FLAG21": "0", "CHG_LBL21": "No change", "SA3_CODE21": "70102", "SA3_NAME21": "Darwin Suburbs", "SA4_CODE21": "701", "SA4_NAME21": "Darwin", "GCC_CODE21": "7GDAR", "GCC_NAME21": "Greater Darwin", "STE_CODE21": "7", "STE_NAME21": "Northern Territory", "AUS_CODE21": "AUS", "AUS_NAME21": "Australia", "AREASQKM21": 1.2399, "LOCI_URI21": "http://linked.data.gov.au/dataset/asgsed3/SA2/701021010", "Group": "Total_domestic_undergrad", "Australian Catholic University": 0.0, "Avondale University": 0.0, "Bond University": 0.0, "CQUniversity": 0.0, "Charles Darwin University": 7.0, "Charles Sturt University": 0.0, "Curtin University": 0.0, "Deakin University": 2.0, "Edith Cowan University": 0.0, "Federation University Australia": 0.0, "Flinders University": 2.0, "Griffith University": 0.0, "James Cook University": 0.0, "Macquarie University": 0.0, "Monash University": 0.0, "Murdoch University": 0.0, "Queensland University of Technology": 0.0, "RMIT University": 0.0, "Southern Cross University": 0.0, "Swinburne University of Technology": 0.0, "The Australian National University": 0.0, "The University of Adelaide": 0.0, "The University of Melbourne": 2.0, "The University of New England": 0.0, "The University of Newcastle": 0.0, "The University of Notre Dame Australia": 0.0, "The University of Queensland": 2.0, "The University of Sydney": 0.0, "The University of Western Australia": 2.0, "Torrens University Australia": 0.0, "University of Canberra": 0.0, "University of Divinity": 0.0, "University of New South Wales": 0.0, "University of South Australia": 0.0, "University of Southern Queensland": 0.0, "University of Tasmania": 0.0, "University of Technology Sydney": 0.0, "University of Wollongong": 0.0, "University of the Sunshine Coast": 2.0, "Victoria University": 0.0, "Western Sydney University": 0.0, "id": 701021010, "name": "Alawa" }, "geometry": { "type": "Polygon", "coordinates": [ [ [ 130.86761, -12.37992 ], [ 130.86612, -12.38094 ], [ 130.86589, -12.38162 ], [ 130.86647, -12.38331 ], [ 130.86661, -12.38486 ], [ 130.87073, -12.38363 ], [ 130.87803, -12.38236 ], [ 130.8788, -12.38199 ], [ 130.88166, -12.37926 ], [ 130.88215, -12.37758 ], [ 130.8776, -12.37619 ], [ 130.87515, -12.37497 ], [ 130.87477, -12.37454 ], [ 130.87241, -12.37653 ], [ 130.87125, -12.37525 ], [ 130.87068, -12.37526 ], [ 130.87017, -12.37511 ], [ 130.86921, -12.37596 ], [ 130.86845, -12.37632 ], [ 130.86761, -12.37642 ], [ 130.86586, -12.37649 ], [ 130.8656, -12.37639 ], [ 130.86542, -12.37699 ], [ 130.86623, -12.37766 ], [ 130.86703, -12.37766 ], [ 130.86761, -12.37811 ], [ 130.86784, -12.37879 ], [ 130.86761, -12.37992 ] ] ] } },
{ "type": "Feature", "properties": { "SA2_CODE21": 701021011, "SA2_NAME21": "Anula", "CHG_FLAG21": "0", "CHG_LBL21": "No change", "SA3_CODE21": "70102", "SA3_NAME21": "Darwin Suburbs", "SA4_CODE21": "701", "SA4_NAME21": "Darwin", "GCC_CODE21": "7GDAR", "GCC_NAME21": "Greater Darwin", "STE_CODE21": "7", "STE_NAME21": "Northern Territory", "AUS_CODE21": "AUS", "AUS_NAME21": "Australia", "AREASQKM21": 1.3178, "LOCI_URI21": "http://linked.data.gov.au/dataset/asgsed3/SA2/701021011", "Group": "Total_domestic_undergrad", "Australian Catholic University": 0.0, "Avondale University": 0.0, "Bond University": 0.0, "CQUniversity": 0.0, "Charles Darwin University": 7.0, "Charles Sturt University": 0.0, "Curtin University": 0.0, "Deakin University": 0.0, "Edith Cowan University": 0.0, "Federation University Australia": 0.0, "Flinders University": 0.0, "Griffith University": 0.0, "James Cook University": 2.0, "Macquarie University": 0.0, "Monash University": 2.0, "Murdoch University": 0.0, "Queensland University of Technology": 0.0, "RMIT University": 2.0, "Southern Cross University": 0.0, "Swinburne University of Technology": 0.0, "The Australian National University": 0.0, "The University of Adelaide": 2.0, "The University of Melbourne": 2.0, "The University of New England": 0.0, "The University of Newcastle": 0.0, "The University of Notre Dame Australia": 0.0, "The University of Queensland": 2.0, "The University of Sydney": 0.0, "The University of Western Australia": 0.0, "Torrens University Australia": 0.0, "University of Canberra": 0.0, "University of Divinity": 0.0, "University of New South Wales": 0.0, "University of South Australia": 0.0, "University of Southern Queensland": 0.0, "University of Tasmania": 0.0, "University of Technology Sydney": 0.0, "University of Wollongong": 0.0, "University of the Sunshine Coast": 0.0, "Victoria University": 0.0, "Western Sydney University": 0.0, "id": 701021011, "name": "Anula" }, "geometry": { "type": "Polygon", "coordinates": [ [ [ 130.88324, -12.39428 ], [ 130.88321, -12.39525 ], [ 130.89474, -12.39524 ], [ 130.89626, -12.39544 ], [ 130.89779, -12.39593 ], [ 130.89773, -12.39242 ], [ 130.89753, -12.39191 ], [ 130.89672, -12.39048 ], [ 130.89658, -12.39002 ], [ 130.89659, -12.38959 ], [ 130.89684, -12.38851 ], [ 130.89375, -12.38784 ], [ 130.89298, -12.38756 ], [ 130.88775, -12.38459 ], [ 130.88402, -12.39094 ], [ 130.88324, -12.39428 ] ] ] } },
{ "type": "Feature", "properties": { "SA2_CODE21": 701021012, "SA2_NAME21": "Berrimah", "CHG_FLAG21": "0", "CHG_LBL21": "No change", "SA3_CODE21": "70102", "SA3_NAME21": "Darwin Suburbs", "SA4_CODE21": "701", "SA4_NAME21": "Darwin", "GCC_CODE21": "7GDAR", "GCC_NAME21": "Greater Darwin", "STE_CODE21": "7", "STE_NAME21": "Northern Territory", "AUS_CODE21": "AUS", "AUS_NAME21": "Australia", "AREASQKM21": 30.2554, "LOCI_URI21": "http://linked.data.gov.au/dataset/asgsed3/SA2/701021012", "Group": "Total_domestic_undergrad", "Australian Catholic University": 0.0, "Avondale University": 0.0, "Bond University": 2.0, "CQUniversity": 0.0, "Charles Darwin University": 2.0, "Charles Sturt University": 0.0, "Curtin University": 2.0, "Deakin University": 2.0, "Edith Cowan University": 0.0, "Federation University Australia": 0.0, "Flinders University": 0.0, "Griffith University": 0.0, "James Cook University": 2.0, "Macquarie University": 0.0, "Monash University": 0.0, "Murdoch University": 0.0, "Queensland University of Technology": 2.0, "RMIT University": 2.0, "Southern Cross University": 0.0, "Swinburne University of Technology": 2.0, "The Australian National University": 0.0, "The University of Adelaide": 0.0, "The University of Melbourne": 0.0, "The University of New England": 0.0, "The University of Newcastle": 0.0, "The University of Notre Dame Australia": 0.0, "The University of Queensland": 0.0, "The University of Sydney": 0.0, "The University of Western Australia": 0.0, "Torrens University Australia": 0.0, "University of Canberra": 0.0, "University of Divinity": 0.0, "University of New South Wales": 0.0, "University of South Australia": 0.0, "University of Southern Queensland": 0.0, "University of Tasmania": 0.0, "University of Technology Sydney": 0.0, "University of Wollongong": 0.0, "University of the Sunshine Coast": 0.0, "Victoria University": 0.0, "Western Sydney University": 0.0, "id": 701021012, "name": "Berrimah" }, "geometry": { "type": "Polygon", "coordinates": [ [ [ 130.90736, -12.42754 ], [ 130.90619, -12.42723 ], [ 130.90587, -12.42857 ], [ 130.90389, -12.42859 ], [ 130.90393, -12.43901 ], [ 130.90915, -12.43995 ], [ 130.91094, -12.44049 ], [ 130.91209, -12.44104 ], [ 130.9134, -12.44184 ], [ 130.91628, -12.4441 ], [ 130.91732, -12.44531 ], [ 130.91809, -12.44657 ], [ 130.92345, -12.44654 ], [ 130.92361, -12.45382 ], [ 130.94642, -12.4537 ], [ 130.94642, -12.45549 ], [ 130.94626, -12.45612 ], [ 130.95318, -12.4452 ], [ 130.95462, -12.4463 ], [ 130.96817, -12.44624 ], [ 130.96798, -12.4095 ], [ 130.95778, -12.40955 ], [ 130.95779, -12.4113 ], [ 130.95319, -12.41132 ], [ 130.95316, -12.40228 ], [ 130.9382, -12.40232 ], [ 130.93822, -12.40959 ], [ 130.92343, -12.40963 ], [ 130.92268, -12.40991 ], [ 130.91915, -12.40786 ], [ 130.91831, -12.40921 ], [ 130.91833, -12.41275 ], [ 130.91408, -12.41028 ], [ 130.91447, -12.40962 ], [ 130.91403, -12.40965 ], [ 130.91369, -12.40921 ], [ 130.91355, -12.40869 ], [ 130.91236, -12.40707 ], [ 130.90841, -12.40478 ], [ 130.90849, -12.42435 ], [ 130.90859, -12.42435 ], [ 130.90844, -12.42506 ], [ 130.90736, -12.42754 ] ] ] } },
{ "type": "Feature", "properties": { "SA2_CODE21": 701021013, "SA2_NAME21": "Brinkin - Nakara", "CHG_FLAG21": "0", "CHG_LBL21": "No change", "SA3_CODE21": "70102", "SA3_NAME21": "Darwin Suburbs", "SA4_CODE21": "701", "SA4_NAME21": "Darwin", "GCC_CODE21": "7GDAR", "GCC_NAME21": "Greater Darwin", "STE_CODE21": "7", "STE_NAME21": "Northern Territory", "AUS_CODE21": "AUS", "AUS_NAME21": "Australia", "AREASQKM21": 2.6861, "LOCI_URI21": "http://linked.data.gov.au/dataset/asgsed3/SA2/701021013", "Group": "Total_domestic_undergrad", "Australian Catholic University": 2.0, "Avondale University": 0.0, "Bond University": 0.0, "CQUniversity": 0.0, "Charles Darwin University": 13.0, "Charles Sturt University": 0.0, "Curtin University": 2.0, "Deakin University": 2.0, "Edith Cowan University": 0.0, "Federation University Australia": 0.0, "Flinders University": 0.0, "Griffith University": 2.0, "James Cook University": 2.0, "Macquarie University": 0.0, "Monash University": 0.0, "Murdoch University": 0.0, "Queensland University of Technology": 2.0, "RMIT University": 2.0, "Southern Cross University": 0.0, "Swinburne University of Technology": 0.0, "The Australian National University": 0.0, "The University of Adelaide": 2.0, "The University of Melbourne": 2.0, "The University of New England": 0.0, "The University of Newcastle": 0.0, "The University of Notre Dame Australia": 0.0, "The University of Queensland": 2.0, "The University of Sydney": 2.0, "The University of Western Australia": 0.0, "Torrens University Australia": 0.0, "University of Canberra": 0.0, "University of Divinity": 0.0, "University of New South Wales": 0.0, "University of South Australia": 0.0, "University of Southern Queensland": 0.0, "University of Tasmania": 2.0, "University of Technology Sydney": 0.0, "University of Wollongong": 0.0, "University of the Sunshine Coast": 0.0, "Victoria University": 0.0, "Western Sydney University": 0.0, "id": 701021013, "name": "Brinkin - Nakara" }, "geometry": { "type": "Polygon", "coordinates": [ [ [ 130.86379, -12.36694 ], [ 130.86368, -12.3684 ], [ 130.86207, -12.37101 ], [ 130.86072, -12.37418 ], [ 130.86059, -12.37496 ], [ 130.86116, -12.37577 ], [ 130.86185, -12.3762 ], [ 130.86254, -12.3762 ], [ 130.86369, -12.37496 ], [ 130.86357, -12.37349 ], [ 130.86426, -12.37315 ], [ 130.86588, -12.37552 ], [ 130.8656, -12.37639 ], [ 130.86586, -12.37649 ], [ 130.86761, -12.37642 ], [ 130.86845, -12.37632 ], [ 130.86921, -12.37596 ], [ 130.87017, -12.37511 ], [ 130.87068, -12.37526 ], [ 130.87125, -12.37525 ], [ 130.87241, -12.37653 ], [ 130.87477, -12.37454 ], [ 130.87515, -12.37497 ], [ 130.8776, -12.37619 ], [ 130.88215, -12.37758 ], [ 130.88275, -12.37579 ], [ 130.88477, -12.37639 ], [ 130.88625, -12.37181 ], [ 130.88497, -12.3714 ], [ 130.88407, -12.37141 ], [ 130.88395, -12.37082 ], [ 130.88234, -12.36804 ], [ 130.88174, -12.3675 ], [ 130.87047, -12.36458 ], [ 130.86635, -12.36407 ], [ 130.86379, -12.36694 ] ] ] } },
{ "type": "Feature", "properties": { "SA2_CODE21": 701021016, "SA2_NAME21": "Coconut Grove", "CHG_FLAG21": "0", "CHG_LBL21": "No change", "SA3_CODE21": "70102", "SA3_NAME21": "Darwin Suburbs", "SA4_CODE21": "701", "SA4_NAME21": "Darwin", "GCC_CODE21": "7GDAR", "GCC_NAME21": "Greater Darwin", "STE_CODE21": "7", "STE_NAME21": "Northern Territory", "AUS_CODE21": "AUS", "AUS_NAME21": "Australia", "AREASQKM21": 1.4242, "LOCI_URI21": "http://linked.data.gov.au/dataset/asgsed3/SA2/701021016", "Group": "Total_domestic_undergrad", "Australian Catholic University": 2.0, "Avondale University": 0.0, "Bond University": 0.0, "CQUniversity": 0.0, "Charles Darwin University": 6.0, "Charles Sturt University": 0.0, "Curtin University": 0.0, "Deakin University": 2.0, "Edith Cowan University": 2.0, "Federation University Australia": 0.0, "Flinders University": 0.0, "Griffith University": 0.0, "James Cook University": 0.0, "Macquarie University": 0.0, "Monash University": 2.0, "Murdoch University": 0.0, "Queensland University of Technology": 2.0, "RMIT University": 0.0, "Southern Cross University": 0.0, "Swinburne University of Technology": 0.0, "The Australian National University": 0.0, "The University of Adelaide": 2.0, "The University of Melbourne": 0.0, "The University of New England": 0.0, "The University of Newcastle": 0.0, "The University of Notre Dame Australia": 0.0, "The University of Queensland": 0.0, "The University of Sydney": 0.0, "The University of Western Australia": 0.0, "Torrens University Australia": 0.0, "University of Canberra": 0.0, "University of Divinity": 0.0, "University of New South Wales": 0.0, "University of South Australia": 0.0, "University of Southern Queensland": 0.0, "University of Tasmania": 0.0, "University of Technology Sydney": 0.0, "University of Wollongong": 0.0, "University of the Sunshine Coast": 0.0, "Victoria University": 0.0, "Western Sydney University": 0.0, "id": 701021016, "name": "Coconut Grove" }, "geometry": { "type": "Polygon", "coordinates": [ [ [ 130.84822, -12.39305 ], [ 130.8481, -12.39397 ], [ 130.84778, -12.39516 ], [ 130.84785, -12.3956 ], [ 130.84729, -12.39669 ], [ 130.84729, -12.39737 ], [ 130.84718, -12.39777 ], [ 130.84717, -12.39821 ], [ 130.84585, -12.40259 ], [ 130.85611, -12.40263 ], [ 130.85603, -12.3879 ], [ 130.85229, -12.38793 ], [ 130.8523, -12.3894 ], [ 130.848, -12.38942 ], [ 130.84871, -12.39038 ], [ 130.84873, -12.39065 ], [ 130.84822, -12.39305 ] ] ] } },
{ "type": "Feature", "properties": { "SA2_CODE21": 701021018, "SA2_NAME21": "Jingili", "CHG_FLAG21": "0", "CHG_LBL21": "No change", "SA3_CODE21": "70102", "SA3_NAME21": "Darwin Suburbs", "SA4_CODE21": "701", "SA4_NAME21": "Darwin", "GCC_CODE21": "7GDAR", "GCC_NAME21": "Greater Darwin", "STE_CODE21": "7", "STE_NAME21": "Northern Territory", "AUS_CODE21": "AUS", "AUS_NAME21": "Australia", "AREASQKM21": 1.3163, "LOCI_URI21": "http://linked.data.gov.au/dataset/asgsed3/SA2/701021018", "Group": "Total_domestic_undergrad", "Australian Catholic University": 2.0, "Avondale University": 0.0, "Bond University": 2.0, "CQUniversity": 0.0, "Charles Darwin University": 7.0, "Charles Sturt University": 0.0, "Curtin University": 0.0, "Deakin University": 0.0, "Edith Cowan University": 0.0, "Federation University Australia": 0.0, "Flinders University": 0.0, "Griffith University": 0.0, "James Cook University": 0.0, "Macquarie University": 2.0, "Monash University": 2.0, "Murdoch University": 0.0, "Queensland University of Technology": 0.0, "RMIT University": 0.0, "Southern Cross University": 0.0, "Swinburne University of Technology": 0.0, "The Australian National University": 2.0, "The University of Adelaide": 2.0, "The University of Melbourne": 2.0, "The University of New England": 0.0, "The University of Newcastle": 0.0, "The University of Notre Dame Australia": 0.0, "The University of Queensland": 2.0, "The University of Sydney": 0.0, "The University of Western Australia": 0.0, "Torrens University Australia": 0.0, "University of Canberra": 0.0, "University of Divinity": 0.0, "University of New South Wales": 2.0, "University of South Australia": 0.0, "University of Southern Queensland": 0.0, "University of Tasmania": 2.0, "University of Technology Sydney": 2.0, "University of Wollongong": 0.0, "University of the Sunshine Coast": 2.0, "Victoria University": 0.0, "Western Sydney University": 0.0, "id": 701021018, "name": "Jingili" }, "geometry": { "type": "Polygon", "coordinates": [ [ [ 130.86578, -12.38512 ], [ 130.86587, -12.38554 ], [ 130.86608, -12.38591 ], [ 130.86642, -12.38735 ], [ 130.86705, -12.38928 ], [ 130.86774, -12.38974 ], [ 130.86783, -12.38991 ], [ 130.86784, -12.39023 ], [ 130.86837, -12.39086 ], [ 130.86943, -12.39162 ], [ 130.86979, -12.39197 ], [ 130.87142, -12.39409 ], [ 130.87212, -12.3953 ], [ 130.8783, -12.39527 ], [ 130.87829, -12.39309 ], [ 130.87774, -12.39041 ], [ 130.87675, -12.38621 ], [ 130.87681, -12.38353 ], [ 130.87671, -12.38259 ], [ 130.87073, -12.38363 ], [ 130.86578, -12.38512 ] ] ] } },
{ "type": "Feature", "properties": { "SA2_CODE21": 701021019, "SA2_NAME21": "Karama", "CHG_FLAG21": "0", "CHG_LBL21": "No change", "SA3_CODE21": "70102", "SA3_NAME21": "Darwin Suburbs", "SA4_CODE21": "701", "SA4_NAME21": "Darwin", "GCC_CODE21": "7GDAR", "GCC_NAME21": "Greater Darwin", "STE_CODE21": "7", "STE_NAME21": "Northern Territory", "AUS_CODE21": "AUS", "AUS_NAME21": "Australia", "AREASQKM21": 2.0655, "LOCI_URI21": "http://linked.data.gov.au/dataset/asgsed3/SA2/701021019", "Group": "Total_domestic_undergrad", "Australian Catholic University": 0.0, "Avondale University": 0.0, "Bond University": 0.0, "CQUniversity": 0.0, "Charles Darwin University": 11.0, "Charles Sturt University": 0.0, "Curtin University": 2.0, "Deakin University": 2.0, "Edith Cowan University": 2.0, "Federation University Australia": 0.0, "Flinders University": 0.0, "Griffith University": 0.0, "James Cook University": 0.0, "Macquarie University": 0.0, "Monash University": 0.0, "Murdoch University": 0.0, "Queensland University of Technology": 0.0, "RMIT University": 0.0, "Southern Cross University": 0.0, "Swinburne University of Technology": 0.0, "The Australian National University": 2.0, "The University of Adelaide": 2.0, "The University of Melbourne": 0.0, "The University of New England": 0.0, "The University of Newcastle": 0.0, "The University of Notre Dame Australia": 0.0, "The University of Queensland": 2.0, "The University of Sydney": 0.0, "The University of Western Australia": 0.0, "Torrens University Australia": 0.0, "University of Canberra": 0.0, "University of Divinity": 0.0, "University of New South Wales": 2.0, "University of South Australia": 0.0, "University of Southern Queensland": 0.0, "University of Tasmania": 0.0, "University of Technology Sydney": 0.0, "University of Wollongong": 0.0, "University of the Sunshine Coast": 2.0, "Victoria University": 0.0, "Western Sydney University": 0.0, "id": 701021019, "name": "Karama" }, "geometry": { "type": "Polygon", "coordinates": [ [ [ 130.90774, -12.40126 ], [ 130.92268, -12.40991 ], [ 130.9231, -12.4096 ], [ 130.92336, -12.4087 ], [ 130.92334, -12.40239 ], [ 130.92315, -12.40099 ], [ 130.9192, -12.3945 ], [ 130.91832, -12.39365 ], [ 130.91725, -12.39309 ], [ 130.91287, -12.39171 ], [ 130.91225, -12.39138 ], [ 130.91143, -12.39073 ], [ 130.91008, -12.39244 ], [ 130.90975, -12.39313 ], [ 130.90965, -12.39373 ], [ 130.90966, -12.39769 ], [ 130.90948, -12.39829 ], [ 130.90774, -12.40126 ] ] ] } },
{ "type": "Feature", "properties": { "SA2_CODE21": 701021020, "SA2_NAME21": "Leanyer", "CHG_FLAG21": "0", "CHG_LBL21": "No change", "SA3_CODE21": "70102", "SA3_NAME21": "Darwin Suburbs", "SA4_CODE21": "701", "SA4_NAME21": "Darwin", "GCC_CODE21": "7GDAR", "GCC_NAME21": "Greater Darwin", "STE_CODE21": "7", "STE_NAME21": "Northern Territory", "AUS_CODE21": "AUS", "AUS_NAME21": "Australia", "AREASQKM21": 2.5017, "LOCI_URI21": "http://linked.data.gov.au/dataset/asgsed3/SA2/701021020", "Group": "Total_domestic_undergrad", "Australian Catholic University": 0.0, "Avondale University": 0.0, "Bond University": 2.0, "CQUniversity": 0.0, "Charles Darwin University": 13.0, "Charles Sturt University": 0.0, "Curtin University": 0.0, "Deakin University": 2.0, "Edith Cowan University": 0.0, "Federation University Australia": 0.0, "Flinders University": 2.0, "Griffith University": 0.0, "James Cook University": 0.0, "Macquarie University": 0.0, "Monash University": 2.0, "Murdoch University": 0.0, "Queensland University of Technology": 2.0, "RMIT University": 0.0, "Southern Cross University": 0.0, "Swinburne University of Technology": 2.0, "The Australian National University": 2.0, "The University of Adelaide": 2.0, "The University of Melbourne": 2.0, "The University of New England": 0.0, "The University of Newcastle": 0.0, "The University of Notre Dame Australia": 0.0, "The University of Queensland": 2.0, "The University of Sydney": 2.0, "The University of Western Australia": 0.0, "Torrens University Australia": 0.0, "University of Canberra": 0.0, "University of Divinity": 0.0, "University of New South Wales": 0.0, "University of South Australia": 2.0, "University of Southern Queensland": 0.0, "University of Tasmania": 0.0, "University of Technology Sydney": 0.0, "University of Wollongong": 0.0, "University of the Sunshine Coast": 0.0, "Victoria University": 0.0, "Western Sydney University": 0.0, "id": 701021020, "name": "Leanyer" }, "geometry": { "type": "Polygon", "coordinates": [ [ [ 130.89079, -12.37747 ], [ 130.89383, -12.37785 ], [ 130.89486, -12.37815 ], [ 130.89557, -12.3785 ], [ 130.89637, -12.37902 ], [ 130.90368, -12.38468 ], [ 130.90363, -12.38248 ], [ 130.90379, -12.38234 ], [ 130.90545, -12.38268 ], [ 130.90732, -12.37667 ], [ 130.90742, -12.37386 ], [ 130.90083, -12.36565 ], [ 130.89232, -12.36569 ], [ 130.89079, -12.37747 ] ] ] } },
{ "type": "Feature", "properties": { "SA2_CODE21": 701021021, "SA2_NAME21": "Lyons (NT)", "CHG_FLAG21": "0", "CHG_LBL21": "No change", "SA3_CODE21": "70102", "SA3_NAME21": "Darwin Suburbs", "SA4_CODE21": "701", "SA4_NAME21": "Darwin", "GCC_CODE21": "7GDAR", "GCC_NAME21": "Greater Darwin", "STE_CODE21": "7", "STE_NAME21": "Northern Territory", "AUS_CODE21": "AUS", "AUS_NAME21": "Australia", "AREASQKM21": 7.0409, "LOCI_URI21": "http://linked.data.gov.au/dataset/asgsed3/SA2/701021021", "Group": "Total_domestic_undergrad", "Australian Catholic University": 2.0, "Avondale University": 2.0, "Bond University": 2.0, "CQUniversity": 0.0, "Charles Darwin University": 28.0, "Charles Sturt University": 2.0, "Curtin University": 2.0, "Deakin University": 2.0, "Edith Cowan University": 2.0, "Federation University Australia": 0.0, "Flinders University": 5.0, "Griffith University": 0.0, "James Cook University": 2.0, "Macquarie University": 0.0, "Monash University": 2.0, "Murdoch University": 0.0, "Queensland University of Technology": 2.0, "RMIT University": 2.0, "Southern Cross University": 0.0, "Swinburne University of Technology": 2.0, "The Australian National University": 2.0, "The University of Adelaide": 6.0, "The University of Melbourne": 6.0, "The University of New England": 0.0, "The University of Newcastle": 2.0, "The University of Notre Dame Australia": 0.0, "The University of Queensland": 5.0, "The University of Sydney": 0.0, "The University of Western Australia": 2.0, "Torrens University Australia": 0.0, "University of Canberra": 0.0, "University of Divinity": 0.0, "University of New South Wales": 6.0, "University of South Australia": 0.0, "University of Southern Queensland": 0.0, "University of Tasmania": 2.0, "University of Technology Sydney": 2.0, "University of Wollongong": 0.0, "University of the Sunshine Coast": 0.0, "Victoria University": 0.0, "Western Sydney University": 0.0, "id": 701021021, "name": "Lyons (NT)" }, "geometry": { "type": "Polygon", "coordinates": [ [ [ 130.88582, -12.35893 ], [ 130.88571, -12.35893 ], [ 130.88571, -12.3657 ], [ 130.89222, -12.36652 ], [ 130.89232, -12.36569 ], [ 130.90083, -12.36565 ], [ 130.90077, -12.35102 ], [ 130.90421, -12.35101 ], [ 130.90447, -12.34961 ], [ 130.90504, -12.34844 ], [ 130.9057, -12.34643 ], [ 130.90603, -12.34437 ], [ 130.90563, -12.34081 ], [ 130.90431, -12.33738 ], [ 130.90431, -12.335 ], [ 130.90522, -12.33466 ], [ 130.90143, -12.33354 ], [ 130.89982, -12.33275 ], [ 130.8974, -12.33027 ], [ 130.89694, -12.33005 ], [ 130.89602, -12.33005 ], [ 130.89545, -12.33028 ], [ 130.89441, -12.33118 ], [ 130.89304, -12.33378 ], [ 130.88972, -12.33887 ], [ 130.88822, -12.34046 ], [ 130.88574, -12.34187 ], [ 130.88294, -12.34284 ], [ 130.87967, -12.34602 ], [ 130.87972, -12.35094 ], [ 130.8827, -12.35092 ], [ 130.88256, -12.35109 ], [ 130.88579, -12.35109 ], [ 130.88582, -12.35893 ] ] ] } },
{ "type": "Feature", "properties": { "SA2_CODE21": 701021022, "SA2_NAME21": "Malak - Marrara", "CHG_FLAG21": "0", "CHG_LBL21": "No change", "SA3_CODE21": "70102", "SA3_NAME21": "Darwin Suburbs", "SA4_CODE21": "701", "SA4_NAME21": "Darwin", "GCC_CODE21": "7GDAR", "GCC_NAME21": "Greater Darwin", "STE_CODE21": "7", "STE_NAME21": "Northern Territory", "AUS_CODE21": "AUS", "AUS_NAME21": "Australia", "AREASQKM21": 4.8314, "LOCI_URI21": "http://linked.data.gov.au/dataset/asgsed3/SA2/701021022", "Group": "Total_domestic_undergrad", "Australian Catholic University": 0.0, "Avondale University": 0.0, "Bond University": 0.0, "CQUniversity": 0.0, "Charles Darwin University": 11.0, "Charles Sturt University": 0.0, "Curtin University": 2.0, "Deakin University": 2.0, "Edith Cowan University": 0.0, "Federation University Australia": 2.0, "Flinders University": 2.0, "Griffith University": 0.0, "James Cook University": 0.0, "Macquarie University": 2.0, "Monash University": 0.0, "Murdoch University": 0.0, "Queensland University of Technology": 0.0, "RMIT University": 2.0, "Southern Cross University": 0.0, "Swinburne University of Technology": 0.0, "The Australian National University": 0.0, "The University of Adelaide": 2.0, "The University of Melbourne": 2.0, "The University of New England": 0.0, "The University of Newcastle": 0.0, "The University of Notre Dame Australia": 0.0, "The University of Queensland": 2.0, "The University of Sydney": 0.0, "The University of Western Australia": 0.0, "Torrens University Australia": 0.0, "University of Canberra": 0.0, "University of Divinity": 0.0, "University of New South Wales": 2.0, "University of South Australia": 2.0, "University of Southern Queensland": 0.0, "University of Tasmania": 0.0, "University of Technology Sydney": 0.0, "University of Wollongong": 0.0, "University of the Sunshine Coast": 0.0, "Victoria University": 2.0, "Western Sydney University": 0.0, "id": 701021022, "name": "Malak - Marrara" }, "geometry": { "type": "Polygon", "coordinates": [ [ [ 130.89766, -12.39217 ], [ 130.89775, -12.39252 ], [ 130.89779, -12.39593 ], [ 130.89626, -12.39544 ], [ 130.89474, -12.39524 ], [ 130.87155, -12.3953 ], [ 130.87167, -12.39578 ], [ 130.87402, -12.39971 ], [ 130.87736, -12.4026 ], [ 130.90841, -12.40251 ], [ 130.90841, -12.40478 ], [ 130.91236, -12.40707 ], [ 130.91355, -12.40869 ], [ 130.91369, -12.40921 ], [ 130.91403, -12.40965 ], [ 130.91447, -12.40962 ], [ 130.91408, -12.41028 ], [ 130.91833, -12.41275 ], [ 130.91831, -12.40921 ], [ 130.91915, -12.40786 ], [ 130.90774, -12.40126 ], [ 130.90942, -12.3984 ], [ 130.90961, -12.39791 ], [ 130.90968, -12.3975 ], [ 130.90965, -12.39373 ], [ 130.9098, -12.39299 ], [ 130.91008, -12.39244 ], [ 130.91143, -12.39073 ], [ 130.9046, -12.3854 ], [ 130.90379, -12.38636 ], [ 130.90217, -12.38722 ], [ 130.90158, -12.38778 ], [ 130.90129, -12.38755 ], [ 130.90039, -12.38725 ], [ 130.89875, -12.3869 ], [ 130.8981, -12.38693 ], [ 130.89751, -12.38722 ], [ 130.89719, -12.38754 ], [ 130.89698, -12.38795 ], [ 130.89658, -12.38963 ], [ 130.89663, -12.39026 ], [ 130.89766, -12.39217 ] ] ] } },
{ "type": "Feature", "properties": { "SA2_CODE21": 701021023, "SA2_NAME21": "Millner", "CHG_FLAG21": "0", "CHG_LBL21": "No change", "SA3_CODE21": "70102", "SA3_NAME21": "Darwin Suburbs", "SA4_CODE21": "701", "SA4_NAME21": "Darwin", "GCC_CODE21": "7GDAR", "GCC_NAME21": "Greater Darwin", "STE_CODE21": "7", "STE_NAME21": "Northern Territory", "AUS_CODE21": "AUS", "AUS_NAME21": "Australia", "AREASQKM21": 1.4677, "LOCI_URI21": "http://linked.data.gov.au/dataset/asgsed3/SA2/701021023", "Group": "Total_domestic_undergrad", "Australian Catholic University": 0.0, "Avondale University": 0.0, "Bond University": 0.0, "CQUniversity": 0.0, "Charles Darwin University": 6.0, "Charles Sturt University": 0.0, "Curtin University": 0.0, "Deakin University": 0.0, "Edith Cowan University": 0.0, "Federation University Australia": 0.0, "Flinders University": 0.0, "Griffith University": 0.0, "James Cook University": 2.0, "Macquarie University": 0.0, "Monash University": 2.0, "Murdoch University": 0.0, "Queensland University of Technology": 2.0, "RMIT University": 2.0, "Southern Cross University": 0.0, "Swinburne University of Technology": 0.0, "The Australian National University": 0.0, "The University of Adelaide": 2.0, "The University of Melbourne": 2.0, "The University of New England": 0.0, "The University of Newcastle": 0.0, "The University of Notre Dame Australia": 0.0, "The University of Queensland": 0.0, "The University of Sydney": 0.0, "The University of Western Australia": 0.0, "Torrens University Australia": 0.0, "University of Canberra": 0.0, "University of Divinity": 0.0, "University of New South Wales": 0.0, "University of South Australia": 0.0, "University of Southern Queensland": 0.0, "University of Tasmania": 0.0, "University of Technology Sydney": 2.0, "University of Wollongong": 0.0, "University of the Sunshine Coast": 0.0, "Victoria University": 0.0, "Western Sydney University": 0.0, "id": 701021023, "name": "Millner" }, "geometry": { "type": "Polygon", "coordinates": [ [ [ 130.8614, -12.38643 ], [ 130.85969, -12.38717 ], [ 130.85698, -12.38851 ], [ 130.85607, -12.38913 ], [ 130.85607, -12.39823 ], [ 130.85732, -12.39788 ], [ 130.85952, -12.3971 ], [ 130.86095, -12.39643 ], [ 130.86278, -12.39542 ], [ 130.87079, -12.39537 ], [ 130.87212, -12.3953 ], [ 130.87142, -12.39409 ], [ 130.86979, -12.39197 ], [ 130.86943, -12.39162 ], [ 130.86837, -12.39086 ], [ 130.86784, -12.39023 ], [ 130.86783, -12.38991 ], [ 130.86774, -12.38974 ], [ 130.86705, -12.38928 ], [ 130.86642, -12.38735 ], [ 130.86608, -12.38591 ], [ 130.86587, -12.38554 ], [ 130.86578, -12.3851 ], [ 130.8614, -12.38643 ] ] ] } },
{ "type": "Feature", "properties": { "SA2_CODE21": 701021024, "SA2_NAME21": "Moil", "CHG_FLAG21": "0", "CHG_LBL21": "No change", "SA3_CODE21": "70102", "SA3_NAME21": "Darwin Suburbs", "SA4_CODE21": "701", "SA4_NAME21": "Darwin", "GCC_CODE21": "7GDAR", "GCC_NAME21": "Greater Darwin", "STE_CODE21": "7", "STE_NAME21": "Northern Territory", "AUS_CODE21": "AUS", "AUS_NAME21": "Australia", "AREASQKM21": 1.0424, "LOCI_URI21": "http://linked.data.gov.au/dataset/asgsed3/SA2/701021024", "Group": "Total_domestic_undergrad", "Australian Catholic University": 2.0, "Avondale University": 0.0, "Bond University": 0.0, "CQUniversity": 0.0, "Charles Darwin University": 8.0, "Charles Sturt University": 0.0, "Curtin University": 0.0, "Deakin University": 0.0, "Edith Cowan University": 0.0, "Federation University Australia": 0.0, "Flinders University": 2.0, "Griffith University": 0.0, "James Cook University": 0.0, "Macquarie University": 0.0, "Monash University": 0.0, "Murdoch University": 0.0, "Queensland University of Technology": 0.0, "RMIT University": 2.0, "Southern Cross University": 0.0, "Swinburne University of Technology": 0.0, "The Australian National University": 0.0, "The University of Adelaide": 2.0, "The University of Melbourne": 2.0, "The University of New England": 0.0, "The University of Newcastle": 2.0, "The University of Notre Dame Australia": 0.0, "The University of Queensland": 2.0, "The University of Sydney": 2.0, "The University of Western Australia": 0.0, "Torrens University Australia": 0.0, "University of Canberra": 0.0, "University of Divinity": 0.0, "University of New South Wales": 2.0, "University of South Australia": 0.0, "University of Southern Queensland": 0.0, "University of Tasmania": 2.0, "University of Technology Sydney": 0.0, "University of Wollongong": 0.0, "University of the Sunshine Coast": 0.0, "Victoria University": 0.0, "Western Sydney University": 0.0, "id": 701021024, "name": "Moil" }, "geometry": { "type": "Polygon", "coordinates": [ [ [ 130.87829, -12.39309 ], [ 130.8783, -12.39527 ], [ 130.88321, -12.39525 ], [ 130.88324, -12.39428 ], [ 130.88402, -12.39094 ], [ 130.88668, -12.3864 ], [ 130.88143, -12.38339 ], [ 130.87945, -12.38137 ], [ 130.8788, -12.38199 ], [ 130.87803, -12.38236 ], [ 130.87671, -12.38259 ], [ 130.87681, -12.38353 ], [ 130.87675, -12.38621 ], [ 130.87829, -12.39309 ] ] ] } },
{ "type": "Feature", "properties": { "SA2_CODE21": 701021025, "SA2_NAME21": "Nightcliff", "CHG_FLAG21": "0", "CHG_LBL21": "No change", "SA3_CODE21": "70102", "SA3_NAME21": "Darwin Suburbs", "SA4_CODE21": "701", "SA4_NAME21": "Darwin", "GCC_CODE21": "7GDAR", "GCC_NAME21": "Greater Darwin", "STE_CODE21": "7", "STE_NAME21": "Northern Territory", "AUS_CODE21": "AUS", "AUS_NAME21": "Australia", "AREASQKM21": 1.4512, "LOCI_URI21": "http://linked.data.gov.au/dataset/asgsed3/SA2/701021025", "Group": "Total_domestic_undergrad", "Australian Catholic University": 2.0, "Avondale University": 0.0, "Bond University": 0.0, "CQUniversity": 0.0, "Charles Darwin University": 8.0, "Charles Sturt University": 0.0, "Curtin University": 0.0, "Deakin University": 2.0, "Edith Cowan University": 0.0, "Federation University Australia": 0.0, "Flinders University": 2.0, "Griffith University": 0.0, "James Cook University": 2.0, "Macquarie University": 0.0, "Monash University": 0.0, "Murdoch University": 0.0, "Queensland University of Technology": 2.0, "RMIT University": 2.0, "Southern Cross University": 2.0, "Swinburne University of Technology": 2.0, "The Australian National University": 2.0, "The University of Adelaide": 5.0, "The University of Melbourne": 2.0, "The University of New England": 0.0, "The University of Newcastle": 2.0, "The University of Notre Dame Australia": 0.0, "The University of Queensland": 2.0, "The University of Sydney": 0.0, "The University of Western Australia": 0.0, "Torrens University Australia": 0.0, "University of Canberra": 0.0, "University of Divinity": 0.0, "University of New South Wales": 0.0, "University of South Australia": 0.0, "University of Southern Queensland": 0.0, "University of Tasmania": 2.0, "University of Technology Sydney": 0.0, "University of Wollongong": 2.0, "University of the Sunshine Coast": 0.0, "Victoria University": 0.0, "Western Sydney University": 0.0, "id": 701021025, "name": "Nightcliff" }, "geometry": { "type": "Polygon", "coordinates": [ [ [ 130.84712, -12.37753 ], [ 130.84616, -12.37892 ], [ 130.84587, -12.37904 ], [ 130.84567, -12.37924 ], [ 130.8452, -12.37923 ], [ 130.84447, -12.37936 ], [ 130.84424, -12.37925 ], [ 130.84388, -12.37888 ], [ 130.84369, -12.37885 ], [ 130.84253, -12.37918 ], [ 130.84228, -12.37903 ], [ 130.84234, -12.37885 ], [ 130.84225, -12.37881 ], [ 130.84213, -12.37895 ], [ 130.84212, -12.37927 ], [ 130.8419, -12.37939 ], [ 130.84171, -12.38 ], [ 130.84116, -12.38062 ], [ 130.84125, -12.38145 ], [ 130.84161, -12.38203 ], [ 130.84196, -12.38319 ], [ 130.84222, -12.38347 ], [ 130.84313, -12.38395 ], [ 130.8434, -12.38438 ], [ 130.84347, -12.385 ], [ 130.84341, -12.38601 ], [ 130.84348, -12.38618 ], [ 130.8434, -12.38675 ], [ 130.84357, -12.3871 ], [ 130.84455, -12.38772 ], [ 130.84546, -12.38798 ], [ 130.84587, -12.38821 ], [ 130.8461, -12.38818 ], [ 130.84665, -12.38837 ], [ 130.84691, -12.38855 ], [ 130.84711, -12.3889 ], [ 130.84737, -12.38914 ], [ 130.84776, -12.38933 ], [ 130.84775, -12.38919 ], [ 130.84784, -12.38912 ], [ 130.848, -12.38942 ], [ 130.8523, -12.3894 ], [ 130.85229, -12.38793 ], [ 130.85603, -12.3879 ], [ 130.85601, -12.385 ], [ 130.8517, -12.38007 ], [ 130.8493, -12.37642 ], [ 130.84908, -12.37631 ], [ 130.84879, -12.37638 ], [ 130.84852, -12.37614 ], [ 130.84838, -12.37621 ], [ 130.84811, -12.37607 ], [ 130.84781, -12.37609 ], [ 130.84783, -12.37634 ], [ 130.84762, -12.37637 ], [ 130.84744, -12.37662 ], [ 130.8476, -12.37698 ], [ 130.84712, -12.37753 ] ] ] } },
{ "type": "Feature", "properties": { "SA2_CODE21": 701021026, "SA2_NAME21": "Rapid Creek", "CHG_FLAG21": "0", "CHG_LBL21": "No change", "SA3_CODE21": "70102", "SA3_NAME21": "Darwin Suburbs", "SA4_CODE21": "701", "SA4_NAME21": "Darwin", "GCC_CODE21": "7GDAR", "GCC_NAME21": "Greater Darwin", "STE_CODE21": "7", "STE_NAME21": "Northern Territory", "AUS_CODE21": "AUS", "AUS_NAME21": "Australia", "AREASQKM21": 1.9176, "LOCI_URI21": "http://linked.data.gov.au/dataset/asgsed3/SA2/701021026", "Group": "Total_domestic_undergrad", "Australian Catholic University": 0.0, "Avondale University": 0.0, "Bond University": 0.0, "CQUniversity": 0.0, "Charles Darwin University": 10.0, "Charles Sturt University": 2.0, "Curtin University": 2.0, "Deakin University": 0.0, "Edith Cowan University": 2.0, "Federation University Australia": 0.0, "Flinders University": 0.0, "Griffith University": 2.0, "James Cook University": 2.0, "Macquarie University": 2.0, "Monash University": 0.0, "Murdoch University": 0.0, "Queensland University of Technology": 0.0, "RMIT University": 2.0, "Southern Cross University": 0.0, "Swinburne University of Technology": 2.0, "The Australian National University": 2.0, "The University of Adelaide": 2.0, "The University of Melbourne": 2.0, "The University of New England": 0.0, "The University of Newcastle": 0.0, "The University of Notre Dame Australia": 0.0, "The University of Queensland": 2.0, "The University of Sydney": 0.0, "The University of Western Australia": 0.0, "Torrens University Australia": 0.0, "University of Canberra": 0.0, "University of Divinity": 0.0, "University of New South Wales": 0.0, "University of South Australia": 2.0, "University of Southern Queensland": 0.0, "University of Tasmania": 0.0, "University of Technology Sydney": 0.0, "University of Wollongong": 2.0, "University of the Sunshine Coast": 0.0, "Victoria University": 0.0, "Western Sydney University": 0.0, "id": 701021026, "name": "Rapid Creek" }, "geometry": { "type": "Polygon", "coordinates": [ [ [ 130.8517, -12.38007 ], [ 130.85601, -12.385 ], [ 130.85607, -12.38913 ], [ 130.85698, -12.38851 ], [ 130.85969, -12.38717 ], [ 130.8614, -12.38643 ], [ 130.86661, -12.38486 ], [ 130.86647, -12.38331 ], [ 130.86589, -12.38162 ], [ 130.86612, -12.38094 ], [ 130.86761, -12.37992 ], [ 130.86784, -12.37879 ], [ 130.86761, -12.37811 ], [ 130.86703, -12.37766 ], [ 130.86623, -12.37766 ], [ 130.86542, -12.37699 ], [ 130.86588, -12.37552 ], [ 130.86426, -12.37315 ], [ 130.86357, -12.37349 ], [ 130.86369, -12.37496 ], [ 130.86254, -12.3762 ], [ 130.86185, -12.3762 ], [ 130.86116, -12.37577 ], [ 130.86064, -12.37568 ], [ 130.85962, -12.37579 ], [ 130.85863, -12.37579 ], [ 130.85823, -12.37548 ], [ 130.85795, -12.3754 ], [ 130.8575, -12.37559 ], [ 130.85703, -12.37564 ], [ 130.85646, -12.37537 ], [ 130.85568, -12.37537 ], [ 130.85543, -12.37526 ], [ 130.85512, -12.37497 ], [ 130.85475, -12.3743 ], [ 130.85439, -12.37403 ], [ 130.85314, -12.37394 ], [ 130.85294, -12.37395 ], [ 130.85279, -12.37413 ], [ 130.85246, -12.37427 ], [ 130.85202, -12.375 ], [ 130.8513, -12.37579 ], [ 130.85104, -12.37591 ], [ 130.85062, -12.37592 ], [ 130.85045, -12.37603 ], [ 130.84995, -12.37612 ], [ 130.84953, -12.37644 ], [ 130.8493, -12.37642 ], [ 130.8517, -12.38007 ] ] ] } },
{ "type": "Feature", "properties": { "SA2_CODE21": 701021027, "SA2_NAME21": "Tiwi", "CHG_FLAG21": "0", "CHG_LBL21": "No change", "SA3_CODE21": "70102", "SA3_NAME21": "Darwin Suburbs", "SA4_CODE21": "701", "SA4_NAME21": "Darwin", "GCC_CODE21": "7GDAR", "GCC_NAME21": "Greater Darwin", "STE_CODE21": "7", "STE_NAME21": "Northern Territory", "AUS_CODE21": "AUS", "AUS_NAME21": "Australia", "AREASQKM21": 3.1187, "LOCI_URI21": "http://linked.data.gov.au/dataset/asgsed3/SA2/701021027", "Group": "Total_domestic_undergrad", "Australian Catholic University": 0.0, "Avondale University": 0.0, "Bond University": 0.0, "CQUniversity": 0.0, "Charles Darwin University": 7.0, "Charles Sturt University": 0.0, "Curtin University": 0.0, "Deakin University": 0.0, "Edith Cowan University": 0.0, "Federation University Australia": 0.0, "Flinders University": 0.0, "Griffith University": 0.0, "James Cook University": 0.0, "Macquarie University": 0.0, "Monash University": 0.0, "Murdoch University": 0.0, "Queensland University of Technology": 0.0, "RMIT University": 0.0, "Southern Cross University": 0.0, "Swinburne University of Technology": 0.0, "The Australian National University": 2.0, "The University of Adelaide": 2.0, "The University of Melbourne": 2.0, "The University of New England": 0.0, "The University of Newcastle": 2.0, "The University of Notre Dame Australia": 2.0, "The University of Queensland": 2.0, "The University of Sydney": 0.0, "The University of Western Australia": 0.0, "Torrens University Australia": 2.0, "University of Canberra": 0.0, "University of Divinity": 0.0, "University of New South Wales": 0.0, "University of South Australia": 0.0, "University of Southern Queensland": 0.0, "University of Tasmania": 2.0, "University of Technology Sydney": 0.0, "University of Wollongong": 0.0, "University of the Sunshine Coast": 0.0, "Victoria University": 0.0, "Western Sydney University": 0.0, "id": 701021027, "name": "Tiwi" }, "geometry": { "type": "Polygon", "coordinates": [ [ [ 130.87027, -12.36455 ], [ 130.88149, -12.3674 ], [ 130.88174, -12.3675 ], [ 130.88234, -12.36804 ], [ 130.88287, -12.36895 ], [ 130.8849, -12.36779 ], [ 130.88536, -12.36737 ], [ 130.88558, -12.36696 ], [ 130.88568, -12.36648 ], [ 130.88574, -12.36503 ], [ 130.88571, -12.35893 ], [ 130.88582, -12.35893 ], [ 130.88579, -12.35109 ], [ 130.88256, -12.35109 ], [ 130.8827, -12.35092 ], [ 130.87972, -12.35094 ], [ 130.87967, -12.34602 ], [ 130.87411, -12.35144 ], [ 130.87055, -12.3554 ], [ 130.86769, -12.36184 ], [ 130.86635, -12.36407 ], [ 130.87027, -12.36455 ] ] ] } },
{ "type": "Feature", "properties": { "SA2_CODE21": 701021028, "SA2_NAME21": "Wagaman", "CHG_FLAG21": "0", "CHG_LBL21": "No change", "SA3_CODE21": "70102", "SA3_NAME21": "Darwin Suburbs", "SA4_CODE21": "701", "SA4_NAME21": "Darwin", "GCC_CODE21": "7GDAR", "GCC_NAME21": "Greater Darwin", "STE_CODE21": "7", "STE_NAME21": "Northern Territory", "AUS_CODE21": "AUS", "AUS_NAME21": "Australia", "AREASQKM21": 0.8378, "LOCI_URI21": "http://linked.data.gov.au/dataset/asgsed3/SA2/701021028", "Group": "Total_domestic_undergrad", "Australian Catholic University": 2.0, "Avondale University": 0.0, "Bond University": 0.0, "CQUniversity": 0.0, "Charles Darwin University": 10.0, "Charles Sturt University": 0.0, "Curtin University": 2.0, "Deakin University": 2.0, "Edith Cowan University": 0.0, "Federation University Australia": 0.0, "Flinders University": 2.0, "Griffith University": 0.0, "James Cook University": 0.0, "Macquarie University": 0.0, "Monash University": 2.0, "Murdoch University": 0.0, "Queensland University of Technology": 0.0, "RMIT University": 0.0, "Southern Cross University": 0.0, "Swinburne University of Technology": 0.0, "The Australian National University": 0.0, "The University of Adelaide": 2.0, "The University of Melbourne": 0.0, "The University of New England": 0.0, "The University of Newcastle": 2.0, "The University of Notre Dame Australia": 0.0, "The University of Queensland": 2.0, "The University of Sydney": 0.0, "The University of Western Australia": 0.0, "Torrens University Australia": 0.0, "University of Canberra": 0.0, "University of Divinity": 0.0, "University of New South Wales": 0.0, "University of South Australia": 0.0, "University of Southern Queensland": 0.0, "University of Tasmania": 0.0, "University of Technology Sydney": 0.0, "University of Wollongong": 2.0, "University of the Sunshine Coast": 2.0, "Victoria University": 0.0, "Western Sydney University": 0.0, "id": 701021028, "name": "Wagaman" }, "geometry": { "type": "Polygon", "coordinates": [ [ [ 130.88166, -12.37926 ], [ 130.87945, -12.38137 ], [ 130.88143, -12.38339 ], [ 130.88668, -12.3864 ], [ 130.89022, -12.38042 ], [ 130.89041, -12.37995 ], [ 130.89079, -12.37747 ], [ 130.88679, -12.37699 ], [ 130.88275, -12.37579 ], [ 130.88166, -12.37926 ] ] ] } },
{ "type": "Feature", "properties": { "SA2_CODE21": 701021029, "SA2_NAME21": "Wanguri", "CHG_FLAG21": "0", "CHG_LBL21": "No change", "SA3_CODE21": "70102", "SA3_NAME21": "Darwin Suburbs", "SA4_CODE21": "701", "SA4_NAME21": "Darwin", "GCC_CODE21": "7GDAR", "GCC_NAME21": "Greater Darwin", "STE_CODE21": "7", "STE_NAME21": "Northern Territory", "AUS_CODE21": "AUS", "AUS_NAME21": "Australia", "AREASQKM21": 0.8855, "LOCI_URI21": "http://linked.data.gov.au/dataset/asgsed3/SA2/701021029", "Group": "Total_domestic_undergrad", "Australian Catholic University": 0.0, "Avondale University": 0.0, "Bond University": 0.0, "CQUniversity": 0.0, "Charles Darwin University": 9.0, "Charles Sturt University": 0.0, "Curtin University": 2.0, "Deakin University": 0.0, "Edith Cowan University": 0.0, "Federation University Australia": 0.0, "Flinders University": 2.0, "Griffith University": 0.0, "James Cook University": 0.0, "Macquarie University": 0.0, "Monash University": 0.0, "Murdoch University": 0.0, "Queensland University of Technology": 2.0, "RMIT University": 0.0, "Southern Cross University": 0.0, "Swinburne University of Technology": 2.0, "The Australian National University": 2.0, "The University of Adelaide": 2.0, "The University of Melbourne": 0.0, "The University of New England": 0.0, "The University of Newcastle": 0.0, "The University of Notre Dame Australia": 0.0, "The University of Queensland": 0.0, "The University of Sydney": 0.0, "The University of Western Australia": 0.0, "Torrens University Australia": 0.0, "University of Canberra": 0.0, "University of Divinity": 0.0, "University of New South Wales": 2.0, "University of South Australia": 0.0, "University of Southern Queensland": 0.0, "University of Tasmania": 2.0, "University of Technology Sydney": 0.0, "University of Wollongong": 2.0, "University of the Sunshine Coast": 0.0, "Victoria University": 0.0, "Western Sydney University": 0.0, "id": 701021029, "name": "Wanguri" }, "geometry": { "type": "Polygon", "coordinates": [ [ [ 130.8849, -12.36779 ], [ 130.88287, -12.36895 ], [ 130.88395, -12.37082 ], [ 130.88407, -12.37141 ], [ 130.88497, -12.3714 ], [ 130.88625, -12.37181 ], [ 130.88477, -12.37639 ], [ 130.88679, -12.37699 ], [ 130.89079, -12.37747 ], [ 130.89222, -12.36652 ], [ 130.88571, -12.3657 ], [ 130.88558, -12.36696 ], [ 130.88536, -12.36737 ], [ 130.8849, -12.36779 ] ] ] } },
{ "type": "Feature", "properties": { "SA2_CODE21": 701021030, "SA2_NAME21": "Wulagi", "CHG_FLAG21": "0", "CHG_LBL21": "No change", "SA3_CODE21": "70102", "SA3_NAME21": "Darwin Suburbs", "SA4_CODE21": "701", "SA4_NAME21": "Darwin", "GCC_CODE21": "7GDAR", "GCC_NAME21": "Greater Darwin", "STE_CODE21": "7", "STE_NAME21": "Northern Territory", "AUS_CODE21": "AUS", "AUS_NAME21": "Australia", "AREASQKM21": 1.2629, "LOCI_URI21": "http://linked.data.gov.au/dataset/asgsed3/SA2/701021030", "Group": "Total_domestic_undergrad", "Australian Catholic University": 0.0, "Avondale University": 0.0, "Bond University": 0.0, "CQUniversity": 0.0, "Charles Darwin University": 9.0, "Charles Sturt University": 0.0, "Curtin University": 0.0, "Deakin University": 0.0, "Edith Cowan University": 0.0, "Federation University Australia": 0.0, "Flinders University": 2.0, "Griffith University": 0.0, "James Cook University": 2.0, "Macquarie University": 0.0, "Monash University": 2.0, "Murdoch University": 0.0, "Queensland University of Technology": 0.0, "RMIT University": 2.0, "Southern Cross University": 0.0, "Swinburne University of Technology": 2.0, "The Australian National University": 0.0, "The University of Adelaide": 0.0, "The University of Melbourne": 2.0, "The University of New England": 2.0, "The University of Newcastle": 0.0, "The University of Notre Dame Australia": 0.0, "The University of Queensland": 2.0, "The University of Sydney": 0.0, "The University of Western Australia": 0.0, "Torrens University Australia": 0.0, "University of Canberra": 0.0, "University of Divinity": 0.0, "University of New South Wales": 0.0, "University of South Australia": 0.0, "University of Southern Queensland": 0.0, "University of Tasmania": 0.0, "University of Technology Sydney": 0.0, "University of Wollongong": 0.0, "University of the Sunshine Coast": 2.0, "Victoria University": 0.0, "Western Sydney University": 0.0, "id": 701021030, "name": "Wulagi" }, "geometry": { "type": "Polygon", "coordinates": [ [ [ 130.88775, -12.38459 ], [ 130.89298, -12.38756 ], [ 130.89375, -12.38784 ], [ 130.89684, -12.38851 ], [ 130.89704, -12.38781 ], [ 130.89739, -12.38732 ], [ 130.8979, -12.38699 ], [ 130.89852, -12.38688 ], [ 130.90039, -12.38725 ], [ 130.90129, -12.38755 ], [ 130.90158, -12.38778 ], [ 130.90217, -12.38722 ], [ 130.90379, -12.38636 ], [ 130.9046, -12.3854 ], [ 130.89624, -12.37893 ], [ 130.89514, -12.37828 ], [ 130.89413, -12.37792 ], [ 130.89079, -12.37747 ], [ 130.89041, -12.37995 ], [ 130.89022, -12.38042 ], [ 130.88775, -12.38459 ] ] ] } },
{ "type": "Feature", "properties": { "SA2_CODE21": 701031031, "SA2_NAME21": "Howard Springs", "CHG_FLAG21": "0", "CHG_LBL21": "No change", "SA3_CODE21": "70103", "SA3_NAME21": "Litchfield", "SA4_CODE21": "701", "SA4_NAME21": "Darwin", "GCC_CODE21": "7GDAR", "GCC_NAME21": "Greater Darwin", "STE_CODE21": "7", "STE_NAME21": "Northern Territory", "AUS_CODE21": "AUS", "AUS_NAME21": "Australia", "AREASQKM21": 118.021, "LOCI_URI21": "http://linked.data.gov.au/dataset/asgsed3/SA2/701031031", "Group": "Total_domestic_undergrad", "Australian Catholic University": 0.0, "Avondale University": 0.0, "Bond University": 0.0, "CQUniversity": 0.0, "Charles Darwin University": 6.0, "Charles Sturt University": 0.0, "Curtin University": 0.0, "Deakin University": 2.0, "Edith Cowan University": 2.0, "Federation University Australia": 0.0, "Flinders University": 2.0, "Griffith University": 2.0, "James Cook University": 2.0, "Macquarie University": 0.0, "Monash University": 0.0, "Murdoch University": 0.0, "Queensland University of Technology": 2.0, "RMIT University": 0.0, "Southern Cross University": 0.0, "Swinburne University of Technology": 0.0, "The Australian National University": 0.0, "The University of Adelaide": 2.0, "The University of Melbourne": 0.0, "The University of New England": 0.0, "The University of Newcastle": 0.0, "The University of Notre Dame Australia": 0.0, "The University of Queensland": 2.0, "The University of Sydney": 0.0, "The University of Western Australia": 2.0, "Torrens University Australia": 2.0, "University of Canberra": 0.0, "University of Divinity": 0.0, "University of New South Wales": 0.0, "University of South Australia": 0.0, "University of Southern Queensland": 0.0, "University of Tasmania": 0.0, "University of Technology Sydney": 2.0, "University of Wollongong": 0.0, "University of the Sunshine Coast": 2.0, "Victoria University": 0.0, "Western Sydney University": 0.0, "id": 701031031, "name": "Howard Springs" }, "geometry": { "type": "Polygon", "coordinates": [ [ [ 130.99032, -12.46803 ], [ 130.99812, -12.47306 ], [ 131.00543, -12.4808 ], [ 131.01093, -12.48512 ], [ 131.00969, -12.48626 ], [ 131.01107, -12.48972 ], [ 131.01325, -12.48972 ], [ 131.01328, -12.49629 ], [ 131.02054, -12.50893 ], [ 131.02341, -12.51258 ], [ 131.02608, -12.51429 ], [ 131.03245, -12.51644 ], [ 131.03575, -12.5187 ], [ 131.03574, -12.51092 ], [ 131.03658, -12.51092 ], [ 131.04066, -12.51521 ], [ 131.04791, -12.52547 ], [ 131.0712, -12.52557 ], [ 131.07121, -12.52052 ], [ 131.069, -12.52052 ], [ 131.06901, -12.51617 ], [ 131.07257, -12.51449 ], [ 131.07131, -12.51148 ], [ 131.06975, -12.51148 ], [ 131.06976, -12.50596 ], [ 131.06746, -12.5018 ], [ 131.06655, -12.5018 ], [ 131.06656, -12.49628 ], [ 131.11122, -12.49622 ], [ 131.1112, -12.46703 ], [ 131.09641, -12.46704 ], [ 131.09641, -12.46233 ], [ 131.08899, -12.46233 ], [ 131.0888, -12.40882 ], [ 131.0515, -12.40886 ], [ 131.05151, -12.44297 ], [ 131.05055, -12.44269 ], [ 131.04465, -12.43567 ], [ 131.0446, -12.43129 ], [ 131.01284, -12.43136 ], [ 131.01277, -12.4238 ], [ 130.96806, -12.42395 ], [ 130.96817, -12.44624 ], [ 130.95462, -12.4463 ], [ 130.97313, -12.46093 ], [ 130.97579, -12.46373 ], [ 130.9766, -12.46641 ], [ 130.97756, -12.46752 ], [ 130.97838, -12.468 ], [ 130.99032, -12.46803 ] ] ] } },
{ "type": "Feature", "properties": { "SA2_CODE21": 701031032, "SA2_NAME21": "Humpty Doo", "CHG_FLAG21": "0", "CHG_LBL21": "No change", "SA3_CODE21": "70103", "SA3_NAME21": "Litchfield", "SA4_CODE21": "701", "SA4_NAME21": "Darwin", "GCC_CODE21": "7GDAR", "GCC_NAME21": "Greater Darwin", "STE_CODE21": "7", "STE_NAME21": "Northern Territory", "AUS_CODE21": "AUS", "AUS_NAME21": "Australia", "AREASQKM21": 157.4161, "LOCI_URI21": "http://linked.data.gov.au/dataset/asgsed3/SA2/701031032", "Group": "Total_domestic_undergrad", "Australian Catholic University": 2.0, "Avondale University": 0.0, "Bond University": 0.0, "CQUniversity": 0.0, "Charles Darwin University": 14.0, "Charles Sturt University": 0.0, "Curtin University": 2.0, "Deakin University": 2.0, "Edith Cowan University": 0.0, "Federation University Australia": 0.0, "Flinders University": 2.0, "Griffith University": 0.0, "James Cook University": 2.0, "Macquarie University": 0.0, "Monash University": 2.0, "Murdoch University": 2.0, "Queensland University of Technology": 0.0, "RMIT University": 2.0, "Southern Cross University": 0.0, "Swinburne University of Technology": 2.0, "The Australian National University": 0.0, "The University of Adelaide": 5.0, "The University of Melbourne": 2.0, "The University of New England": 0.0, "The University of Newcastle": 0.0, "The University of Notre Dame Australia": 0.0, "The University of Queensland": 2.0, "The University of Sydney": 0.0, "The University of Western Australia": 0.0, "Torrens University Australia": 0.0, "University of Canberra": 0.0, "University of Divinity": 0.0, "University of New South Wales": 0.0, "University of South Australia": 0.0, "University of Southern Queensland": 0.0, "University of Tasmania": 2.0, "University of Technology Sydney": 2.0, "University of Wollongong": 0.0, "University of the Sunshine Coast": 2.0, "Victoria University": 0.0, "Western Sydney University": 0.0, "id": 701031032, "name": "Humpty Doo" }, "geometry": { "type": "Polygon", "coordinates": [ [ [ 131.14843, -12.52556 ], [ 131.10379, -12.52555 ], [ 131.1038, -12.49632 ], [ 131.06656, -12.49628 ], [ 131.06655, -12.5018 ], [ 131.06746, -12.5018 ], [ 131.06976, -12.50596 ], [ 131.06975, -12.51148 ], [ 131.07131, -12.51148 ], [ 131.07257, -12.51449 ], [ 131.06901, -12.51617 ], [ 131.069, -12.52052 ], [ 131.07121, -12.52052 ], [ 131.0712, -12.52557 ], [ 131.04554, -12.52557 ], [ 131.05877, -12.54069 ], [ 131.07158, -12.55888 ], [ 131.07259, -12.56159 ], [ 131.07339, -12.56473 ], [ 131.07331, -12.61338 ], [ 131.19313, -12.61334 ], [ 131.19315, -12.56949 ], [ 131.20806, -12.56946 ], [ 131.20805, -12.55485 ], [ 131.20056, -12.55485 ], [ 131.20059, -12.52545 ], [ 131.17826, -12.52555 ], [ 131.17818, -12.49641 ], [ 131.16331, -12.4964 ], [ 131.16331, -12.51093 ], [ 131.14832, -12.51096 ], [ 131.14843, -12.52556 ] ] ] } },
{ "type": "Feature", "properties": { "SA2_CODE21": 701031034, "SA2_NAME21": "Virginia", "CHG_FLAG21": "0", "CHG_LBL21": "No change", "SA3_CODE21": "70103", "SA3_NAME21": "Litchfield", "SA4_CODE21": "701", "SA4_NAME21": "Darwin", "GCC_CODE21": "7GDAR", "GCC_NAME21": "Greater Darwin", "STE_CODE21": "7", "STE_NAME21": "Northern Territory", "AUS_CODE21": "AUS", "AUS_NAME21": "Australia", "AREASQKM21": 54.7364, "LOCI_URI21": "http://linked.data.gov.au/dataset/asgsed3/SA2/701031034", "Group": "Total_domestic_undergrad", "Australian Catholic University": 2.0, "Avondale University": 0.0, "Bond University": 0.0, "CQUniversity": 0.0, "Charles Darwin University": 6.0, "Charles Sturt University": 0.0, "Curtin University": 0.0, "Deakin University": 0.0, "Edith Cowan University": 2.0, "Federation University Australia": 0.0, "Flinders University": 2.0, "Griffith University": 0.0, "James Cook University": 2.0, "Macquarie University": 0.0, "Monash University": 0.0, "Murdoch University": 0.0, "Queensland University of Technology": 0.0, "RMIT University": 0.0, "Southern Cross University": 0.0, "Swinburne University of Technology": 0.0, "The Australian National University": 0.0, "The University of Adelaide": 0.0, "The University of Melbourne": 0.0, "The University of New England": 0.0, "The University of Newcastle": 0.0, "The University of Notre Dame Australia": 2.0, "The University of Queensland": 2.0, "The University of Sydney": 0.0, "The University of Western Australia": 2.0, "Torrens University Australia": 0.0, "University of Canberra": 0.0, "University of Divinity": 0.0, "University of New South Wales": 0.0, "University of South Australia": 0.0, "University of Southern Queensland": 0.0, "University of Tasmania": 0.0, "University of Technology Sydney": 0.0, "University of Wollongong": 0.0, "University of the Sunshine Coast": 0.0, "Victoria University": 0.0, "Western Sydney University": 0.0, "id": 701031034, "name": "Virginia" }, "geometry": { "type": "Polygon", "coordinates": [ [ [ 131.01435, -12.52565 ], [ 131.01434, -12.52722 ], [ 131.01314, -12.52763 ], [ 131.01222, -12.52864 ], [ 131.01223, -12.52966 ], [ 131.01257, -12.53067 ], [ 131.01189, -12.53147 ], [ 131.01062, -12.5317 ], [ 131.00947, -12.5317 ], [ 131.00913, -12.53193 ], [ 131.00741, -12.53374 ], [ 131.00706, -12.53363 ], [ 131.00683, -12.53329 ], [ 131.00677, -12.53231 ], [ 131.00579, -12.5325 ], [ 131.00396, -12.53363 ], [ 131.00304, -12.53409 ], [ 131.00166, -12.53432 ], [ 131.00014, -12.53494 ], [ 130.9999, -12.53527 ], [ 130.99944, -12.53646 ], [ 130.99856, -12.53761 ], [ 130.9965, -12.53809 ], [ 130.99463, -12.53771 ], [ 130.99243, -12.53811 ], [ 130.99157, -12.53867 ], [ 130.99071, -12.5401 ], [ 130.98995, -12.54288 ], [ 130.98821, -12.5452 ], [ 130.98722, -12.54718 ], [ 130.98815, -12.54795 ], [ 130.99002, -12.54918 ], [ 130.99199, -12.552 ], [ 130.99665, -12.56026 ], [ 130.99759, -12.5615 ], [ 131.00073, -12.56258 ], [ 131.00401, -12.56345 ], [ 131.00598, -12.56548 ], [ 131.00977, -12.56545 ], [ 131.01238, -12.5662 ], [ 131.01318, -12.56863 ], [ 131.01437, -12.57131 ], [ 131.01635, -12.57373 ], [ 131.0191, -12.57601 ], [ 131.02173, -12.57791 ], [ 131.02473, -12.57815 ], [ 131.0272, -12.57736 ], [ 131.02969, -12.57952 ], [ 131.03424, -12.58486 ], [ 131.03481, -12.58619 ], [ 131.03506, -12.58655 ], [ 131.03598, -12.58591 ], [ 131.03797, -12.5866 ], [ 131.03876, -12.58631 ], [ 131.03949, -12.58651 ], [ 131.04018, -12.58675 ], [ 131.03977, -12.58761 ], [ 131.04004, -12.58791 ], [ 131.04054, -12.58814 ], [ 131.04158, -12.58811 ], [ 131.04278, -12.58779 ], [ 131.04385, -12.58887 ], [ 131.04483, -12.58931 ], [ 131.04533, -12.58937 ], [ 131.04602, -12.58912 ], [ 131.04664, -12.58925 ], [ 131.04723, -12.58978 ], [ 131.04775, -12.59043 ], [ 131.0486, -12.59115 ], [ 131.04922, -12.59131 ], [ 131.04968, -12.59095 ], [ 131.04998, -12.5909 ], [ 131.05052, -12.59104 ], [ 131.05103, -12.59187 ], [ 131.05083, -12.59236 ], [ 131.05087, -12.59296 ], [ 131.05053, -12.59296 ], [ 131.05158, -12.5957 ], [ 131.05253, -12.59522 ], [ 131.0557, -12.59781 ], [ 131.05681, -12.59752 ], [ 131.0589, -12.59833 ], [ 131.05891, -12.5997 ], [ 131.059, -12.59974 ], [ 131.05898, -12.61341 ], [ 131.07331, -12.61338 ], [ 131.07341, -12.60513 ], [ 131.07335, -12.5839 ], [ 131.07339, -12.56473 ], [ 131.07259, -12.56159 ], [ 131.07158, -12.55888 ], [ 131.05877, -12.54069 ], [ 131.05533, -12.53667 ], [ 131.04567, -12.52584 ], [ 131.04554, -12.52557 ], [ 131.04609, -12.52556 ], [ 131.04612, -12.52548 ], [ 131.04791, -12.52547 ], [ 131.04066, -12.51521 ], [ 131.03901, -12.5133 ], [ 131.03658, -12.51092 ], [ 131.03574, -12.51092 ], [ 131.03575, -12.5187 ], [ 131.03245, -12.51644 ], [ 131.03028, -12.51556 ], [ 131.02749, -12.5148 ], [ 131.02608, -12.51429 ], [ 131.02422, -12.51322 ], [ 131.02277, -12.51197 ], [ 131.0216, -12.51062 ], [ 131.01904, -12.50641 ], [ 131.01705, -12.50281 ], [ 131.01619, -12.50159 ], [ 131.01406, -12.49788 ], [ 131.01318, -12.49613 ], [ 131.01336, -12.52561 ], [ 131.01435, -12.52565 ] ] ] } },
{ "type": "Feature", "properties": { "SA2_CODE21": 701031035, "SA2_NAME21": "Weddell", "CHG_FLAG21": "0", "CHG_LBL21": "No change", "SA3_CODE21": "70103", "SA3_NAME21": "Litchfield", "SA4_CODE21": "701", "SA4_NAME21": "Darwin", "GCC_CODE21": "7GDAR", "GCC_NAME21": "Greater Darwin", "STE_CODE21": "7", "STE_NAME21": "Northern Territory", "AUS_CODE21": "AUS", "AUS_NAME21": "Australia", "AREASQKM21": 1408.6881, "LOCI_URI21": "http://linked.data.gov.au/dataset/asgsed3/SA2/701031035", "Group": "Total_domestic_undergrad", "Australian Catholic University": 0.0, "Avondale University": 0.0, "Bond University": 0.0, "CQUniversity": 0.0, "Charles Darwin University": 2.0, "Charles Sturt University": 0.0, "Curtin University": 0.0, "Deakin University": 0.0, "Edith Cowan University": 0.0, "Federation University Australia": 0.0, "Flinders University": 2.0, "Griffith University": 0.0, "James Cook University": 2.0, "Macquarie University": 0.0, "Monash University": 0.0, "Murdoch University": 0.0, "Queensland University of Technology": 0.0, "RMIT University": 2.0, "Southern Cross University": 0.0, "Swinburne University of Technology": 0.0, "The Australian National University": 0.0, "The University of Adelaide": 2.0, "The University of Melbourne": 2.0, "The University of New England": 0.0, "The University of Newcastle": 0.0, "The University of Notre Dame Australia": 0.0, "The University of Queensland": 2.0, "The University of Sydney": 0.0, "The University of Western Australia": 0.0, "Torrens University Australia": 0.0, "University of Canberra": 0.0, "University of Divinity": 0.0, "University of New South Wales": 0.0, "University of South Australia": 0.0, "University of Southern Queensland": 0.0, "University of Tasmania": 0.0, "University of Technology Sydney": 0.0, "University of Wollongong": 0.0, "University of the Sunshine Coast": 0.0, "Victoria University": 0.0, "Western Sydney University": 0.0, "id": 701031035, "name": "Weddell" }, "geometry": { "type": "MultiPolygon", "coordinates": [ [ [ [ 130.86418, -12.54554 ], [ 130.86311, -12.54716 ], [ 130.86511, -12.54968 ], [ 130.86452, -12.55126 ], [ 130.86325, -12.55126 ], [ 130.86227, -12.55317 ], [ 130.86241, -12.55403 ], [ 130.86388, -12.55414 ], [ 130.86236, -12.55662 ], [ 130.86129, -12.55707 ], [ 130.86187, -12.56223 ], [ 130.8629, -12.56163 ], [ 130.8629, -12.56043 ], [ 130.86403, -12.55922 ], [ 130.86532, -12.55995 ], [ 130.86602, -12.55965 ], [ 130.8663, -12.55837 ], [ 130.86682, -12.55931 ], [ 130.86833, -12.55867 ], [ 130.87185, -12.55435 ], [ 130.87253, -12.55265 ], [ 130.87241, -12.54814 ], [ 130.87172, -12.54735 ], [ 130.867, -12.5451 ], [ 130.86418, -12.54554 ] ] ], [ [ [ 130.95325, -12.53792 ], [ 130.95428, -12.53657 ], [ 130.95152, -12.53646 ], [ 130.9514, -12.53725 ], [ 130.95325, -12.53792 ] ] ], [ [ [ 130.8776, -12.55739 ], [ 130.87783, -12.55671 ], [ 130.87749, -12.55626 ], [ 130.87726, -12.55705 ], [ 130.8776, -12.55739 ] ] ], [ [ [ 130.97695, -12.54131 ], [ 130.96696, -12.53464 ], [ 130.96026, -12.53325 ], [ 130.95588, -12.53404 ], [ 130.9564, -12.53739 ], [ 130.95417, -12.53905 ], [ 130.95729, -12.54718 ], [ 130.95649, -12.55288 ], [ 130.95386, -12.55512 ], [ 130.9558, -12.54955 ], [ 130.95568, -12.54583 ], [ 130.95349, -12.5421 ], [ 130.94946, -12.53963 ], [ 130.94854, -12.53985 ], [ 130.949, -12.54256 ], [ 130.94866, -12.54595 ], [ 130.94729, -12.54901 ], [ 130.94499, -12.55048 ], [ 130.94166, -12.55049 ], [ 130.93898, -12.55407 ], [ 130.93959, -12.55128 ], [ 130.94074, -12.55026 ], [ 130.94465, -12.54947 ], [ 130.94602, -12.54822 ], [ 130.94728, -12.54494 ], [ 130.94704, -12.54167 ], [ 130.94566, -12.53896 ], [ 130.9437, -12.53749 ], [ 130.93933, -12.53592 ], [ 130.93426, -12.5322 ], [ 130.93403, -12.53435 ], [ 130.93588, -12.53627 ], [ 130.93485, -12.54062 ], [ 130.93369, -12.53717 ], [ 130.93266, -12.53695 ], [ 130.9315, -12.53526 ], [ 130.93047, -12.53503 ], [ 130.92737, -12.53662 ], [ 130.92702, -12.53606 ], [ 130.92863, -12.53391 ], [ 130.92851, -12.53199 ], [ 130.93091, -12.52645 ], [ 130.93055, -12.52023 ], [ 130.92778, -12.51436 ], [ 130.92263, -12.50924 ], [ 130.92167, -12.50907 ], [ 130.92075, -12.5102 ], [ 130.9196, -12.5102 ], [ 130.91604, -12.51235 ], [ 130.91432, -12.51417 ], [ 130.91237, -12.51507 ], [ 130.91042, -12.51745 ], [ 130.91137, -12.53055 ], [ 130.91309, -12.53179 ], [ 130.91539, -12.52998 ], [ 130.91651, -12.52999 ], [ 130.91666, -12.53088 ], [ 130.91264, -12.53258 ], [ 130.91057, -12.53473 ], [ 130.91092, -12.53744 ], [ 130.91069, -12.5379 ], [ 130.90954, -12.53767 ], [ 130.90874, -12.5405 ], [ 130.90805, -12.54073 ], [ 130.9077, -12.53881 ], [ 130.91011, -12.53293 ], [ 130.9101, -12.53112 ], [ 130.90939, -12.52276 ], [ 130.90708, -12.51644 ], [ 130.90651, -12.5161 ], [ 130.90536, -12.51689 ], [ 130.90135, -12.52504 ], [ 130.89652, -12.52832 ], [ 130.89663, -12.53202 ], [ 130.89561, -12.52979 ], [ 130.89572, -12.52798 ], [ 130.89985, -12.52413 ], [ 130.90467, -12.51644 ], [ 130.90501, -12.51475 ], [ 130.90362, -12.51328 ], [ 130.90236, -12.51317 ], [ 130.89765, -12.51578 ], [ 130.88489, -12.52077 ], [ 130.8796, -12.52112 ], [ 130.8773, -12.52 ], [ 130.87154, -12.51515 ], [ 130.87085, -12.51368 ], [ 130.87176, -12.51018 ], [ 130.87095, -12.50735 ], [ 130.8698, -12.50577 ], [ 130.866, -12.5051 ], [ 130.86462, -12.5033 ], [ 130.86289, -12.50285 ], [ 130.86071, -12.50579 ], [ 130.85922, -12.50658 ], [ 130.85899, -12.5076 ], [ 130.86118, -12.50974 ], [ 130.86155, -12.52409 ], [ 130.86213, -12.52624 ], [ 130.86294, -12.5268 ], [ 130.86524, -12.5268 ], [ 130.86754, -12.52544 ], [ 130.87099, -12.526 ], [ 130.87387, -12.52802 ], [ 130.8756, -12.53141 ], [ 130.87688, -12.53977 ], [ 130.87954, -12.5479 ], [ 130.88668, -12.55252 ], [ 130.88772, -12.55251 ], [ 130.88891, -12.55073 ], [ 130.88933, -12.55127 ], [ 130.88864, -12.55342 ], [ 130.89221, -12.55601 ], [ 130.89429, -12.55849 ], [ 130.89762, -12.5586 ], [ 130.90143, -12.55625 ], [ 130.90004, -12.55972 ], [ 130.89751, -12.56063 ], [ 130.89337, -12.56052 ], [ 130.88772, -12.5559 ], [ 130.88036, -12.55275 ], [ 130.87783, -12.55242 ], [ 130.87737, -12.55423 ], [ 130.88315, -12.56755 ], [ 130.88466, -12.57478 ], [ 130.88638, -12.57534 ], [ 130.89087, -12.57465 ], [ 130.89283, -12.57589 ], [ 130.90261, -12.57892 ], [ 130.90341, -12.57485 ], [ 130.90294, -12.57271 ], [ 130.90571, -12.57395 ], [ 130.90747, -12.57283 ], [ 130.90801, -12.57394 ], [ 130.91192, -12.57495 ], [ 130.91733, -12.57878 ], [ 130.92309, -12.5799 ], [ 130.92885, -12.58395 ], [ 130.93298, -12.58826 ], [ 130.93497, -12.59287 ], [ 130.93697, -12.59401 ], [ 130.93693, -12.59614 ], [ 130.93781, -12.59801 ], [ 130.94546, -12.60651 ], [ 130.94845, -12.60617 ], [ 130.95333, -12.59685 ], [ 130.95401, -12.59749 ], [ 130.95309, -12.59844 ], [ 130.95007, -12.60617 ], [ 130.94811, -12.60843 ], [ 130.9532, -12.61779 ], [ 130.95447, -12.61949 ], [ 130.95618, -12.61953 ], [ 130.95609, -12.62366 ], [ 130.95726, -12.63089 ], [ 130.95852, -12.63202 ], [ 130.96025, -12.63213 ], [ 130.96634, -12.62952 ], [ 130.96686, -12.62977 ], [ 130.96313, -12.63235 ], [ 130.95979, -12.63326 ], [ 130.95553, -12.63214 ], [ 130.95462, -12.63508 ], [ 130.95471, -12.63697 ], [ 130.9453, -12.63785 ], [ 130.94, -12.63002 ], [ 130.93699, -12.62201 ], [ 130.93571, -12.61614 ], [ 130.93455, -12.61309 ], [ 130.93294, -12.61109 ], [ 130.92971, -12.60948 ], [ 130.92304, -12.60848 ], [ 130.92223, -12.6104 ], [ 130.92062, -12.60781 ], [ 130.91659, -12.60623 ], [ 130.90877, -12.60727 ], [ 130.90589, -12.60671 ], [ 130.90055, -12.60752 ], [ 130.89749, -12.60571 ], [ 130.89415, -12.60492 ], [ 130.8823, -12.60619 ], [ 130.88368, -12.61032 ], [ 130.88152, -12.6176 ], [ 130.88221, -12.61873 ], [ 130.88199, -12.61997 ], [ 130.88291, -12.62087 ], [ 130.8828, -12.6246 ], [ 130.8843, -12.62584 ], [ 130.88694, -12.62538 ], [ 130.88718, -12.62606 ], [ 130.88591, -12.62674 ], [ 130.88568, -12.62787 ], [ 130.88718, -12.63002 ], [ 130.89018, -12.63216 ], [ 130.89153, -12.63204 ], [ 130.89225, -12.63373 ], [ 130.89364, -12.6343 ], [ 130.89283, -12.6352 ], [ 130.89007, -12.63408 ], [ 130.89065, -12.63905 ], [ 130.89108, -12.63988 ], [ 130.89255, -12.64016 ], [ 130.89135, -12.64119 ], [ 130.89077, -12.64097 ], [ 130.89043, -12.64176 ], [ 130.89919, -12.64649 ], [ 130.90449, -12.65201 ], [ 130.90426, -12.65326 ], [ 130.90519, -12.65574 ], [ 130.90703, -12.65574 ], [ 130.90819, -12.65642 ], [ 130.9037, -12.658 ], [ 130.90118, -12.66169 ], [ 130.89991, -12.66106 ], [ 130.8983, -12.66276 ], [ 130.89773, -12.66773 ], [ 130.89879, -12.67586 ], [ 130.89523, -12.68246 ], [ 130.8958, -12.67892 ], [ 130.89786, -12.67519 ], [ 130.89623, -12.66502 ], [ 130.89703, -12.66152 ], [ 130.8999, -12.65722 ], [ 130.90001, -12.6553 ], [ 130.89482, -12.65068 ], [ 130.89033, -12.64933 ], [ 130.88927, -12.64822 ], [ 130.88921, -12.85954 ], [ 131.03875, -12.86038 ], [ 131.03876, -12.81582 ], [ 131.06869, -12.81586 ], [ 131.06867, -12.82317 ], [ 131.11194, -12.82322 ], [ 131.11199, -12.82525 ], [ 131.13437, -12.82473 ], [ 131.13497, -12.83927 ], [ 131.14216, -12.8391 ], [ 131.1423, -12.84597 ], [ 131.15828, -12.84598 ], [ 131.15825, -12.86188 ], [ 131.20303, -12.86135 ], [ 131.20353, -12.85853 ], [ 131.20845, -12.84936 ], [ 131.20722, -12.84517 ], [ 131.20693, -12.83805 ], [ 131.21105, -12.82858 ], [ 131.20937, -12.82699 ], [ 131.20835, -12.82222 ], [ 131.21072, -12.82067 ], [ 131.2135, -12.82107 ], [ 131.21915, -12.81973 ], [ 131.21682, -12.80818 ], [ 131.21514, -12.8054 ], [ 131.2134, -12.804 ], [ 131.21334, -12.80308 ], [ 131.21566, -12.80263 ], [ 131.2174, -12.80394 ], [ 131.22099, -12.80297 ], [ 131.22925, -12.79021 ], [ 131.23102, -12.78849 ], [ 131.23428, -12.78941 ], [ 131.23534, -12.78873 ], [ 131.23561, -12.78579 ], [ 131.23815, -12.78389 ], [ 131.23983, -12.78031 ], [ 131.24159, -12.77908 ], [ 131.2462, -12.77968 ], [ 131.25191, -12.78261 ], [ 131.25405, -12.782 ], [ 131.2555, -12.77927 ], [ 131.25801, -12.78042 ], [ 131.25925, -12.78001 ], [ 131.25989, -12.77896 ], [ 131.26037, -12.77366 ], [ 131.25958, -12.77299 ], [ 131.25717, -12.77268 ], [ 131.25452, -12.77062 ], [ 131.25404, -12.7689 ], [ 131.25475, -12.76774 ], [ 131.25622, -12.76717 ], [ 131.25909, -12.76802 ], [ 131.26146, -12.7657 ], [ 131.26564, -12.76833 ], [ 131.26962, -12.76923 ], [ 131.27162, -12.76898 ], [ 131.27291, -12.76804 ], [ 131.27445, -12.76523 ], [ 131.27428, -12.76045 ], [ 131.27505, -12.75811 ], [ 131.281, -12.75498 ], [ 131.2825, -12.75352 ], [ 131.28141, -12.74803 ], [ 131.28111, -12.74228 ], [ 131.2817, -12.73946 ], [ 131.28328, -12.73692 ], [ 131.28337, -12.73508 ], [ 131.27774, -12.73373 ], [ 131.27531, -12.73045 ], [ 131.26957, -12.72514 ], [ 131.26983, -12.72314 ], [ 131.27441, -12.71604 ], [ 131.27519, -12.71376 ], [ 131.275, -12.71155 ], [ 131.27344, -12.70923 ], [ 131.27264, -12.70632 ], [ 131.27778, -12.70271 ], [ 131.27991, -12.698 ], [ 131.28247, -12.6963 ], [ 131.2898, -12.69515 ], [ 131.29315, -12.69674 ], [ 131.29552, -12.6921 ], [ 131.29743, -12.69001 ], [ 131.30414, -12.68981 ], [ 131.30508, -12.68917 ], [ 131.30584, -12.6864 ], [ 131.3066, -12.68565 ], [ 131.31456, -12.68524 ], [ 131.32058, -12.68262 ], [ 131.32594, -12.6786 ], [ 131.33013, -12.67695 ], [ 131.33227, -12.67537 ], [ 131.3333, -12.66882 ], [ 131.33671, -12.66216 ], [ 131.33902, -12.65345 ], [ 131.34, -12.65179 ], [ 131.34808, -12.64402 ], [ 131.35115, -12.64306 ], [ 131.35767, -12.64822 ], [ 131.36654, -12.64873 ], [ 131.36798, -12.64784 ], [ 131.36895, -12.64567 ], [ 131.3685, -12.64357 ], [ 131.367, -12.64211 ], [ 131.3638, -12.64089 ], [ 131.3578, -12.64026 ], [ 131.3565, -12.63892 ], [ 131.35584, -12.63701 ], [ 131.35598, -12.63465 ], [ 131.35982, -12.62841 ], [ 131.36348, -12.62535 ], [ 131.37026, -12.6214 ], [ 131.37437, -12.61707 ], [ 131.37763, -12.61242 ], [ 131.37874, -12.61032 ], [ 131.37861, -12.60879 ], [ 131.37502, -12.6042 ], [ 131.3745, -12.6014 ], [ 131.37495, -12.5993 ], [ 131.37626, -12.59732 ], [ 131.38017, -12.59414 ], [ 131.38585, -12.59376 ], [ 131.38689, -12.59274 ], [ 131.38617, -12.59006 ], [ 131.37998, -12.58681 ], [ 131.37965, -12.58452 ], [ 131.38134, -12.58133 ], [ 131.38819, -12.57465 ], [ 131.38793, -12.5735 ], [ 131.3865, -12.57261 ], [ 131.38128, -12.57254 ], [ 131.38011, -12.57152 ], [ 131.37985, -12.56879 ], [ 131.38056, -12.56675 ], [ 131.38474, -12.56356 ], [ 131.38565, -12.56216 ], [ 131.38565, -12.5605 ], [ 131.38513, -12.5591 ], [ 131.38056, -12.55566 ], [ 131.37508, -12.55343 ], [ 131.37443, -12.55203 ], [ 131.37469, -12.55076 ], [ 131.37921, -12.54758 ], [ 131.35006, -12.54526 ], [ 131.34389, -12.54614 ], [ 131.3451, -12.54848 ], [ 131.3301, -12.54881 ], [ 131.32276, -12.55011 ], [ 131.3043, -12.53791 ], [ 131.29168, -12.55634 ], [ 131.2814, -12.54958 ], [ 131.27751, -12.5322 ], [ 131.28577, -12.52752 ], [ 131.27561, -12.51248 ], [ 131.26072, -12.5073 ], [ 131.25291, -12.51596 ], [ 131.24962, -12.52782 ], [ 131.25031, -12.54191 ], [ 131.24285, -12.55277 ], [ 131.21681, -12.52543 ], [ 131.21496, -12.51613 ], [ 131.21665, -12.51522 ], [ 131.21906, -12.5151 ], [ 131.22193, -12.51373 ], [ 131.22255, -12.51272 ], [ 131.2202, -12.51306 ], [ 131.21859, -12.51408 ], [ 131.22055, -12.51182 ], [ 131.22043, -12.51092 ], [ 131.21359, -12.50584 ], [ 131.21354, -12.47304 ], [ 131.20163, -12.47408 ], [ 131.17818, -12.48982 ], [ 131.17826, -12.52555 ], [ 131.20059, -12.52545 ], [ 131.20056, -12.55485 ], [ 131.20805, -12.55485 ], [ 131.20806, -12.56946 ], [ 131.19315, -12.56949 ], [ 131.19313, -12.61334 ], [ 131.05898, -12.61341 ], [ 131.0589, -12.59833 ], [ 131.05681, -12.59752 ], [ 131.0557, -12.59781 ], [ 131.05253, -12.59522 ], [ 131.05158, -12.5957 ], [ 131.05053, -12.59296 ], [ 131.05103, -12.59187 ], [ 131.05052, -12.59104 ], [ 131.0486, -12.59115 ], [ 131.04664, -12.58925 ], [ 131.04483, -12.58931 ], [ 131.04278, -12.58779 ], [ 131.04054, -12.58814 ], [ 131.03977, -12.58761 ], [ 131.04018, -12.58675 ], [ 131.03949, -12.58651 ], [ 131.03598, -12.58591 ], [ 131.03506, -12.58655 ], [ 131.02969, -12.57952 ], [ 131.0272, -12.57736 ], [ 131.02473, -12.57815 ], [ 131.02173, -12.57791 ], [ 131.01635, -12.57373 ], [ 131.01437, -12.57131 ], [ 131.01238, -12.5662 ], [ 131.00977, -12.56545 ], [ 131.00598, -12.56548 ], [ 131.00401, -12.56345 ], [ 130.99759, -12.5615 ], [ 130.99002, -12.54918 ], [ 130.98387, -12.54489 ], [ 130.97695, -12.54131 ] ] ], [ [ [ 130.95243, -12.63565 ], [ 130.9538, -12.63011 ], [ 130.95368, -12.62762 ], [ 130.95264, -12.62457 ], [ 130.94802, -12.61735 ], [ 130.94549, -12.61928 ], [ 130.94504, -12.62199 ], [ 130.94736, -12.6291 ], [ 130.95036, -12.63373 ], [ 130.95243, -12.63565 ] ] ], [ [ [ 130.94491, -12.61781 ], [ 130.9456, -12.61736 ], [ 130.94641, -12.61566 ], [ 130.94422, -12.61375 ], [ 130.94376, -12.61544 ], [ 130.94491, -12.61781 ] ] ] ] } },
{ "type": "Feature", "properties": { "SA2_CODE21": 701041036, "SA2_NAME21": "Bakewell", "CHG_FLAG21": "0", "CHG_LBL21": "No change", "SA3_CODE21": "70104", "SA3_NAME21": "Palmerston", "SA4_CODE21": "701", "SA4_NAME21": "Darwin", "GCC_CODE21": "7GDAR", "GCC_NAME21": "Greater Darwin", "STE_CODE21": "7", "STE_NAME21": "Northern Territory", "AUS_CODE21": "AUS", "AUS_NAME21": "Australia", "AREASQKM21": 1.3185, "LOCI_URI21": "http://linked.data.gov.au/dataset/asgsed3/SA2/701041036", "Group": "Total_domestic_undergrad", "Australian Catholic University": 0.0, "Avondale University": 0.0, "Bond University": 0.0, "CQUniversity": 0.0, "Charles Darwin University": 2.0, "Charles Sturt University": 0.0, "Curtin University": 0.0, "Deakin University": 0.0, "Edith Cowan University": 0.0, "Federation University Australia": 0.0, "Flinders University": 0.0, "Griffith University": 0.0, "James Cook University": 0.0, "Macquarie University": 0.0, "Monash University": 0.0, "Murdoch University": 0.0, "Queensland University of Technology": 0.0, "RMIT University": 0.0, "Southern Cross University": 0.0, "Swinburne University of Technology": 0.0, "The Australian National University": 2.0, "The University of Adelaide": 2.0, "The University of Melbourne": 2.0, "The University of New England": 0.0, "The University of Newcastle": 0.0, "The University of Notre Dame Australia": 0.0, "The University of Queensland": 2.0, "The University of Sydney": 0.0, "The University of Western Australia": 0.0, "Torrens University Australia": 0.0, "University of Canberra": 2.0, "University of Divinity": 0.0, "University of New South Wales": 0.0, "University of South Australia": 0.0, "University of Southern Queensland": 0.0, "University of Tasmania": 2.0, "University of Technology Sydney": 0.0, "University of Wollongong": 2.0, "University of the Sunshine Coast": 0.0, "Victoria University": 0.0, "Western Sydney University": 0.0, "id": 701041036, "name": "Bakewell" }, "geometry": { "type": "Polygon", "coordinates": [ [ [ 130.99244, -12.49311 ], [ 130.99168, -12.4933 ], [ 130.98947, -12.49359 ], [ 130.98798, -12.49414 ], [ 130.98713, -12.49406 ], [ 130.98568, -12.50017 ], [ 130.99011, -12.50108 ], [ 130.99364, -12.50114 ], [ 130.99487, -12.50124 ], [ 130.99886, -12.50215 ], [ 130.99875, -12.50196 ], [ 130.9989, -12.50179 ], [ 130.99899, -12.5009 ], [ 130.99909, -12.49547 ], [ 130.9993, -12.49419 ], [ 130.99994, -12.49147 ], [ 130.99821, -12.49109 ], [ 130.997, -12.49109 ], [ 130.9958, -12.49141 ], [ 130.99244, -12.49311 ] ] ] } },
{ "type": "Feature", "properties": { "SA2_CODE21": 701041037, "SA2_NAME21": "Driver", "CHG_FLAG21": "0", "CHG_LBL21": "No change", "SA3_CODE21": "70104", "SA3_NAME21": "Palmerston", "SA4_CODE21": "701", "SA4_NAME21": "Darwin", "GCC_CODE21": "7GDAR", "GCC_NAME21": "Greater Darwin", "STE_CODE21": "7", "STE_NAME21": "Northern Territory", "AUS_CODE21": "AUS", "AUS_NAME21": "Australia", "AREASQKM21": 1.7157, "LOCI_URI21": "http://linked.data.gov.au/dataset/asgsed3/SA2/701041037", "Group": "Total_domestic_undergrad", "Australian Catholic University": 2.0, "Avondale University": 0.0, "Bond University": 0.0, "CQUniversity": 0.0, "Charles Darwin University": 6.0, "Charles Sturt University": 0.0, "Curtin University": 0.0, "Deakin University": 0.0, "Edith Cowan University": 0.0, "Federation University Australia": 0.0, "Flinders University": 2.0, "Griffith University": 0.0, "James Cook University": 2.0, "Macquarie University": 0.0, "Monash University": 0.0, "Murdoch University": 0.0, "Queensland University of Technology": 0.0, "RMIT University": 2.0, "Southern Cross University": 0.0, "Swinburne University of Technology": 0.0, "The Australian National University": 0.0, "The University of Adelaide": 0.0, "The University of Melbourne": 0.0, "The University of New England": 0.0, "The University of Newcastle": 0.0, "The University of Notre Dame Australia": 0.0, "The University of Queensland": 0.0, "The University of Sydney": 2.0, "The University of Western Australia": 2.0, "Torrens University Australia": 0.0, "University of Canberra": 0.0, "University of Divinity": 0.0, "University of New South Wales": 0.0, "University of South Australia": 0.0, "University of Southern Queensland": 0.0, "University of Tasmania": 0.0, "University of Technology Sydney": 0.0, "University of Wollongong": 0.0, "University of the Sunshine Coast": 0.0, "Victoria University": 0.0, "Western Sydney University": 0.0, "id": 701041037, "name": "Driver" }, "geometry": { "type": "Polygon", "coordinates": [ [ [ 130.97022, -12.48257 ], [ 130.9703, -12.48449 ], [ 130.97015, -12.48694 ], [ 130.96975, -12.4894 ], [ 130.96867, -12.49434 ], [ 130.96968, -12.49464 ], [ 130.971, -12.4954 ], [ 130.97204, -12.49584 ], [ 130.97311, -12.49605 ], [ 130.97508, -12.49606 ], [ 130.97496, -12.49153 ], [ 130.97503, -12.49063 ], [ 130.97528, -12.48963 ], [ 130.97588, -12.48848 ], [ 130.9767, -12.48753 ], [ 130.97773, -12.48675 ], [ 130.98285, -12.48474 ], [ 130.98361, -12.48433 ], [ 130.98447, -12.48348 ], [ 130.98522, -12.48234 ], [ 130.98406, -12.48153 ], [ 130.98247, -12.47978 ], [ 130.98201, -12.47905 ], [ 130.98161, -12.47798 ], [ 130.97719, -12.47961 ], [ 130.97492, -12.48019 ], [ 130.97277, -12.48055 ], [ 130.96999, -12.48079 ], [ 130.97022, -12.48257 ] ] ] } },
{ "type": "Feature", "properties": { "SA2_CODE21": 701041038, "SA2_NAME21": "Durack - Marlow Lagoon", "CHG_FLAG21": "0", "CHG_LBL21": "No change", "SA3_CODE21": "70104", "SA3_NAME21": "Palmerston", "SA4_CODE21": "701", "SA4_NAME21": "Darwin", "GCC_CODE21": "7GDAR", "GCC_NAME21": "Greater Darwin", "STE_CODE21": "7", "STE_NAME21": "Northern Territory", "AUS_CODE21": "AUS", "AUS_NAME21": "Australia", "AREASQKM21": 11.7191, "LOCI_URI21": "http://linked.data.gov.au/dataset/asgsed3/SA2/701041038", "Group": "Total_domestic_undergrad", "Australian Catholic University": 0.0, "Avondale University": 0.0, "Bond University": 0.0, "CQUniversity": 0.0, "Charles Darwin University": 7.0, "Charles Sturt University": 0.0, "Curtin University": 0.0, "Deakin University": 2.0, "Edith Cowan University": 0.0, "Federation University Australia": 0.0, "Flinders University": 2.0, "Griffith University": 0.0, "James Cook University": 2.0, "Macquarie University": 0.0, "Monash University": 2.0, "Murdoch University": 0.0, "Queensland University of Technology": 0.0, "RMIT University": 0.0, "Southern Cross University": 0.0, "Swinburne University of Technology": 2.0, "The Australian National University": 0.0, "The University of Adelaide": 2.0, "The University of Melbourne": 2.0, "The University of New England": 0.0, "The University of Newcastle": 0.0, "The University of Notre Dame Australia": 0.0, "The University of Queensland": 2.0, "The University of Sydney": 2.0, "The University of Western Australia": 2.0, "Torrens University Australia": 0.0, "University of Canberra": 0.0, "University of Divinity": 0.0, "University of New South Wales": 0.0, "University of South Australia": 2.0, "University of Southern Queensland": 2.0, "University of Tasmania": 0.0, "University of Technology Sydney": 2.0, "University of Wollongong": 0.0, "University of the Sunshine Coast": 2.0, "Victoria University": 0.0, "Western Sydney University": 0.0, "id": 701041038, "name": "Durack - Marlow Lagoon" }, "geometry": { "type": "Polygon", "coordinates": [ [ [ 130.96234, -12.46808 ], [ 130.96274, -12.46915 ], [ 130.9635, -12.47266 ], [ 130.96369, -12.47473 ], [ 130.96358, -12.47618 ], [ 130.96277, -12.4809 ], [ 130.96219, -12.48284 ], [ 130.96161, -12.48404 ], [ 130.95708, -12.49232 ], [ 130.95629, -12.49401 ], [ 130.94676, -12.49405 ], [ 130.94717, -12.49501 ], [ 130.94693, -12.49595 ], [ 130.94729, -12.49648 ], [ 130.94741, -12.49953 ], [ 130.94707, -12.50032 ], [ 130.94718, -12.50066 ], [ 130.94455, -12.50371 ], [ 130.94409, -12.50394 ], [ 130.94363, -12.50462 ], [ 130.94363, -12.50496 ], [ 130.94328, -12.50518 ], [ 130.94306, -12.50631 ], [ 130.94317, -12.50801 ], [ 130.94295, -12.50925 ], [ 130.94295, -12.51015 ], [ 130.94341, -12.51065 ], [ 130.94427, -12.51265 ], [ 130.94901, -12.51337 ], [ 130.95006, -12.50654 ], [ 130.95175, -12.5048 ], [ 130.95548, -12.50478 ], [ 130.95562, -12.50537 ], [ 130.95712, -12.50543 ], [ 130.95931, -12.50481 ], [ 130.95979, -12.5046 ], [ 130.96019, -12.50432 ], [ 130.96054, -12.50395 ], [ 130.96114, -12.50309 ], [ 130.96167, -12.50271 ], [ 130.96199, -12.50262 ], [ 130.96838, -12.50255 ], [ 130.96812, -12.49997 ], [ 130.9682, -12.49715 ], [ 130.96847, -12.49522 ], [ 130.96998, -12.48817 ], [ 130.97026, -12.48571 ], [ 130.97027, -12.48324 ], [ 130.97018, -12.482 ], [ 130.96999, -12.48079 ], [ 130.97277, -12.48055 ], [ 130.97379, -12.4804 ], [ 130.97492, -12.48019 ], [ 130.97719, -12.47961 ], [ 130.98161, -12.47798 ], [ 130.98396, -12.47703 ], [ 130.98526, -12.47604 ], [ 130.97839, -12.46844 ], [ 130.97752, -12.46819 ], [ 130.97735, -12.46801 ], [ 130.97838, -12.468 ], [ 130.97756, -12.46752 ], [ 130.9766, -12.46641 ], [ 130.97579, -12.46373 ], [ 130.97313, -12.46093 ], [ 130.96445, -12.45387 ], [ 130.95534, -12.44667 ], [ 130.95462, -12.4463 ], [ 130.95318, -12.4452 ], [ 130.94626, -12.45612 ], [ 130.94595, -12.45689 ], [ 130.95334, -12.46065 ], [ 130.95335, -12.46142 ], [ 130.95577, -12.46297 ], [ 130.95939, -12.46487 ], [ 130.96051, -12.46567 ], [ 130.96144, -12.46662 ], [ 130.96184, -12.46719 ], [ 130.96234, -12.46808 ] ] ] } },
{ "type": "Feature", "properties": { "SA2_CODE21": 701041039, "SA2_NAME21": "Gray", "CHG_FLAG21": "0", "CHG_LBL21": "No change", "SA3_CODE21": "70104", "SA3_NAME21": "Palmerston", "SA4_CODE21": "701", "SA4_NAME21": "Darwin", "GCC_CODE21": "7GDAR", "GCC_NAME21": "Greater Darwin", "STE_CODE21": "7", "STE_NAME21": "Northern Territory", "AUS_CODE21": "AUS", "AUS_NAME21": "Australia", "AREASQKM21": 1.5029, "LOCI_URI21": "http://linked.data.gov.au/dataset/asgsed3/SA2/701041039", "Group": "Total_domestic_undergrad", "Australian Catholic University": 0.0, "Avondale University": 0.0, "Bond University": 0.0, "CQUniversity": 0.0, "Charles Darwin University": 5.0, "Charles Sturt University": 0.0, "Curtin University": 0.0, "Deakin University": 0.0, "Edith Cowan University": 0.0, "Federation University Australia": 0.0, "Flinders University": 0.0, "Griffith University": 0.0, "James Cook University": 0.0, "Macquarie University": 0.0, "Monash University": 2.0, "Murdoch University": 0.0, "Queensland University of Technology": 0.0, "RMIT University": 0.0, "Southern Cross University": 0.0, "Swinburne University of Technology": 0.0, "The Australian National University": 0.0, "The University of Adelaide": 2.0, "The University of Melbourne": 0.0, "The University of New England": 0.0, "The University of Newcastle": 0.0, "The University of Notre Dame Australia": 0.0, "The University of Queensland": 0.0, "The University of Sydney": 0.0, "The University of Western Australia": 2.0, "Torrens University Australia": 0.0, "University of Canberra": 0.0, "University of Divinity": 0.0, "University of New South Wales": 0.0, "University of South Australia": 0.0, "University of Southern Queensland": 2.0, "University of Tasmania": 0.0, "University of Technology Sydney": 0.0, "University of Wollongong": 0.0, "University of the Sunshine Coast": 0.0, "Victoria University": 2.0, "Western Sydney University": 0.0, "id": 701041039, "name": "Gray" }, "geometry": { "type": "Polygon", "coordinates": [ [ [ 130.97773, -12.48675 ], [ 130.9772, -12.48711 ], [ 130.97627, -12.48796 ], [ 130.97553, -12.48906 ], [ 130.97512, -12.49017 ], [ 130.97496, -12.49153 ], [ 130.97503, -12.49402 ], [ 130.97616, -12.49403 ], [ 130.97711, -12.49419 ], [ 130.98639, -12.49712 ], [ 130.98846, -12.48851 ], [ 130.98854, -12.48753 ], [ 130.98831, -12.48637 ], [ 130.987, -12.48393 ], [ 130.98655, -12.48417 ], [ 130.98538, -12.4841 ], [ 130.98505, -12.48453 ], [ 130.98416, -12.48383 ], [ 130.98361, -12.48433 ], [ 130.98328, -12.48452 ], [ 130.97773, -12.48675 ] ] ] } },
{ "type": "Feature", "properties": { "SA2_CODE21": 701041040, "SA2_NAME21": "Moulden", "CHG_FLAG21": "0", "CHG_LBL21": "No change", "SA3_CODE21": "70104", "SA3_NAME21": "Palmerston", "SA4_CODE21": "701", "SA4_NAME21": "Darwin", "GCC_CODE21": "7GDAR", "GCC_NAME21": "Greater Darwin", "STE_CODE21": "7", "STE_NAME21": "Northern Territory", "AUS_CODE21": "AUS", "AUS_NAME21": "Australia", "AREASQKM21": 1.7504, "LOCI_URI21": "http://linked.data.gov.au/dataset/asgsed3/SA2/701041040", "Group": "Total_domestic_undergrad", "Australian Catholic University": 0.0, "Avondale University": 0.0, "Bond University": 0.0, "CQUniversity": 0.0, "Charles Darwin University": 5.0, "Charles Sturt University": 0.0, "Curtin University": 0.0, "Deakin University": 0.0, "Edith Cowan University": 0.0, "Federation University Australia": 0.0, "Flinders University": 0.0, "Griffith University": 0.0, "James Cook University": 0.0, "Macquarie University": 0.0, "Monash University": 0.0, "Murdoch University": 0.0, "Queensland University of Technology": 0.0, "RMIT University": 2.0, "Southern Cross University": 0.0, "Swinburne University of Technology": 0.0, "The Australian National University": 2.0, "The University of Adelaide": 0.0, "The University of Melbourne": 0.0, "The University of New England": 0.0, "The University of Newcastle": 0.0, "The University of Notre Dame Australia": 0.0, "The University of Queensland": 2.0, "The University of Sydney": 0.0, "The University of Western Australia": 0.0, "Torrens University Australia": 0.0, "University of Canberra": 0.0, "University of Divinity": 0.0, "University of New South Wales": 0.0, "University of South Australia": 0.0, "University of Southern Queensland": 0.0, "University of Tasmania": 0.0, "University of Technology Sydney": 0.0, "University of Wollongong": 0.0, "University of the Sunshine Coast": 0.0, "Victoria University": 0.0, "Western Sydney University": 0.0, "id": 701041040, "name": "Moulden" }, "geometry": { "type": "Polygon", "coordinates": [ [ [ 130.96811, -12.49891 ], [ 130.96818, -12.50102 ], [ 130.96843, -12.50289 ], [ 130.96952, -12.50816 ], [ 130.97004, -12.50995 ], [ 130.97082, -12.51166 ], [ 130.97185, -12.51332 ], [ 130.97243, -12.51406 ], [ 130.97378, -12.51542 ], [ 130.97524, -12.5166 ], [ 130.9762, -12.51535 ], [ 130.97707, -12.51439 ], [ 130.9807, -12.51109 ], [ 130.97795, -12.50811 ], [ 130.97655, -12.50671 ], [ 130.97595, -12.50585 ], [ 130.97554, -12.50491 ], [ 130.97536, -12.50419 ], [ 130.97527, -12.50332 ], [ 130.97508, -12.49606 ], [ 130.97311, -12.49605 ], [ 130.97204, -12.49584 ], [ 130.971, -12.4954 ], [ 130.96968, -12.49464 ], [ 130.96867, -12.49434 ], [ 130.96831, -12.49621 ], [ 130.96811, -12.49891 ] ] ] } },
{ "type": "Feature", "properties": { "SA2_CODE21": 701041041, "SA2_NAME21": "Palmerston - North", "CHG_FLAG21": "0", "CHG_LBL21": "No change", "SA3_CODE21": "70104", "SA3_NAME21": "Palmerston", "SA4_CODE21": "701", "SA4_NAME21": "Darwin", "GCC_CODE21": "7GDAR", "GCC_NAME21": "Greater Darwin", "STE_CODE21": "7", "STE_NAME21": "Northern Territory", "AUS_CODE21": "AUS", "AUS_NAME21": "Australia", "AREASQKM21": 4.7651, "LOCI_URI21": "http://linked.data.gov.au/dataset/asgsed3/SA2/701041041", "Group": "Total_domestic_undergrad", "Australian Catholic University": 0.0, "Avondale University": 0.0, "Bond University": 2.0, "CQUniversity": 0.0, "Charles Darwin University": 6.0, "Charles Sturt University": 0.0, "Curtin University": 0.0, "Deakin University": 2.0, "Edith Cowan University": 2.0, "Federation University Australia": 0.0, "Flinders University": 2.0, "Griffith University": 0.0, "James Cook University": 0.0, "Macquarie University": 0.0, "Monash University": 0.0, "Murdoch University": 0.0, "Queensland University of Technology": 2.0, "RMIT University": 0.0, "Southern Cross University": 0.0, "Swinburne University of Technology": 0.0, "The Australian National University": 0.0, "The University of Adelaide": 2.0, "The University of Melbourne": 0.0, "The University of New England": 0.0, "The University of Newcastle": 0.0, "The University of Notre Dame Australia": 0.0, "The University of Queensland": 2.0, "The University of Sydney": 0.0, "The University of Western Australia": 0.0, "Torrens University Australia": 0.0, "University of Canberra": 0.0, "University of Divinity": 0.0, "University of New South Wales": 2.0, "University of South Australia": 2.0, "University of Southern Queensland": 0.0, "University of Tasmania": 0.0, "University of Technology Sydney": 0.0, "University of Wollongong": 0.0, "University of the Sunshine Coast": 2.0, "Victoria University": 0.0, "Western Sydney University": 0.0, "id": 701041041, "name": "Palmerston - North" }, "geometry": { "type": "Polygon", "coordinates": [ [ [ 130.97735, -12.46801 ], [ 130.97752, -12.46819 ], [ 130.97839, -12.46844 ], [ 130.98526, -12.47604 ], [ 130.98396, -12.47703 ], [ 130.98161, -12.47798 ], [ 130.98201, -12.47905 ], [ 130.98247, -12.47978 ], [ 130.98406, -12.48153 ], [ 130.98522, -12.48234 ], [ 130.98463, -12.48327 ], [ 130.98416, -12.48383 ], [ 130.98505, -12.48453 ], [ 130.98538, -12.4841 ], [ 130.98655, -12.48417 ], [ 130.987, -12.48393 ], [ 130.98831, -12.48637 ], [ 130.98853, -12.48733 ], [ 130.98853, -12.48808 ], [ 130.98713, -12.49406 ], [ 130.98798, -12.49414 ], [ 130.98947, -12.49359 ], [ 130.99168, -12.4933 ], [ 130.99244, -12.49311 ], [ 130.99536, -12.49161 ], [ 130.99659, -12.49116 ], [ 130.9974, -12.49106 ], [ 130.99821, -12.49109 ], [ 130.99996, -12.49147 ], [ 131.00019, -12.49145 ], [ 131.00041, -12.49111 ], [ 131.00058, -12.49034 ], [ 131.00066, -12.48977 ], [ 131.00066, -12.48889 ], [ 131.00173, -12.48711 ], [ 131.00107, -12.48664 ], [ 131.00035, -12.4863 ], [ 131.00128, -12.48577 ], [ 131.00247, -12.48565 ], [ 131.00259, -12.48577 ], [ 131.00275, -12.48667 ], [ 131.00384, -12.48635 ], [ 131.00392, -12.48616 ], [ 131.00367, -12.48488 ], [ 131.00407, -12.48438 ], [ 131.0042, -12.48449 ], [ 131.00534, -12.48431 ], [ 131.00562, -12.48404 ], [ 131.00589, -12.48297 ], [ 131.00677, -12.48189 ], [ 131.00507, -12.48045 ], [ 130.99812, -12.47306 ], [ 130.99813, -12.47343 ], [ 130.99032, -12.46803 ], [ 130.98748, -12.46805 ], [ 130.98751, -12.46796 ], [ 130.97735, -12.46801 ] ] ] } },
{ "type": "Feature", "properties": { "SA2_CODE21": 701041042, "SA2_NAME21": "Palmerston - South", "CHG_FLAG21": "0", "CHG_LBL21": "No change", "SA3_CODE21": "70104", "SA3_NAME21": "Palmerston", "SA4_CODE21": "701", "SA4_NAME21": "Darwin", "GCC_CODE21": "7GDAR", "GCC_NAME21": "Greater Darwin", "STE_CODE21": "7", "STE_NAME21": "Northern Territory", "AUS_CODE21": "AUS", "AUS_NAME21": "Australia", "AREASQKM21": 24.9843, "LOCI_URI21": "http://linked.data.gov.au/dataset/asgsed3/SA2/701041042", "Group": "Total_domestic_undergrad", "Australian Catholic University": 0.0, "Avondale University": 0.0, "Bond University": 2.0, "CQUniversity": 0.0, "Charles Darwin University": 14.0, "Charles Sturt University": 0.0, "Curtin University": 2.0, "Deakin University": 2.0, "Edith Cowan University": 0.0, "Federation University Australia": 0.0, "Flinders University": 0.0, "Griffith University": 2.0, "James Cook University": 0.0, "Macquarie University": 0.0, "Monash University": 0.0, "Murdoch University": 0.0, "Queensland University of Technology": 2.0, "RMIT University": 0.0, "Southern Cross University": 0.0, "Swinburne University of Technology": 0.0, "The Australian National University": 2.0, "The University of Adelaide": 5.0, "The University of Melbourne": 0.0, "The University of New England": 0.0, "The University of Newcastle": 0.0, "The University of Notre Dame Australia": 0.0, "The University of Queensland": 0.0, "The University of Sydney": 2.0, "The University of Western Australia": 0.0, "Torrens University Australia": 0.0, "University of Canberra": 0.0, "University of Divinity": 0.0, "University of New South Wales": 2.0, "University of South Australia": 2.0, "University of Southern Queensland": 0.0, "University of Tasmania": 0.0, "University of Technology Sydney": 0.0, "University of Wollongong": 0.0, "University of the Sunshine Coast": 2.0, "Victoria University": 0.0, "Western Sydney University": 0.0, "id": 701041042, "name": "Palmerston - South" }, "geometry": { "type": "MultiPolygon", "coordinates": [ [ [ [ 130.94241, -12.52688 ], [ 130.94195, -12.52688 ], [ 130.94161, -12.52744 ], [ 130.94161, -12.52857 ], [ 130.94242, -12.52925 ], [ 130.94288, -12.52913 ], [ 130.94345, -12.52845 ], [ 130.94345, -12.52789 ], [ 130.94287, -12.5271 ], [ 130.94241, -12.52688 ] ] ], [ [ [ 130.94483, -12.52676 ], [ 130.94506, -12.52653 ], [ 130.94528, -12.52608 ], [ 130.94517, -12.52574 ], [ 130.94482, -12.52574 ], [ 130.94436, -12.52631 ], [ 130.94483, -12.52676 ] ] ], [ [ [ 131.00275, -12.48667 ], [ 131.00259, -12.48577 ], [ 131.00247, -12.48565 ], [ 131.00128, -12.48577 ], [ 131.00035, -12.4863 ], [ 131.00107, -12.48664 ], [ 131.00173, -12.48711 ], [ 131.00066, -12.48889 ], [ 131.00066, -12.48977 ], [ 131.00041, -12.49111 ], [ 131.00019, -12.49145 ], [ 130.99994, -12.49147 ], [ 130.99918, -12.49483 ], [ 130.99904, -12.49607 ], [ 130.99899, -12.5009 ], [ 130.9989, -12.50179 ], [ 130.99875, -12.50196 ], [ 130.99886, -12.50215 ], [ 130.99921, -12.50223 ], [ 130.99896, -12.50345 ], [ 130.99845, -12.50504 ], [ 130.99631, -12.51021 ], [ 130.99545, -12.51173 ], [ 130.99496, -12.51243 ], [ 130.99441, -12.51311 ], [ 130.99318, -12.51439 ], [ 130.99252, -12.51495 ], [ 130.99016, -12.51636 ], [ 130.98827, -12.51784 ], [ 130.9867, -12.51889 ], [ 130.98504, -12.51982 ], [ 130.98255, -12.52104 ], [ 130.98145, -12.52168 ], [ 130.98132, -12.52173 ], [ 130.98107, -12.5216 ], [ 130.9808, -12.52167 ], [ 130.97968, -12.52029 ], [ 130.97856, -12.51918 ], [ 130.97378, -12.51542 ], [ 130.97243, -12.51406 ], [ 130.97135, -12.51258 ], [ 130.97043, -12.5109 ], [ 130.96976, -12.50908 ], [ 130.96838, -12.50255 ], [ 130.96199, -12.50262 ], [ 130.96167, -12.50271 ], [ 130.96114, -12.50309 ], [ 130.96054, -12.50395 ], [ 130.96019, -12.50432 ], [ 130.95979, -12.5046 ], [ 130.95931, -12.50481 ], [ 130.95754, -12.50536 ], [ 130.95712, -12.50543 ], [ 130.95562, -12.50537 ], [ 130.95548, -12.50478 ], [ 130.95175, -12.5048 ], [ 130.95006, -12.50654 ], [ 130.94901, -12.51337 ], [ 130.94427, -12.51265 ], [ 130.94341, -12.51065 ], [ 130.94303, -12.51544 ], [ 130.94262, -12.51829 ], [ 130.94228, -12.51942 ], [ 130.94194, -12.52021 ], [ 130.94194, -12.52179 ], [ 130.9424, -12.5236 ], [ 130.94275, -12.5245 ], [ 130.9431, -12.52484 ], [ 130.94367, -12.52484 ], [ 130.94512, -12.52401 ], [ 130.9462, -12.52585 ], [ 130.94621, -12.52642 ], [ 130.9454, -12.52766 ], [ 130.94586, -12.52822 ], [ 130.94748, -12.52879 ], [ 130.95061, -12.52943 ], [ 130.95516, -12.52939 ], [ 130.95588, -12.53404 ], [ 130.96026, -12.53325 ], [ 130.96346, -12.53372 ], [ 130.96696, -12.53464 ], [ 130.97012, -12.53657 ], [ 130.97401, -12.53934 ], [ 130.97804, -12.54199 ], [ 130.98387, -12.54489 ], [ 130.98552, -12.5459 ], [ 130.98722, -12.54718 ], [ 130.98821, -12.5452 ], [ 130.98995, -12.54288 ], [ 130.99071, -12.5401 ], [ 130.99157, -12.53867 ], [ 130.99243, -12.53811 ], [ 130.99463, -12.53771 ], [ 130.9965, -12.53809 ], [ 130.99856, -12.53761 ], [ 130.99944, -12.53646 ], [ 130.9999, -12.53527 ], [ 131.00014, -12.53494 ], [ 131.00166, -12.53432 ], [ 131.00304, -12.53409 ], [ 131.00396, -12.53363 ], [ 131.00579, -12.5325 ], [ 131.00677, -12.53231 ], [ 131.00683, -12.53329 ], [ 131.00706, -12.53363 ], [ 131.00741, -12.53374 ], [ 131.00913, -12.53193 ], [ 131.00947, -12.5317 ], [ 131.01062, -12.5317 ], [ 131.01189, -12.53147 ], [ 131.01257, -12.53067 ], [ 131.01223, -12.52966 ], [ 131.01222, -12.52864 ], [ 131.01314, -12.52763 ], [ 131.01434, -12.52722 ], [ 131.01435, -12.52565 ], [ 131.01336, -12.52561 ], [ 131.01318, -12.49613 ], [ 131.01328, -12.49629 ], [ 131.01325, -12.48972 ], [ 131.01107, -12.48972 ], [ 131.01061, -12.48809 ], [ 131.00994, -12.4866 ], [ 131.00969, -12.48626 ], [ 131.01042, -12.48567 ], [ 131.01093, -12.48512 ], [ 131.00677, -12.48189 ], [ 131.00589, -12.48297 ], [ 131.00562, -12.48404 ], [ 131.00534, -12.48431 ], [ 131.0042, -12.48449 ], [ 131.00407, -12.48438 ], [ 131.00367, -12.48488 ], [ 131.00392, -12.48616 ], [ 131.00388, -12.4863 ], [ 131.00275, -12.48667 ] ] ] ] } },
{ "type": "Feature", "properties": { "SA2_CODE21": 701041043, "SA2_NAME21": "Rosebery - Bellamack", "CHG_FLAG21": "0", "CHG_LBL21": "No change", "SA3_CODE21": "70104", "SA3_NAME21": "Palmerston", "SA4_CODE21": "701", "SA4_NAME21": "Darwin", "GCC_CODE21": "7GDAR", "GCC_NAME21": "Greater Darwin", "STE_CODE21": "7", "STE_NAME21": "Northern Territory", "AUS_CODE21": "AUS", "AUS_NAME21": "Australia", "AREASQKM21": 3.1751, "LOCI_URI21": "http://linked.data.gov.au/dataset/asgsed3/SA2/701041043", "Group": "Total_domestic_undergrad", "Australian Catholic University": 2.0, "Avondale University": 0.0, "Bond University": 0.0, "CQUniversity": 0.0, "Charles Darwin University": 14.0, "Charles Sturt University": 2.0, "Curtin University": 2.0, "Deakin University": 2.0, "Edith Cowan University": 0.0, "Federation University Australia": 0.0, "Flinders University": 2.0, "Griffith University": 0.0, "James Cook University": 0.0, "Macquarie University": 0.0, "Monash University": 0.0, "Murdoch University": 0.0, "Queensland University of Technology": 2.0, "RMIT University": 2.0, "Southern Cross University": 0.0, "Swinburne University of Technology": 0.0, "The Australian National University": 2.0, "The University of Adelaide": 2.0, "The University of Melbourne": 0.0, "The University of New England": 2.0, "The University of Newcastle": 0.0, "The University of Notre Dame Australia": 2.0, "The University of Queensland": 0.0, "The University of Sydney": 2.0, "The University of Western Australia": 0.0, "Torrens University Australia": 0.0, "University of Canberra": 0.0, "University of Divinity": 0.0, "University of New South Wales": 0.0, "University of South Australia": 0.0, "University of Southern Queensland": 0.0, "University of Tasmania": 2.0, "University of Technology Sydney": 0.0, "University of Wollongong": 0.0, "University of the Sunshine Coast": 0.0, "Victoria University": 0.0, "Western Sydney University": 0.0, "id": 701041043, "name": "Rosebery - Bellamack" }, "geometry": { "type": "Polygon", "coordinates": [ [ [ 130.98431, -12.5059 ], [ 130.9838, -12.50771 ], [ 130.98354, -12.50822 ], [ 130.983, -12.50901 ], [ 130.98255, -12.5095 ], [ 130.97707, -12.51439 ], [ 130.9762, -12.51535 ], [ 130.97524, -12.5166 ], [ 130.97856, -12.51918 ], [ 130.97968, -12.52029 ], [ 130.9808, -12.52167 ], [ 130.98107, -12.5216 ], [ 130.98132, -12.52173 ], [ 130.98145, -12.52168 ], [ 130.98255, -12.52104 ], [ 130.98504, -12.51982 ], [ 130.9867, -12.51889 ], [ 130.98827, -12.51784 ], [ 130.99016, -12.51636 ], [ 130.99252, -12.51495 ], [ 130.99382, -12.51376 ], [ 130.99441, -12.51311 ], [ 130.99545, -12.51173 ], [ 130.99631, -12.51021 ], [ 130.99845, -12.50504 ], [ 130.99896, -12.50345 ], [ 130.99921, -12.50223 ], [ 130.99487, -12.50124 ], [ 130.99364, -12.50114 ], [ 130.99011, -12.50108 ], [ 130.98568, -12.50017 ], [ 130.98431, -12.5059 ] ] ] } },
{ "type": "Feature", "properties": { "SA2_CODE21": 701041044, "SA2_NAME21": "Woodroffe", "CHG_FLAG21": "0", "CHG_LBL21": "No change", "SA3_CODE21": "70104", "SA3_NAME21": "Palmerston", "SA4_CODE21": "701", "SA4_NAME21": "Darwin", "GCC_CODE21": "7GDAR", "GCC_NAME21": "Greater Darwin", "STE_CODE21": "7", "STE_NAME21": "Northern Territory", "AUS_CODE21": "AUS", "AUS_NAME21": "Australia", "AREASQKM21": 1.5977, "LOCI_URI21": "http://linked.data.gov.au/dataset/asgsed3/SA2/701041044", "Group": "Total_domestic_undergrad", "Australian Catholic University": 2.0, "Avondale University": 0.0, "Bond University": 0.0, "CQUniversity": 0.0, "Charles Darwin University": 2.0, "Charles Sturt University": 0.0, "Curtin University": 2.0, "Deakin University": 0.0, "Edith Cowan University": 0.0, "Federation University Australia": 0.0, "Flinders University": 2.0, "Griffith University": 0.0, "James Cook University": 2.0, "Macquarie University": 0.0, "Monash University": 2.0, "Murdoch University": 0.0, "Queensland University of Technology": 0.0, "RMIT University": 0.0, "Southern Cross University": 0.0, "Swinburne University of Technology": 0.0, "The Australian National University": 2.0, "The University of Adelaide": 2.0, "The University of Melbourne": 2.0, "The University of New England": 0.0, "The University of Newcastle": 0.0, "The University of Notre Dame Australia": 0.0, "The University of Queensland": 0.0, "The University of Sydney": 0.0, "The University of Western Australia": 0.0, "Torrens University Australia": 0.0, "University of Canberra": 0.0, "University of Divinity": 0.0, "University of New South Wales": 0.0, "University of South Australia": 0.0, "University of Southern Queensland": 0.0, "University of Tasmania": 0.0, "University of Technology Sydney": 2.0, "University of Wollongong": 0.0, "University of the Sunshine Coast": 0.0, "Victoria University": 0.0, "Western Sydney University": 0.0, "id": 701041044, "name": "Woodroffe" }, "geometry": { "type": "Polygon", "coordinates": [ [ [ 130.97531, -12.50389 ], [ 130.97554, -12.50491 ], [ 130.97595, -12.50585 ], [ 130.97685, -12.50704 ], [ 130.97795, -12.50811 ], [ 130.9807, -12.51109 ], [ 130.98277, -12.50928 ], [ 130.98322, -12.50874 ], [ 130.9838, -12.50771 ], [ 130.98409, -12.50683 ], [ 130.98639, -12.49712 ], [ 130.97711, -12.49419 ], [ 130.97616, -12.49403 ], [ 130.97503, -12.49402 ], [ 130.97531, -12.50389 ] ] ] } },
{ "type": "Feature", "properties": { "SA2_CODE21": 702011045, "SA2_NAME21": "Charles", "CHG_FLAG21": "0", "CHG_LBL21": "No change", "SA3_CODE21": "70201", "SA3_NAME21": "Alice Springs", "SA4_CODE21": "702", "SA4_NAME21": "Northern Territory - Outback", "GCC_CODE21": "7RNTE", "GCC_NAME21": "Rest of NT", "STE_CODE21": "7", "STE_NAME21": "Northern Territory", "AUS_CODE21": "AUS", "AUS_NAME21": "Australia", "AREASQKM21": 16.693, "LOCI_URI21": "http://linked.data.gov.au/dataset/asgsed3/SA2/702011045", "Group": "Total_domestic_undergrad", "Australian Catholic University": 0.0, "Avondale University": 0.0, "Bond University": 0.0, "CQUniversity": 0.0, "Charles Darwin University": 0.0, "Charles Sturt University": 0.0, "Curtin University": 0.0, "Deakin University": 0.0, "Edith Cowan University": 2.0, "Federation University Australia": 0.0, "Flinders University": 2.0, "Griffith University": 0.0, "James Cook University": 2.0, "Macquarie University": 0.0, "Monash University": 0.0, "Murdoch University": 0.0, "Queensland University of Technology": 2.0, "RMIT University": 2.0, "Southern Cross University": 0.0, "Swinburne University of Technology": 0.0, "The Australian National University": 2.0, "The University of Adelaide": 2.0, "The University of Melbourne": 2.0, "The University of New England": 0.0, "The University of Newcastle": 0.0, "The University of Notre Dame Australia": 0.0, "The University of Queensland": 2.0, "The University of Sydney": 0.0, "The University of Western Australia": 0.0, "Torrens University Australia": 0.0, "University of Canberra": 0.0, "University of Divinity": 0.0, "University of New South Wales": 2.0, "University of South Australia": 2.0, "University of Southern Queensland": 0.0, "University of Tasmania": 0.0, "University of Technology Sydney": 0.0, "University of Wollongong": 0.0, "University of the Sunshine Coast": 2.0, "Victoria University": 0.0, "Western Sydney University": 0.0, "id": 702011045, "name": "Charles" }, "geometry": { "type": "Polygon", "coordinates": [ [ [ 133.8552, -23.68486 ], [ 133.85936, -23.68792 ], [ 133.85846, -23.68891 ], [ 133.86044, -23.69034 ], [ 133.85956, -23.69213 ], [ 133.86086, -23.69269 ], [ 133.86087, -23.69318 ], [ 133.86177, -23.69319 ], [ 133.86139, -23.69482 ], [ 133.86219, -23.69502 ], [ 133.86286, -23.69595 ], [ 133.86282, -23.69603 ], [ 133.86293, -23.69637 ], [ 133.86276, -23.69736 ], [ 133.86336, -23.69761 ], [ 133.86407, -23.69818 ], [ 133.86552, -23.6989 ], [ 133.86568, -23.69893 ], [ 133.86576, -23.69865 ], [ 133.8662, -23.69863 ], [ 133.86682, -23.69895 ], [ 133.86686, -23.6991 ], [ 133.86674, -23.69924 ], [ 133.86669, -23.69973 ], [ 133.86827, -23.7 ], [ 133.8689, -23.70027 ], [ 133.86863, -23.70086 ], [ 133.87042, -23.7016 ], [ 133.87522, -23.7017 ], [ 133.87543, -23.70147 ], [ 133.87629, -23.70108 ], [ 133.87583, -23.702 ], [ 133.87621, -23.70227 ], [ 133.87605, -23.70282 ], [ 133.87756, -23.70343 ], [ 133.87819, -23.70345 ], [ 133.88043, -23.70438 ], [ 133.87965, -23.70548 ], [ 133.88058, -23.70603 ], [ 133.88045, -23.70633 ], [ 133.88176, -23.70773 ], [ 133.88206, -23.70755 ], [ 133.88394, -23.70414 ], [ 133.88492, -23.70378 ], [ 133.88504, -23.70351 ], [ 133.88506, -23.70314 ], [ 133.88621, -23.70079 ], [ 133.88647, -23.69739 ], [ 133.8862, -23.69735 ], [ 133.8862, -23.69318 ], [ 133.88601, -23.69233 ], [ 133.88609, -23.69231 ], [ 133.88572, -23.69091 ], [ 133.88555, -23.69087 ], [ 133.88546, -23.68867 ], [ 133.88714, -23.6844 ], [ 133.89702, -23.68439 ], [ 133.89703, -23.66478 ], [ 133.89438, -23.66477 ], [ 133.89437, -23.66023 ], [ 133.85531, -23.66028 ], [ 133.85531, -23.6648 ], [ 133.85233, -23.67761 ], [ 133.85254, -23.67873 ], [ 133.85326, -23.68008 ], [ 133.85378, -23.68167 ], [ 133.8544, -23.68253 ], [ 133.85479, -23.68296 ], [ 133.85486, -23.68398 ], [ 133.8552, -23.68486 ] ] ] } },
{ "type": "Feature", "properties": { "SA2_CODE21": 702011046, "SA2_NAME21": "East Side", "CHG_FLAG21": "0", "CHG_LBL21": "No change", "SA3_CODE21": "70201", "SA3_NAME21": "Alice Springs", "SA4_CODE21": "702", "SA4_NAME21": "Northern Territory - Outback", "GCC_CODE21": "7RNTE", "GCC_NAME21": "Rest of NT", "STE_CODE21": "7", "STE_NAME21": "Northern Territory", "AUS_CODE21": "AUS", "AUS_NAME21": "Australia", "AREASQKM21": 25.7669, "LOCI_URI21": "http://linked.data.gov.au/dataset/asgsed3/SA2/702011046", "Group": "Total_domestic_undergrad", "Australian Catholic University": 0.0, "Avondale University": 0.0, "Bond University": 0.0, "CQUniversity": 0.0, "Charles Darwin University": 2.0, "Charles Sturt University": 0.0, "Curtin University": 0.0, "Deakin University": 0.0, "Edith Cowan University": 0.0, "Federation University Australia": 0.0, "Flinders University": 7.0, "Griffith University": 0.0, "James Cook University": 2.0, "Macquarie University": 0.0, "Monash University": 2.0, "Murdoch University": 0.0, "Queensland University of Technology": 0.0, "RMIT University": 2.0, "Southern Cross University": 0.0, "Swinburne University of Technology": 0.0, "The Australian National University": 2.0, "The University of Adelaide": 6.0, "The University of Melbourne": 13.0, "The University of New England": 0.0, "The University of Newcastle": 0.0, "The University of Notre Dame Australia": 0.0, "The University of Queensland": 2.0, "The University of Sydney": 0.0, "The University of Western Australia": 0.0, "Torrens University Australia": 0.0, "University of Canberra": 2.0, "University of Divinity": 0.0, "University of New South Wales": 0.0, "University of South Australia": 2.0, "University of Southern Queensland": 0.0, "University of Tasmania": 0.0, "University of Technology Sydney": 0.0, "University of Wollongong": 0.0, "University of the Sunshine Coast": 0.0, "Victoria University": 0.0, "Western Sydney University": 0.0, "id": 702011046, "name": "East Side" }, "geometry": { "type": "Polygon", "coordinates": [ [ [ 133.88572, -23.69091 ], [ 133.88609, -23.69231 ], [ 133.88601, -23.69233 ], [ 133.8862, -23.69318 ], [ 133.8862, -23.69735 ], [ 133.88647, -23.69739 ], [ 133.88621, -23.70079 ], [ 133.88506, -23.70314 ], [ 133.88504, -23.70351 ], [ 133.88492, -23.70378 ], [ 133.88689, -23.70447 ], [ 133.88642, -23.70697 ], [ 133.88581, -23.70796 ], [ 133.88565, -23.70872 ], [ 133.88695, -23.70898 ], [ 133.88869, -23.70912 ], [ 133.88883, -23.70934 ], [ 133.88854, -23.70935 ], [ 133.88953, -23.71176 ], [ 133.88968, -23.71308 ], [ 133.89086, -23.71313 ], [ 133.89322, -23.71434 ], [ 133.89736, -23.71526 ], [ 133.90032, -23.71399 ], [ 133.90061, -23.71406 ], [ 133.90112, -23.71366 ], [ 133.90249, -23.71371 ], [ 133.90297, -23.71173 ], [ 133.90261, -23.71167 ], [ 133.90262, -23.71136 ], [ 133.90305, -23.71128 ], [ 133.9028, -23.71093 ], [ 133.90226, -23.71085 ], [ 133.90197, -23.71039 ], [ 133.91621, -23.70982 ], [ 133.92617, -23.70823 ], [ 133.92837, -23.70888 ], [ 133.94043, -23.71071 ], [ 133.94042, -23.66481 ], [ 133.89703, -23.66478 ], [ 133.89702, -23.68439 ], [ 133.88714, -23.6844 ], [ 133.88546, -23.68867 ], [ 133.88555, -23.69087 ], [ 133.88572, -23.69091 ] ] ] } },
{ "type": "Feature", "properties": { "SA2_CODE21": 702011047, "SA2_NAME21": "Flynn (NT)", "CHG_FLAG21": "0", "CHG_LBL21": "No change", "SA3_CODE21": "70201", "SA3_NAME21": "Alice Springs", "SA4_CODE21": "702", "SA4_NAME21": "Northern Territory - Outback", "GCC_CODE21": "7RNTE", "GCC_NAME21": "Rest of NT", "STE_CODE21": "7", "STE_NAME21": "Northern Territory", "AUS_CODE21": "AUS", "AUS_NAME21": "Australia", "AREASQKM21": 17.0626, "LOCI_URI21": "http://linked.data.gov.au/dataset/asgsed3/SA2/702011047", "Group": "Total_domestic_undergrad", "Australian Catholic University": 0.0, "Avondale University": 0.0, "Bond University": 0.0, "CQUniversity": 0.0, "Charles Darwin University": 2.0, "Charles Sturt University": 0.0, "Curtin University": 0.0, "Deakin University": 2.0, "Edith Cowan University": 0.0, "Federation University Australia": 2.0, "Flinders University": 2.0, "Griffith University": 0.0, "James Cook University": 0.0, "Macquarie University": 2.0, "Monash University": 0.0, "Murdoch University": 0.0, "Queensland University of Technology": 2.0, "RMIT University": 2.0, "Southern Cross University": 0.0, "Swinburne University of Technology": 0.0, "The Australian National University": 2.0, "The University of Adelaide": 5.0, "The University of Melbourne": 2.0, "The University of New England": 0.0, "The University of Newcastle": 0.0, "The University of Notre Dame Australia": 0.0, "The University of Queensland": 2.0, "The University of Sydney": 0.0, "The University of Western Australia": 0.0, "Torrens University Australia": 0.0, "University of Canberra": 0.0, "University of Divinity": 0.0, "University of New South Wales": 0.0, "University of South Australia": 2.0, "University of Southern Queensland": 0.0, "University of Tasmania": 0.0, "University of Technology Sydney": 2.0, "University of Wollongong": 2.0, "University of the Sunshine Coast": 0.0, "Victoria University": 0.0, "Western Sydney University": 0.0, "id": 702011047, "name": "Flynn (NT)" }, "geometry": { "type": "Polygon", "coordinates": [ [ [ 133.85606, -23.7093 ], [ 133.85405, -23.71004 ], [ 133.85354, -23.70884 ], [ 133.85326, -23.70695 ], [ 133.85324, -23.70614 ], [ 133.85291, -23.70612 ], [ 133.85197, -23.70547 ], [ 133.84982, -23.70451 ], [ 133.84804, -23.70313 ], [ 133.84646, -23.70265 ], [ 133.84532, -23.70071 ], [ 133.84279, -23.69892 ], [ 133.84327, -23.69799 ], [ 133.84282, -23.69782 ], [ 133.84143, -23.69753 ], [ 133.84036, -23.69754 ], [ 133.83962, -23.69766 ], [ 133.83652, -23.69848 ], [ 133.83437, -23.69878 ], [ 133.82365, -23.69842 ], [ 133.82275, -23.69835 ], [ 133.81509, -23.69677 ], [ 133.81154, -23.69564 ], [ 133.81171, -23.70937 ], [ 133.81167, -23.72489 ], [ 133.84912, -23.72637 ], [ 133.84907, -23.72753 ], [ 133.85245, -23.72774 ], [ 133.85531, -23.72852 ], [ 133.8568, -23.72744 ], [ 133.86002, -23.72772 ], [ 133.86103, -23.72826 ], [ 133.86152, -23.72729 ], [ 133.86282, -23.72785 ], [ 133.86307, -23.72745 ], [ 133.86438, -23.72808 ], [ 133.86535, -23.7265 ], [ 133.86557, -23.72601 ], [ 133.86573, -23.7255 ], [ 133.86575, -23.7249 ], [ 133.86605, -23.72291 ], [ 133.86686, -23.72064 ], [ 133.869, -23.71634 ], [ 133.86951, -23.71665 ], [ 133.87546, -23.70463 ], [ 133.87621, -23.70227 ], [ 133.87583, -23.702 ], [ 133.87629, -23.70108 ], [ 133.87543, -23.70147 ], [ 133.87522, -23.7017 ], [ 133.87042, -23.7016 ], [ 133.86801, -23.7006 ], [ 133.86499, -23.7003 ], [ 133.86484, -23.70168 ], [ 133.86483, -23.70523 ], [ 133.85846, -23.70519 ], [ 133.85713, -23.70388 ], [ 133.8563, -23.70442 ], [ 133.85556, -23.70473 ], [ 133.85562, -23.70491 ], [ 133.85559, -23.70689 ], [ 133.85567, -23.70836 ], [ 133.85606, -23.7093 ] ] ] } },
{ "type": "Feature", "properties": { "SA2_CODE21": 702011048, "SA2_NAME21": "Larapinta", "CHG_FLAG21": "0", "CHG_LBL21": "No change", "SA3_CODE21": "70201", "SA3_NAME21": "Alice Springs", "SA4_CODE21": "702", "SA4_NAME21": "Northern Territory - Outback", "GCC_CODE21": "7RNTE", "GCC_NAME21": "Rest of NT", "STE_CODE21": "7", "STE_NAME21": "Northern Territory", "AUS_CODE21": "AUS", "AUS_NAME21": "Australia", "AREASQKM21": 58.5557, "LOCI_URI21": "http://linked.data.gov.au/dataset/asgsed3/SA2/702011048", "Group": "Total_domestic_undergrad", "Australian Catholic University": 2.0, "Avondale University": 0.0, "Bond University": 0.0, "CQUniversity": 0.0, "Charles Darwin University": 2.0, "Charles Sturt University": 0.0, "Curtin University": 0.0, "Deakin University": 2.0, "Edith Cowan University": 0.0, "Federation University Australia": 0.0, "Flinders University": 2.0, "Griffith University": 0.0, "James Cook University": 2.0, "Macquarie University": 0.0, "Monash University": 2.0, "Murdoch University": 0.0, "Queensland University of Technology": 2.0, "RMIT University": 0.0, "Southern Cross University": 0.0, "Swinburne University of Technology": 0.0, "The Australian National University": 2.0, "The University of Adelaide": 2.0, "The University of Melbourne": 2.0, "The University of New England": 0.0, "The University of Newcastle": 2.0, "The University of Notre Dame Australia": 2.0, "The University of Queensland": 2.0, "The University of Sydney": 2.0, "The University of Western Australia": 0.0, "Torrens University Australia": 0.0, "University of Canberra": 0.0, "University of Divinity": 0.0, "University of New South Wales": 2.0, "University of South Australia": 0.0, "University of Southern Queensland": 0.0, "University of Tasmania": 0.0, "University of Technology Sydney": 0.0, "University of Wollongong": 2.0, "University of the Sunshine Coast": 2.0, "Victoria University": 0.0, "Western Sydney University": 0.0, "id": 702011048, "name": "Larapinta" }, "geometry": { "type": "Polygon", "coordinates": [ [ [ 133.8412, -23.69751 ], [ 133.84234, -23.69768 ], [ 133.84327, -23.69799 ], [ 133.84279, -23.69892 ], [ 133.84532, -23.70071 ], [ 133.84646, -23.70265 ], [ 133.84804, -23.70313 ], [ 133.84982, -23.70451 ], [ 133.85197, -23.70547 ], [ 133.85291, -23.70612 ], [ 133.85324, -23.70614 ], [ 133.85326, -23.70695 ], [ 133.85354, -23.70884 ], [ 133.85405, -23.71004 ], [ 133.85606, -23.7093 ], [ 133.85567, -23.70836 ], [ 133.85559, -23.70689 ], [ 133.85562, -23.70491 ], [ 133.85556, -23.70473 ], [ 133.8563, -23.70442 ], [ 133.85713, -23.70388 ], [ 133.85846, -23.70519 ], [ 133.86483, -23.70523 ], [ 133.86484, -23.70168 ], [ 133.86499, -23.7003 ], [ 133.86801, -23.7006 ], [ 133.86863, -23.70086 ], [ 133.8689, -23.70027 ], [ 133.86827, -23.7 ], [ 133.86669, -23.69973 ], [ 133.86674, -23.69924 ], [ 133.86686, -23.6991 ], [ 133.86682, -23.69895 ], [ 133.8662, -23.69863 ], [ 133.86576, -23.69865 ], [ 133.86568, -23.69893 ], [ 133.86552, -23.6989 ], [ 133.86407, -23.69818 ], [ 133.86336, -23.69761 ], [ 133.86276, -23.69736 ], [ 133.86293, -23.69637 ], [ 133.86282, -23.69603 ], [ 133.86286, -23.69595 ], [ 133.86219, -23.69502 ], [ 133.86139, -23.69482 ], [ 133.86177, -23.69319 ], [ 133.86087, -23.69318 ], [ 133.86086, -23.69269 ], [ 133.85956, -23.69213 ], [ 133.86044, -23.69034 ], [ 133.85846, -23.68891 ], [ 133.85936, -23.68792 ], [ 133.8552, -23.68486 ], [ 133.85486, -23.68398 ], [ 133.85479, -23.68296 ], [ 133.8544, -23.68253 ], [ 133.85378, -23.68167 ], [ 133.85326, -23.68008 ], [ 133.85254, -23.67873 ], [ 133.85233, -23.67761 ], [ 133.85531, -23.6648 ], [ 133.85531, -23.66028 ], [ 133.89437, -23.66023 ], [ 133.89438, -23.66477 ], [ 133.91952, -23.66479 ], [ 133.91951, -23.63049 ], [ 133.8108, -23.63049 ], [ 133.81154, -23.69564 ], [ 133.81509, -23.69677 ], [ 133.82275, -23.69835 ], [ 133.82365, -23.69842 ], [ 133.83437, -23.69878 ], [ 133.83652, -23.69848 ], [ 133.83999, -23.69759 ], [ 133.8412, -23.69751 ] ] ] } },
{ "type": "Feature", "properties": { "SA2_CODE21": 702011049, "SA2_NAME21": "Mount Johns", "CHG_FLAG21": "0", "CHG_LBL21": "No change", "SA3_CODE21": "70201", "SA3_NAME21": "Alice Springs", "SA4_CODE21": "702", "SA4_NAME21": "Northern Territory - Outback", "GCC_CODE21": "7RNTE", "GCC_NAME21": "Rest of NT", "STE_CODE21": "7", "STE_NAME21": "Northern Territory", "AUS_CODE21": "AUS", "AUS_NAME21": "Australia", "AREASQKM21": 18.9529, "LOCI_URI21": "http://linked.data.gov.au/dataset/asgsed3/SA2/702011049", "Group": "Total_domestic_undergrad", "Australian Catholic University": 2.0, "Avondale University": 0.0, "Bond University": 0.0, "CQUniversity": 0.0, "Charles Darwin University": 0.0, "Charles Sturt University": 0.0, "Curtin University": 2.0, "Deakin University": 2.0, "Edith Cowan University": 0.0, "Federation University Australia": 0.0, "Flinders University": 0.0, "Griffith University": 2.0, "James Cook University": 2.0, "Macquarie University": 0.0, "Monash University": 0.0, "Murdoch University": 0.0, "Queensland University of Technology": 2.0, "RMIT University": 0.0, "Southern Cross University": 0.0, "Swinburne University of Technology": 0.0, "The Australian National University": 2.0, "The University of Adelaide": 2.0, "The University of Melbourne": 0.0, "The University of New England": 0.0, "The University of Newcastle": 2.0, "The University of Notre Dame Australia": 0.0, "The University of Queensland": 2.0, "The University of Sydney": 0.0, "The University of Western Australia": 0.0, "Torrens University Australia": 2.0, "University of Canberra": 0.0, "University of Divinity": 0.0, "University of New South Wales": 0.0, "University of South Australia": 0.0, "University of Southern Queensland": 0.0, "University of Tasmania": 2.0, "University of Technology Sydney": 0.0, "University of Wollongong": 0.0, "University of the Sunshine Coast": 2.0, "Victoria University": 2.0, "Western Sydney University": 0.0, "id": 702011049, "name": "Mount Johns" }, "geometry": { "type": "Polygon", "coordinates": [ [ [ 133.86951, -23.71665 ], [ 133.869, -23.71634 ], [ 133.86686, -23.72064 ], [ 133.86605, -23.72291 ], [ 133.86572, -23.72519 ], [ 133.88027, -23.73011 ], [ 133.89338, -23.73196 ], [ 133.89704, -23.73214 ], [ 133.94046, -23.73787 ], [ 133.94043, -23.71071 ], [ 133.92837, -23.70888 ], [ 133.92617, -23.70823 ], [ 133.91621, -23.70982 ], [ 133.90197, -23.71039 ], [ 133.90226, -23.71085 ], [ 133.9028, -23.71093 ], [ 133.90305, -23.71128 ], [ 133.90262, -23.71136 ], [ 133.90261, -23.71167 ], [ 133.90297, -23.71173 ], [ 133.90249, -23.71371 ], [ 133.90112, -23.71366 ], [ 133.90061, -23.71406 ], [ 133.90032, -23.71399 ], [ 133.89736, -23.71526 ], [ 133.89322, -23.71434 ], [ 133.89086, -23.71313 ], [ 133.88968, -23.71308 ], [ 133.88953, -23.71176 ], [ 133.88854, -23.70935 ], [ 133.88883, -23.70934 ], [ 133.88869, -23.70912 ], [ 133.88695, -23.70898 ], [ 133.88565, -23.70872 ], [ 133.88581, -23.70796 ], [ 133.88642, -23.70697 ], [ 133.88689, -23.70447 ], [ 133.88492, -23.70378 ], [ 133.88394, -23.70414 ], [ 133.88206, -23.70755 ], [ 133.88176, -23.70773 ], [ 133.88045, -23.70633 ], [ 133.88058, -23.70603 ], [ 133.87965, -23.70548 ], [ 133.88043, -23.70438 ], [ 133.87819, -23.70345 ], [ 133.87756, -23.70343 ], [ 133.87605, -23.70282 ], [ 133.87546, -23.70463 ], [ 133.86951, -23.71665 ] ] ] } },
{ "type": "Feature", "properties": { "SA2_CODE21": 702011050, "SA2_NAME21": "Petermann - Simpson", "CHG_FLAG21": "0", "CHG_LBL21": "No change", "SA3_CODE21": "70201", "SA3_NAME21": "Alice Springs", "SA4_CODE21": "702", "SA4_NAME21": "Northern Territory - Outback", "GCC_CODE21": "7RNTE", "GCC_NAME21": "Rest of NT", "STE_CODE21": "7", "STE_NAME21": "Northern Territory", "AUS_CODE21": "AUS", "AUS_NAME21": "Australia", "AREASQKM21": 175248.1135, "LOCI_URI21": "http://linked.data.gov.au/dataset/asgsed3/SA2/702011050", "Group": "Total_domestic_undergrad", "Australian Catholic University": 0.0, "Avondale University": 0.0, "Bond University": 0.0, "CQUniversity": 0.0, "Charles Darwin University": 2.0, "Charles Sturt University": 0.0, "Curtin University": 0.0, "Deakin University": 0.0, "Edith Cowan University": 0.0, "Federation University Australia": 0.0, "Flinders University": 0.0, "Griffith University": 0.0, "James Cook University": 0.0, "Macquarie University": 0.0, "Monash University": 0.0, "Murdoch University": 0.0, "Queensland University of Technology": 0.0, "RMIT University": 0.0, "Southern Cross University": 0.0, "Swinburne University of Technology": 0.0, "The Australian National University": 0.0, "The University of Adelaide": 0.0, "The University of Melbourne": 0.0, "The University of New England": 0.0, "The University of Newcastle": 0.0, "The University of Notre Dame Australia": 0.0, "The University of Queensland": 0.0, "The University of Sydney": 0.0, "The University of Western Australia": 0.0, "Torrens University Australia": 0.0, "University of Canberra": 0.0, "University of Divinity": 0.0, "University of New South Wales": 0.0, "University of South Australia": 0.0, "University of Southern Queensland": 0.0, "University of Tasmania": 0.0, "University of Technology Sydney": 0.0, "University of Wollongong": 0.0, "University of the Sunshine Coast": 0.0, "Victoria University": 0.0, "Western Sydney University": 0.0, "id": 702011050, "name": "Petermann - Simpson" }, "geometry": { "type": "Polygon", "coordinates": [ [ [ 129.00058, -25.99859 ], [ 137.99906, -25.99685 ], [ 137.99876, -23.87195 ], [ 137.68205, -23.87023 ], [ 136.84424, -23.88692 ], [ 136.61087, -23.88694 ], [ 135.99757, -24.1988 ], [ 136.00125, -24.78604 ], [ 135.62393, -24.786 ], [ 135.62394, -24.49988 ], [ 134.81288, -24.49991 ], [ 134.81288, -24.65966 ], [ 134.76931, -24.65967 ], [ 134.73958, -24.67028 ], [ 134.52222, -24.70878 ], [ 134.28548, -24.65968 ], [ 134.28542, -25.01865 ], [ 133.81492, -25.01865 ], [ 133.81453, -24.80277 ], [ 133.8148, -24.7977 ], [ 133.81912, -24.79494 ], [ 133.81495, -24.79184 ], [ 133.81511, -24.76395 ], [ 133.75046, -24.76385 ], [ 133.75045, -24.50062 ], [ 133.37121, -24.49931 ], [ 133.37153, -24.35376 ], [ 133.17845, -24.35376 ], [ 133.17847, -24.13515 ], [ 132.89877, -24.13516 ], [ 132.89878, -24.27544 ], [ 132.74039, -24.27544 ], [ 132.74036, -24.13517 ], [ 129.00055, -24.13744 ], [ 129.00058, -25.99859 ] ] ] } },
{ "type": "Feature", "properties": { "SA2_CODE21": 702011051, "SA2_NAME21": "Ross", "CHG_FLAG21": "0", "CHG_LBL21": "No change", "SA3_CODE21": "70201", "SA3_NAME21": "Alice Springs", "SA4_CODE21": "702", "SA4_NAME21": "Northern Territory - Outback", "GCC_CODE21": "7RNTE", "GCC_NAME21": "Rest of NT", "STE_CODE21": "7", "STE_NAME21": "Northern Territory", "AUS_CODE21": "AUS", "AUS_NAME21": "Australia", "AREASQKM21": 190.6821, "LOCI_URI21": "http://linked.data.gov.au/dataset/asgsed3/SA2/702011051", "Group": "Total_domestic_undergrad", "Australian Catholic University": 0.0, "Avondale University": 0.0, "Bond University": 0.0, "CQUniversity": 0.0, "Charles Darwin University": 2.0, "Charles Sturt University": 0.0, "Curtin University": 0.0, "Deakin University": 0.0, "Edith Cowan University": 0.0, "Federation University Australia": 0.0, "Flinders University": 2.0, "Griffith University": 2.0, "James Cook University": 0.0, "Macquarie University": 0.0, "Monash University": 0.0, "Murdoch University": 2.0, "Queensland University of Technology": 0.0, "RMIT University": 0.0, "Southern Cross University": 0.0, "Swinburne University of Technology": 0.0, "The Australian National University": 0.0, "The University of Adelaide": 2.0, "The University of Melbourne": 0.0, "The University of New England": 0.0, "The University of Newcastle": 0.0, "The University of Notre Dame Australia": 0.0, "The University of Queensland": 0.0, "The University of Sydney": 0.0, "The University of Western Australia": 0.0, "Torrens University Australia": 0.0, "University of Canberra": 0.0, "University of Divinity": 0.0, "University of New South Wales": 0.0, "University of South Australia": 2.0, "University of Southern Queensland": 0.0, "University of Tasmania": 0.0, "University of Technology Sydney": 0.0, "University of Wollongong": 0.0, "University of the Sunshine Coast": 0.0, "Victoria University": 0.0, "Western Sydney University": 0.0, "id": 702011051, "name": "Ross" }, "geometry": { "type": "Polygon", "coordinates": [ [ [ 133.8568, -23.72744 ], [ 133.85531, -23.72852 ], [ 133.84907, -23.72753 ], [ 133.84912, -23.72637 ], [ 133.81172, -23.72456 ], [ 133.7819, -23.72457 ], [ 133.72599, -23.74754 ], [ 133.72598, -23.77609 ], [ 133.74124, -23.77377 ], [ 133.74139, -23.78711 ], [ 133.75722, -23.78293 ], [ 133.75722, -23.80654 ], [ 133.75631, -23.8134 ], [ 133.8455, -23.81345 ], [ 133.86864, -23.79341 ], [ 133.87192, -23.79202 ], [ 133.88328, -23.83152 ], [ 133.94043, -23.83148 ], [ 133.94044, -23.78099 ], [ 133.9207, -23.78101 ], [ 133.92067, -23.76669 ], [ 133.92017, -23.76417 ], [ 133.92162, -23.76178 ], [ 133.92162, -23.75568 ], [ 133.94043, -23.75569 ], [ 133.94046, -23.73787 ], [ 133.88027, -23.73011 ], [ 133.86572, -23.72519 ], [ 133.86438, -23.72808 ], [ 133.86152, -23.72729 ], [ 133.86103, -23.72826 ], [ 133.8568, -23.72744 ] ] ] } },
{ "type": "Feature", "properties": { "SA2_CODE21": 702021056, "SA2_NAME21": "Tennant Creek", "CHG_FLAG21": "0", "CHG_LBL21": "No change", "SA3_CODE21": "70202", "SA3_NAME21": "Barkly", "SA4_CODE21": "702", "SA4_NAME21": "Northern Territory - Outback", "GCC_CODE21": "7RNTE", "GCC_NAME21": "Rest of NT", "STE_CODE21": "7", "STE_NAME21": "Northern Territory", "AUS_CODE21": "AUS", "AUS_NAME21": "Australia", "AREASQKM21": 42.0605, "LOCI_URI21": "http://linked.data.gov.au/dataset/asgsed3/SA2/702021056", "Group": "Total_domestic_undergrad", "Australian Catholic University": 0.0, "Avondale University": 0.0, "Bond University": 0.0, "CQUniversity": 0.0, "Charles Darwin University": 0.0, "Charles Sturt University": 0.0, "Curtin University": 0.0, "Deakin University": 0.0, "Edith Cowan University": 0.0, "Federation University Australia": 0.0, "Flinders University": 0.0, "Griffith University": 0.0, "James Cook University": 0.0, "Macquarie University": 0.0, "Monash University": 0.0, "Murdoch University": 0.0, "Queensland University of Technology": 2.0, "RMIT University": 0.0, "Southern Cross University": 0.0, "Swinburne University of Technology": 0.0, "The Australian National University": 0.0, "The University of Adelaide": 0.0, "The University of Melbourne": 0.0, "The University of New England": 0.0, "The University of Newcastle": 0.0, "The University of Notre Dame Australia": 0.0, "The University of Queensland": 0.0, "The University of Sydney": 0.0, "The University of Western Australia": 0.0, "Torrens University Australia": 0.0, "University of Canberra": 0.0, "University of Divinity": 0.0, "University of New South Wales": 0.0, "University of South Australia": 0.0, "University of Southern Queensland": 0.0, "University of Tasmania": 0.0, "University of Technology Sydney": 0.0, "University of Wollongong": 0.0, "University of the Sunshine Coast": 0.0, "Victoria University": 0.0, "Western Sydney University": 0.0, "id": 702021056, "name": "Tennant Creek" }, "geometry": { "type": "Polygon", "coordinates": [ [ [ 134.15261, -19.62326 ], [ 134.15263, -19.6526 ], [ 134.15312, -19.65604 ], [ 134.15349, -19.65767 ], [ 134.15395, -19.65927 ], [ 134.15452, -19.66083 ], [ 134.15518, -19.66236 ], [ 134.15594, -19.66386 ], [ 134.15679, -19.66531 ], [ 134.15773, -19.66671 ], [ 134.15986, -19.66934 ], [ 134.17238, -19.68303 ], [ 134.17327, -19.68411 ], [ 134.17403, -19.68528 ], [ 134.17465, -19.68651 ], [ 134.17512, -19.6878 ], [ 134.17545, -19.68913 ], [ 134.17562, -19.69049 ], [ 134.17595, -19.69538 ], [ 134.18008, -19.69541 ], [ 134.17938, -19.6937 ], [ 134.17918, -19.69098 ], [ 134.18017, -19.68773 ], [ 134.2214, -19.67534 ], [ 134.22837, -19.67578 ], [ 134.22888, -19.66865 ], [ 134.22848, -19.65626 ], [ 134.22754, -19.65578 ], [ 134.22422, -19.65372 ], [ 134.21867, -19.65078 ], [ 134.21697, -19.64941 ], [ 134.21376, -19.64752 ], [ 134.2073, -19.63163 ], [ 134.2064, -19.63011 ], [ 134.20527, -19.62896 ], [ 134.20533, -19.62796 ], [ 134.20372, -19.62782 ], [ 134.20257, -19.62713 ], [ 134.20065, -19.62639 ], [ 134.20074, -19.62407 ], [ 134.19876, -19.62287 ], [ 134.19718, -19.6227 ], [ 134.19773, -19.62527 ], [ 134.1915, -19.62288 ], [ 134.1915, -19.62672 ], [ 134.15261, -19.62326 ] ] ] } },
{ "type": "Feature", "properties": { "SA2_CODE21": 702031057, "SA2_NAME21": "Alligator", "CHG_FLAG21": "0", "CHG_LBL21": "No change", "SA3_CODE21": "70203", "SA3_NAME21": "Daly - Tiwi - West Arnhem", "SA4_CODE21": "702", "SA4_NAME21": "Northern Territory - Outback", "GCC_CODE21": "7RNTE", "GCC_NAME21": "Rest of NT", "STE_CODE21": "7", "STE_NAME21": "Northern Territory", "AUS_CODE21": "AUS", "AUS_NAME21": "Australia", "AREASQKM21": 33100.6653, "LOCI_URI21": "http://linked.data.gov.au/dataset/asgsed3/SA2/702031057", "Group": "Total_domestic_undergrad", "Australian Catholic University": 0.0, "Avondale University": 0.0, "Bond University": 0.0, "CQUniversity": 0.0, "Charles Darwin University": 6.0, "Charles Sturt University": 0.0, "Curtin University": 0.0, "Deakin University": 0.0, "Edith Cowan University": 2.0, "Federation University Australia": 0.0, "Flinders University": 2.0, "Griffith University": 0.0, "James Cook University": 0.0, "Macquarie University": 0.0, "Monash University": 0.0, "Murdoch University": 0.0, "Queensland University of Technology": 2.0, "RMIT University": 2.0, "Southern Cross University": 0.0, "Swinburne University of Technology": 0.0, "The Australian National University": 0.0, "The University of Adelaide": 0.0, "The University of Melbourne": 0.0, "The University of New England": 0.0, "The University of Newcastle": 0.0, "The University of Notre Dame Australia": 0.0, "The University of Queensland": 2.0, "The University of Sydney": 2.0, "The University of Western Australia": 0.0, "Torrens University Australia": 0.0, "University of Canberra": 0.0, "University of Divinity": 0.0, "University of New South Wales": 0.0, "University of South Australia": 0.0, "University of Southern Queensland": 0.0, "University of Tasmania": 0.0, "University of Technology Sydney": 2.0, "University of Wollongong": 0.0, "University of the Sunshine Coast": 0.0, "Victoria University": 0.0, "Western Sydney University": 0.0, "id": 702031057, "name": "Alligator" }, "geometry": { "type": "MultiPolygon", "coordinates": [ [ [ [ 130.02172, -13.18026 ], [ 130.04111, -13.18316 ], [ 130.04353, -13.17751 ], [ 130.0472, -13.17592 ], [ 130.04485, -13.17825 ], [ 130.05414, -13.17726 ], [ 130.06812, -13.18243 ], [ 130.07376, -13.17869 ], [ 130.07501, -13.17123 ], [ 130.05767, -13.15205 ], [ 130.04913, -13.1506 ], [ 130.0346, -13.15481 ], [ 130.02767, -13.15086 ], [ 130.02085, -13.14071 ], [ 130.02473, -13.11979 ], [ 130.01849, -13.11121 ], [ 130.01678, -13.12478 ], [ 130.02172, -13.18026 ] ] ], [ [ [ 130.08557, -13.20499 ], [ 130.08501, -13.20986 ], [ 130.08581, -13.20725 ], [ 130.09761, -13.22124 ], [ 130.10835, -13.22359 ], [ 130.10961, -13.22009 ], [ 130.10463, -13.2114 ], [ 130.1077, -13.21026 ], [ 130.10103, -13.20112 ], [ 130.10194, -13.194 ], [ 130.09097, -13.19278 ], [ 130.08557, -13.20499 ] ] ], [ [ [ 132.33641, -12.09352 ], [ 132.34386, -12.09636 ], [ 132.35095, -12.10891 ], [ 132.36162, -12.11402 ], [ 132.3639, -12.11899 ], [ 132.36677, -12.11832 ], [ 132.36642, -12.12396 ], [ 132.38991, -12.13971 ], [ 132.40059, -12.14153 ], [ 132.41127, -12.13828 ], [ 132.42198, -12.12057 ], [ 132.41535, -12.10542 ], [ 132.41309, -12.08814 ], [ 132.4014, -12.07615 ], [ 132.37754, -12.07294 ], [ 132.36088, -12.08307 ], [ 132.34905, -12.08519 ], [ 132.33976, -12.08145 ], [ 132.33608, -12.08573 ], [ 132.33883, -12.09014 ], [ 132.33641, -12.09352 ] ] ], [ [ [ 131.35241, -12.09721 ], [ 131.34953, -12.09688 ], [ 131.34428, -12.10469 ], [ 131.34441, -12.10966 ], [ 131.34798, -12.11247 ], [ 131.35727, -12.10905 ], [ 131.35241, -12.09721 ] ] ], [ [ [ 132.35624, -12.15658 ], [ 132.35039, -12.1577 ], [ 132.3445, -12.17214 ], [ 132.34585, -12.18423 ], [ 132.35204, -12.18898 ], [ 132.35871, -12.18448 ], [ 132.36022, -12.17387 ], [ 132.35624, -12.15658 ] ] ], [ [ [ 130.36091, -12.66828 ], [ 130.36758, -12.67246 ], [ 130.37046, -12.66975 ], [ 130.35779, -12.6615 ], [ 130.36091, -12.66828 ] ] ], [ [ [ 130.73761, -12.71082 ], [ 130.70734, -12.7165 ], [ 130.70819, -12.72266 ], [ 130.6985, -12.72736 ], [ 130.69264, -12.73867 ], [ 130.68459, -12.74444 ], [ 130.68597, -12.74715 ], [ 130.69394, -12.74666 ], [ 130.68915, -12.75148 ], [ 130.67976, -12.74524 ], [ 130.68297, -12.73834 ], [ 130.69067, -12.73268 ], [ 130.68715, -12.72794 ], [ 130.66914, -12.72401 ], [ 130.66061, -12.71464 ], [ 130.64956, -12.71307 ], [ 130.64763, -12.71694 ], [ 130.64702, -12.71352 ], [ 130.64115, -12.7124 ], [ 130.6301, -12.71523 ], [ 130.62146, -12.70519 ], [ 130.6163, -12.71087 ], [ 130.62216, -12.71829 ], [ 130.63633, -12.72709 ], [ 130.63773, -12.74076 ], [ 130.63993, -12.73924 ], [ 130.64356, -12.74368 ], [ 130.63935, -12.7437 ], [ 130.63464, -12.75941 ], [ 130.62475, -12.7697 ], [ 130.62671, -12.77388 ], [ 130.6352, -12.77418 ], [ 130.62435, -12.77509 ], [ 130.62371, -12.76778 ], [ 130.62854, -12.75919 ], [ 130.6252, -12.75353 ], [ 130.62865, -12.75309 ], [ 130.63094, -12.74529 ], [ 130.62954, -12.72778 ], [ 130.61031, -12.72226 ], [ 130.60249, -12.7278 ], [ 130.60503, -12.7327 ], [ 130.59984, -12.72905 ], [ 130.60766, -12.71989 ], [ 130.59603, -12.71798 ], [ 130.59454, -12.72544 ], [ 130.58511, -12.73188 ], [ 130.59115, -12.73918 ], [ 130.58465, -12.73527 ], [ 130.57948, -12.7424 ], [ 130.57833, -12.73957 ], [ 130.56992, -12.74376 ], [ 130.56949, -12.73986 ], [ 130.58074, -12.73392 ], [ 130.58326, -12.71923 ], [ 130.57266, -12.70771 ], [ 130.56724, -12.70636 ], [ 130.56034, -12.70964 ], [ 130.56104, -12.71721 ], [ 130.55862, -12.71857 ], [ 130.55986, -12.70487 ], [ 130.55728, -12.70198 ], [ 130.54222, -12.71313 ], [ 130.54267, -12.71691 ], [ 130.53825, -12.71351 ], [ 130.53577, -12.71901 ], [ 130.53589, -12.71339 ], [ 130.52063, -12.70348 ], [ 130.51142, -12.71024 ], [ 130.51545, -12.72267 ], [ 130.52685, -12.72209 ], [ 130.53111, -12.72492 ], [ 130.52525, -12.7343 ], [ 130.52951, -12.74085 ], [ 130.5338, -12.73966 ], [ 130.53101, -12.74215 ], [ 130.52767, -12.74017 ], [ 130.52433, -12.73407 ], [ 130.52939, -12.72503 ], [ 130.51753, -12.7256 ], [ 130.52064, -12.73317 ], [ 130.51732, -12.74199 ], [ 130.51917, -12.75012 ], [ 130.5164, -12.74594 ], [ 130.51539, -12.74049 ], [ 130.51822, -12.73148 ], [ 130.50613, -12.71499 ], [ 130.50119, -12.71795 ], [ 130.51831, -12.69136 ], [ 130.51842, -12.68086 ], [ 130.51358, -12.66775 ], [ 130.50886, -12.66436 ], [ 130.49211, -12.66727 ], [ 130.49095, -12.66196 ], [ 130.47172, -12.65045 ], [ 130.46089, -12.63916 ], [ 130.44467, -12.6455 ], [ 130.43856, -12.63364 ], [ 130.42787, -12.64303 ], [ 130.42028, -12.64541 ], [ 130.42455, -12.65694 ], [ 130.41416, -12.66451 ], [ 130.40959, -12.6635 ], [ 130.41281, -12.65559 ], [ 130.39359, -12.66227 ], [ 130.39832, -12.67143 ], [ 130.39648, -12.68013 ], [ 130.40259, -12.6868 ], [ 130.40555, -12.68532 ], [ 130.40726, -12.69301 ], [ 130.40412, -12.70146 ], [ 130.38969, -12.685 ], [ 130.37887, -12.67766 ], [ 130.37249, -12.68202 ], [ 130.3738, -12.67856 ], [ 130.36471, -12.67766 ], [ 130.35273, -12.66953 ], [ 130.34768, -12.68853 ], [ 130.34632, -12.71521 ], [ 130.35392, -12.72549 ], [ 130.35623, -12.73476 ], [ 130.35199, -12.76314 ], [ 130.35602, -12.77534 ], [ 130.35281, -12.79536 ], [ 130.35835, -12.80722 ], [ 130.34755, -12.84815 ], [ 130.33317, -12.88106 ], [ 130.33893, -12.88467 ], [ 130.33871, -12.88931 ], [ 130.31452, -12.90244 ], [ 130.30289, -12.91657 ], [ 130.27951, -12.93252 ], [ 130.24713, -12.94836 ], [ 130.22142, -12.94933 ], [ 130.2053, -12.94237 ], [ 130.19169, -12.92536 ], [ 130.19377, -12.91049 ], [ 130.18606, -12.91433 ], [ 130.1758, -12.91026 ], [ 130.1591, -12.92921 ], [ 130.14112, -12.93344 ], [ 130.13927, -12.95039 ], [ 130.1297, -12.96532 ], [ 130.1282, -12.97368 ], [ 130.13027, -12.98216 ], [ 130.138, -12.98533 ], [ 130.1412, -13.00065 ], [ 130.1302, -13.02871 ], [ 130.1284, -13.04963 ], [ 130.12016, -13.07937 ], [ 130.12029, -13.08976 ], [ 130.13406, -13.10747 ], [ 130.11889, -13.13339 ], [ 130.11711, -13.16616 ], [ 130.13052, -13.17653 ], [ 130.15382, -13.17364 ], [ 130.16306, -13.1769 ], [ 130.22521, -13.24918 ], [ 130.23057, -13.26973 ], [ 130.2393, -13.28195 ], [ 130.70507, -13.28055 ], [ 130.70918, -13.29494 ], [ 130.71866, -13.29833 ], [ 130.72547, -13.29483 ], [ 130.73013, -13.30042 ], [ 130.73528, -13.3241 ], [ 130.74643, -13.33487 ], [ 130.74616, -13.34603 ], [ 130.75236, -13.34952 ], [ 130.7529, -13.38806 ], [ 130.76194, -13.39409 ], [ 130.75449, -13.40531 ], [ 130.77607, -13.42633 ], [ 130.77761, -13.4333 ], [ 130.78078, -13.43342 ], [ 130.79381, -13.45191 ], [ 130.80358, -13.48467 ], [ 130.81305, -13.49268 ], [ 130.81305, -13.51979 ], [ 130.80784, -13.52575 ], [ 130.83209, -13.5268 ], [ 130.84072, -13.53996 ], [ 130.84599, -13.54211 ], [ 130.87039, -13.53811 ], [ 130.87281, -13.52982 ], [ 130.88678, -13.52155 ], [ 130.89154, -13.51151 ], [ 130.90345, -13.50206 ], [ 130.91529, -13.50341 ], [ 130.90792, -13.47228 ], [ 130.92094, -13.42488 ], [ 130.93296, -13.41127 ], [ 130.94992, -13.41194 ], [ 130.95389, -13.41927 ], [ 130.9804, -13.43631 ], [ 130.98955, -13.4346 ], [ 130.99371, -13.44292 ], [ 131.01346, -13.44233 ], [ 131.01347, -13.48884 ], [ 131.24401, -13.48885 ], [ 131.2432, -13.3485 ], [ 131.26825, -13.37296 ], [ 131.32349, -13.41093 ], [ 131.34159, -13.43635 ], [ 131.35236, -13.43935 ], [ 131.35236, -13.24793 ], [ 131.85455, -13.24794 ], [ 131.85455, -13.17571 ], [ 131.87892, -13.17572 ], [ 131.88715, -13.20145 ], [ 131.89927, -13.21325 ], [ 131.90761, -13.23082 ], [ 131.90937, -13.27427 ], [ 131.92488, -13.27945 ], [ 131.92722, -13.28613 ], [ 131.93621, -13.29009 ], [ 131.93816, -13.32417 ], [ 131.9572, -13.34831 ], [ 131.95543, -13.36212 ], [ 131.96839, -13.39663 ], [ 131.96446, -13.41172 ], [ 131.97726, -13.42134 ], [ 131.98169, -13.42868 ], [ 131.99471, -13.43192 ], [ 132.01855, -13.4629 ], [ 132.02403, -13.4768 ], [ 132.02253, -13.49565 ], [ 132.02577, -13.50611 ], [ 132.04083, -13.51245 ], [ 132.04974, -13.52816 ], [ 132.06844, -13.53622 ], [ 132.08833, -13.55615 ], [ 132.10592, -13.5663 ], [ 132.11362, -13.57701 ], [ 132.12364, -13.57898 ], [ 132.12812, -13.59359 ], [ 132.13657, -13.60235 ], [ 132.15978, -13.59457 ], [ 132.17624, -13.60338 ], [ 132.18954, -13.59356 ], [ 132.19947, -13.59755 ], [ 132.2081, -13.59708 ], [ 132.21631, -13.60286 ], [ 132.22518, -13.60357 ], [ 132.2297, -13.6136 ], [ 132.24639, -13.61742 ], [ 132.28205, -13.64212 ], [ 132.28794, -13.64095 ], [ 132.28993, -13.63599 ], [ 132.30661, -13.64073 ], [ 132.30926, -13.66429 ], [ 132.32683, -13.67467 ], [ 132.32554, -13.68556 ], [ 132.32923, -13.69253 ], [ 132.32588, -13.69744 ], [ 132.32664, -13.72064 ], [ 132.3316, -13.72517 ], [ 132.34902, -13.72879 ], [ 132.3516, -13.73942 ], [ 132.35704, -13.74371 ], [ 132.3567, -13.7528 ], [ 132.36854, -13.76204 ], [ 132.36896, -13.79563 ], [ 132.36525, -13.80848 ], [ 132.48106, -13.80852 ], [ 132.48117, -13.5311 ], [ 132.42102, -13.53107 ], [ 132.42113, -13.44452 ], [ 132.40766, -13.43967 ], [ 132.40765, -13.43059 ], [ 132.41111, -13.4276 ], [ 132.42112, -13.42757 ], [ 132.42114, -13.40212 ], [ 132.99882, -13.4041 ], [ 132.99925, -12.48345 ], [ 132.9856, -12.47008 ], [ 132.98262, -12.46071 ], [ 132.97271, -12.45122 ], [ 132.97297, -12.43122 ], [ 132.9658, -12.42541 ], [ 132.96906, -12.41933 ], [ 132.96766, -12.41081 ], [ 132.97546, -12.404 ], [ 132.97149, -12.38894 ], [ 132.97579, -12.38673 ], [ 132.97489, -12.36911 ], [ 132.98048, -12.35541 ], [ 132.97103, -12.34365 ], [ 132.97139, -12.33558 ], [ 132.96301, -12.33134 ], [ 132.95466, -12.32153 ], [ 132.95928, -12.3068 ], [ 132.95389, -12.30384 ], [ 132.95146, -12.2941 ], [ 132.95067, -12.30359 ], [ 132.94447, -12.30403 ], [ 132.93987, -12.27939 ], [ 132.92827, -12.27746 ], [ 132.92838, -12.27272 ], [ 132.92092, -12.26798 ], [ 132.91046, -12.28786 ], [ 132.90241, -12.28718 ], [ 132.89633, -12.26763 ], [ 132.8938, -12.26481 ], [ 132.88826, -12.26648 ], [ 132.88932, -12.26266 ], [ 132.8746, -12.27689 ], [ 132.87197, -12.26797 ], [ 132.87577, -12.25701 ], [ 132.8699, -12.25227 ], [ 132.86061, -12.25215 ], [ 132.85659, -12.2342 ], [ 132.8466, -12.2291 ], [ 132.83592, -12.22853 ], [ 132.83362, -12.21531 ], [ 132.82846, -12.21113 ], [ 132.80089, -12.21632 ], [ 132.80044, -12.20073 ], [ 132.79447, -12.19519 ], [ 132.78622, -12.19652 ], [ 132.78297, -12.21484 ], [ 132.77976, -12.2145 ], [ 132.77013, -12.18863 ], [ 132.78587, -12.18118 ], [ 132.78728, -12.17115 ], [ 132.76988, -12.15605 ], [ 132.75968, -12.14143 ], [ 132.71036, -12.14916 ], [ 132.69203, -12.14701 ], [ 132.65973, -12.12933 ], [ 132.62125, -12.1258 ], [ 132.59854, -12.11932 ], [ 132.56706, -12.09768 ], [ 132.56291, -12.08718 ], [ 132.55698, -12.08545 ], [ 132.55427, -12.08734 ], [ 132.55482, -12.09829 ], [ 132.51304, -12.12413 ], [ 132.48279, -12.13749 ], [ 132.44202, -12.14646 ], [ 132.41759, -12.19532 ], [ 132.41712, -12.2224 ], [ 132.3894, -12.2364 ], [ 132.36897, -12.21939 ], [ 132.35878, -12.20266 ], [ 132.35317, -12.19881 ], [ 132.33399, -12.20159 ], [ 132.31513, -12.21104 ], [ 132.29193, -12.21776 ], [ 132.28664, -12.22413 ], [ 132.27847, -12.2242 ], [ 132.26429, -12.20301 ], [ 132.26492, -12.18292 ], [ 132.26173, -12.17342 ], [ 132.25621, -12.17431 ], [ 132.25381, -12.17103 ], [ 132.24496, -12.17541 ], [ 132.2382, -12.16975 ], [ 132.22436, -12.19456 ], [ 132.19666, -12.20883 ], [ 132.18632, -12.21162 ], [ 132.18345, -12.20868 ], [ 132.17081, -12.21327 ], [ 132.16826, -12.22196 ], [ 132.14764, -12.24584 ], [ 132.11139, -12.2708 ], [ 132.0739, -12.28897 ], [ 132.0689, -12.29719 ], [ 132.06972, -12.30353 ], [ 132.02117, -12.29671 ], [ 131.99655, -12.28649 ], [ 131.96772, -12.28236 ], [ 131.93942, -12.27292 ], [ 131.9175, -12.25588 ], [ 131.91583, -12.24449 ], [ 131.9036, -12.23282 ], [ 131.90424, -12.22434 ], [ 131.89179, -12.21527 ], [ 131.87927, -12.21454 ], [ 131.87124, -12.21639 ], [ 131.83011, -12.24525 ], [ 131.7965, -12.25866 ], [ 131.78755, -12.25938 ], [ 131.77531, -12.26822 ], [ 131.75455, -12.27389 ], [ 131.66067, -12.28551 ], [ 131.54808, -12.2782 ], [ 131.50446, -12.28369 ], [ 131.4723, -12.2837 ], [ 131.42678, -12.2754 ], [ 131.39618, -12.2641 ], [ 131.38225, -12.25421 ], [ 131.38088, -12.25648 ], [ 131.3811, -12.25343 ], [ 131.36682, -12.24501 ], [ 131.33432, -12.21146 ], [ 131.32277, -12.19342 ], [ 131.31407, -12.16747 ], [ 131.32284, -12.14723 ], [ 131.31605, -12.14172 ], [ 131.31291, -12.13244 ], [ 131.32184, -12.12261 ], [ 131.31389, -12.11269 ], [ 131.31579, -12.09868 ], [ 131.32093, -12.08986 ], [ 131.29951, -12.07016 ], [ 131.29844, -12.05886 ], [ 131.30336, -12.05298 ], [ 131.30183, -12.04304 ], [ 131.29713, -12.0426 ], [ 131.28899, -12.04636 ], [ 131.26636, -12.07692 ], [ 131.27056, -12.09825 ], [ 131.27356, -12.10011 ], [ 131.25082, -12.13592 ], [ 131.25039, -12.1462 ], [ 131.25581, -12.15319 ], [ 131.25389, -12.16279 ], [ 131.24624, -12.17897 ], [ 131.23274, -12.19506 ], [ 131.22888, -12.20874 ], [ 131.23108, -12.21438 ], [ 131.24759, -12.21549 ], [ 131.25088, -12.22002 ], [ 131.24819, -12.2223 ], [ 131.25661, -12.23133 ], [ 131.27159, -12.23816 ], [ 131.27538, -12.24312 ], [ 131.28101, -12.26691 ], [ 131.28079, -12.2809 ], [ 131.29446, -12.29796 ], [ 131.29296, -12.30474 ], [ 131.27145, -12.33185 ], [ 131.28138, -12.3412 ], [ 131.28201, -12.35421 ], [ 131.29073, -12.3632 ], [ 131.29425, -12.37216 ], [ 131.30482, -12.37689 ], [ 131.30947, -12.38311 ], [ 131.3145, -12.3836 ], [ 131.32056, -12.37863 ], [ 131.32415, -12.37908 ], [ 131.3276, -12.385 ], [ 131.32415, -12.39354 ], [ 131.30789, -12.3954 ], [ 131.30804, -12.40214 ], [ 131.31476, -12.40539 ], [ 131.31639, -12.41106 ], [ 131.3128, -12.41475 ], [ 131.3025, -12.41552 ], [ 131.30132, -12.42424 ], [ 131.31671, -12.42565 ], [ 131.32076, -12.44004 ], [ 131.33204, -12.43246 ], [ 131.34071, -12.43737 ], [ 131.33987, -12.44565 ], [ 131.32734, -12.44431 ], [ 131.32343, -12.44781 ], [ 131.3233, -12.45342 ], [ 131.3308, -12.45641 ], [ 131.33621, -12.44992 ], [ 131.34156, -12.44909 ], [ 131.34267, -12.45304 ], [ 131.33726, -12.45954 ], [ 131.3385, -12.46368 ], [ 131.35369, -12.4631 ], [ 131.35408, -12.46788 ], [ 131.34371, -12.47578 ], [ 131.34724, -12.48253 ], [ 131.35819, -12.4747 ], [ 131.36882, -12.47629 ], [ 131.36954, -12.47979 ], [ 131.36224, -12.48463 ], [ 131.36269, -12.49056 ], [ 131.37326, -12.48916 ], [ 131.37998, -12.49298 ], [ 131.38063, -12.49954 ], [ 131.37606, -12.50457 ], [ 131.38011, -12.51215 ], [ 131.39491, -12.50776 ], [ 131.38917, -12.52095 ], [ 131.39556, -12.5284 ], [ 131.39641, -12.53572 ], [ 131.39269, -12.54458 ], [ 131.38454, -12.54509 ], [ 131.37469, -12.55076 ], [ 131.38565, -12.5605 ], [ 131.38011, -12.57152 ], [ 131.38819, -12.57465 ], [ 131.37965, -12.58452 ], [ 131.38689, -12.59274 ], [ 131.38017, -12.59414 ], [ 131.37495, -12.5993 ], [ 131.37763, -12.61242 ], [ 131.35598, -12.63465 ], [ 131.3578, -12.64026 ], [ 131.3685, -12.64357 ], [ 131.36798, -12.64784 ], [ 131.35767, -12.64822 ], [ 131.35115, -12.64306 ], [ 131.34808, -12.64402 ], [ 131.33902, -12.65345 ], [ 131.33227, -12.67537 ], [ 131.31456, -12.68524 ], [ 131.3066, -12.68565 ], [ 131.30414, -12.68981 ], [ 131.29743, -12.69001 ], [ 131.29315, -12.69674 ], [ 131.28247, -12.6963 ], [ 131.27313, -12.70567 ], [ 131.27519, -12.71376 ], [ 131.26957, -12.72514 ], [ 131.27774, -12.73373 ], [ 131.28337, -12.73508 ], [ 131.2825, -12.75352 ], [ 131.27505, -12.75811 ], [ 131.27162, -12.76898 ], [ 131.26146, -12.7657 ], [ 131.25475, -12.76774 ], [ 131.25452, -12.77062 ], [ 131.26037, -12.77366 ], [ 131.25925, -12.78001 ], [ 131.25191, -12.78261 ], [ 131.24159, -12.77908 ], [ 131.23534, -12.78873 ], [ 131.22925, -12.79021 ], [ 131.22099, -12.80297 ], [ 131.21334, -12.80308 ], [ 131.21915, -12.81973 ], [ 131.20835, -12.82222 ], [ 131.21105, -12.82858 ], [ 131.20693, -12.83805 ], [ 131.20845, -12.84936 ], [ 131.20303, -12.86135 ], [ 131.15825, -12.86188 ], [ 131.15828, -12.84598 ], [ 131.1423, -12.84597 ], [ 131.14216, -12.8391 ], [ 131.13497, -12.83927 ], [ 131.13437, -12.82473 ], [ 131.06867, -12.82317 ], [ 131.06869, -12.81586 ], [ 131.03876, -12.81582 ], [ 131.03875, -12.86038 ], [ 130.88921, -12.85954 ], [ 130.88927, -12.64822 ], [ 130.88482, -12.6454 ], [ 130.88466, -12.63533 ], [ 130.87982, -12.63127 ], [ 130.87144, -12.63965 ], [ 130.86977, -12.65872 ], [ 130.86878, -12.64112 ], [ 130.8766, -12.62879 ], [ 130.87048, -12.6209 ], [ 130.86931, -12.61163 ], [ 130.86219, -12.61425 ], [ 130.85898, -12.62057 ], [ 130.85713, -12.61731 ], [ 130.84873, -12.61563 ], [ 130.84617, -12.61046 ], [ 130.8516, -12.61573 ], [ 130.85736, -12.61516 ], [ 130.86803, -12.60147 ], [ 130.86721, -12.59661 ], [ 130.85983, -12.58623 ], [ 130.84981, -12.57891 ], [ 130.84934, -12.57382 ], [ 130.84277, -12.56728 ], [ 130.84206, -12.55632 ], [ 130.83883, -12.55407 ], [ 130.81607, -12.55817 ], [ 130.82062, -12.56851 ], [ 130.81955, -12.57545 ], [ 130.82841, -12.5803 ], [ 130.83095, -12.58357 ], [ 130.83096, -12.58752 ], [ 130.82837, -12.58774 ], [ 130.83015, -12.58504 ], [ 130.82404, -12.57929 ], [ 130.81794, -12.57873 ], [ 130.81421, -12.58201 ], [ 130.81182, -12.56665 ], [ 130.80512, -12.5635 ], [ 130.81214, -12.55005 ], [ 130.81167, -12.54395 ], [ 130.81017, -12.53988 ], [ 130.80499, -12.53865 ], [ 130.79993, -12.53933 ], [ 130.78707, -12.55087 ], [ 130.79447, -12.57843 ], [ 130.78368, -12.58941 ], [ 130.78565, -12.59946 ], [ 130.79014, -12.60262 ], [ 130.78531, -12.6042 ], [ 130.78452, -12.61223 ], [ 130.78039, -12.61687 ], [ 130.79218, -12.61945 ], [ 130.79186, -12.62189 ], [ 130.77993, -12.61946 ], [ 130.78128, -12.60342 ], [ 130.77714, -12.59958 ], [ 130.77472, -12.61599 ], [ 130.77242, -12.60162 ], [ 130.76737, -12.60168 ], [ 130.77426, -12.59722 ], [ 130.7817, -12.5737 ], [ 130.77857, -12.55913 ], [ 130.76144, -12.56944 ], [ 130.74904, -12.58403 ], [ 130.73006, -12.58304 ], [ 130.73443, -12.60067 ], [ 130.72938, -12.59072 ], [ 130.7293, -12.58158 ], [ 130.74892, -12.57996 ], [ 130.75454, -12.56922 ], [ 130.76764, -12.5596 ], [ 130.76772, -12.55122 ], [ 130.77441, -12.54558 ], [ 130.76943, -12.52706 ], [ 130.77724, -12.52038 ], [ 130.77849, -12.50954 ], [ 130.77203, -12.50051 ], [ 130.77145, -12.49384 ], [ 130.77673, -12.48626 ], [ 130.7789, -12.47474 ], [ 130.76994, -12.48164 ], [ 130.76166, -12.48244 ], [ 130.7519, -12.49342 ], [ 130.73676, -12.52462 ], [ 130.7278, -12.52881 ], [ 130.72708, -12.52622 ], [ 130.74433, -12.50563 ], [ 130.74971, -12.49161 ], [ 130.7574, -12.48222 ], [ 130.75956, -12.46403 ], [ 130.76644, -12.45329 ], [ 130.76631, -12.4395 ], [ 130.74985, -12.4271 ], [ 130.73697, -12.42903 ], [ 130.71167, -12.42341 ], [ 130.71063, -12.41777 ], [ 130.70568, -12.41404 ], [ 130.68384, -12.4161 ], [ 130.6721, -12.40978 ], [ 130.66876, -12.40323 ], [ 130.65681, -12.39943 ], [ 130.65427, -12.39398 ], [ 130.63828, -12.38902 ], [ 130.62414, -12.38892 ], [ 130.6177, -12.38136 ], [ 130.61736, -12.38701 ], [ 130.61161, -12.39311 ], [ 130.5915, -12.40386 ], [ 130.57817, -12.40658 ], [ 130.58726, -12.42522 ], [ 130.60187, -12.42691 ], [ 130.61222, -12.43176 ], [ 130.61764, -12.44373 ], [ 130.62325, -12.44775 ], [ 130.59292, -12.45527 ], [ 130.58844, -12.45279 ], [ 130.58097, -12.46263 ], [ 130.58178, -12.46895 ], [ 130.58684, -12.4711 ], [ 130.5911, -12.47991 ], [ 130.60411, -12.48792 ], [ 130.60577, -12.50144 ], [ 130.58871, -12.50126 ], [ 130.58737, -12.50961 ], [ 130.58285, -12.51279 ], [ 130.5754, -12.54331 ], [ 130.56587, -12.5667 ], [ 130.56932, -12.57201 ], [ 130.5668, -12.58151 ], [ 130.56842, -12.59009 ], [ 130.5736, -12.59675 ], [ 130.58199, -12.59291 ], [ 130.579, -12.58952 ], [ 130.58452, -12.59064 ], [ 130.589, -12.58047 ], [ 130.59142, -12.58352 ], [ 130.60395, -12.57838 ], [ 130.58958, -12.58669 ], [ 130.58924, -12.59211 ], [ 130.59753, -12.59922 ], [ 130.61203, -12.60147 ], [ 130.61849, -12.61288 ], [ 130.63149, -12.60902 ], [ 130.63576, -12.62009 ], [ 130.64413, -12.62379 ], [ 130.63911, -12.63263 ], [ 130.64229, -12.63731 ], [ 130.64119, -12.64415 ], [ 130.64141, -12.63692 ], [ 130.63819, -12.63286 ], [ 130.6429, -12.62517 ], [ 130.63391, -12.61942 ], [ 130.63034, -12.61061 ], [ 130.61887, -12.61563 ], [ 130.60904, -12.60441 ], [ 130.60594, -12.60498 ], [ 130.60468, -12.61447 ], [ 130.59525, -12.61922 ], [ 130.58824, -12.6294 ], [ 130.58884, -12.65437 ], [ 130.59625, -12.65398 ], [ 130.5893, -12.65618 ], [ 130.58651, -12.66044 ], [ 130.58798, -12.64783 ], [ 130.58283, -12.62296 ], [ 130.55958, -12.62648 ], [ 130.54991, -12.61609 ], [ 130.54567, -12.63429 ], [ 130.57341, -12.65223 ], [ 130.57331, -12.66353 ], [ 130.58587, -12.68443 ], [ 130.59725, -12.67075 ], [ 130.6174, -12.67638 ], [ 130.61647, -12.6687 ], [ 130.62189, -12.66994 ], [ 130.63272, -12.68292 ], [ 130.63773, -12.68366 ], [ 130.63341, -12.68631 ], [ 130.64492, -12.6881 ], [ 130.64826, -12.6855 ], [ 130.6554, -12.69227 ], [ 130.65804, -12.68707 ], [ 130.6607, -12.69204 ], [ 130.66691, -12.69418 ], [ 130.66772, -12.69124 ], [ 130.67393, -12.69146 ], [ 130.66473, -12.70051 ], [ 130.67407, -12.70784 ], [ 130.68442, -12.70682 ], [ 130.69338, -12.69801 ], [ 130.70075, -12.6955 ], [ 130.70196, -12.69047 ], [ 130.70271, -12.69561 ], [ 130.69328, -12.70025 ], [ 130.6896, -12.70658 ], [ 130.67914, -12.71349 ], [ 130.6902, -12.7198 ], [ 130.69526, -12.7198 ], [ 130.70607, -12.71097 ], [ 130.72972, -12.70856 ], [ 130.73761, -12.71082 ] ] ], [ [ [ 130.51789, -12.56922 ], [ 130.52008, -12.56402 ], [ 130.51731, -12.55758 ], [ 130.51041, -12.56538 ], [ 130.51133, -12.57001 ], [ 130.50812, -12.57419 ], [ 130.4904, -12.5817 ], [ 130.48476, -12.58035 ], [ 130.48534, -12.58521 ], [ 130.49283, -12.59085 ], [ 130.49491, -12.59639 ], [ 130.4948, -12.6051 ], [ 130.48665, -12.62364 ], [ 130.49922, -12.64545 ], [ 130.50747, -12.65205 ], [ 130.5153, -12.65284 ], [ 130.52405, -12.66176 ], [ 130.52706, -12.68469 ], [ 130.52361, -12.69181 ], [ 130.5243, -12.70006 ], [ 130.5326, -12.70864 ], [ 130.53974, -12.70988 ], [ 130.54422, -12.70672 ], [ 130.53903, -12.69237 ], [ 130.54225, -12.68118 ], [ 130.53015, -12.66774 ], [ 130.5298, -12.65904 ], [ 130.51783, -12.65057 ], [ 130.51102, -12.61702 ], [ 130.50296, -12.61024 ], [ 130.51008, -12.59069 ], [ 130.51411, -12.58832 ], [ 130.52113, -12.59001 ], [ 130.51629, -12.58284 ], [ 130.52284, -12.57577 ], [ 130.51789, -12.56922 ] ] ], [ [ [ 130.38345, -12.64374 ], [ 130.38886, -12.64147 ], [ 130.39633, -12.63299 ], [ 130.39644, -12.62655 ], [ 130.38562, -12.6174 ], [ 130.37779, -12.61672 ], [ 130.36491, -12.62577 ], [ 130.37009, -12.63628 ], [ 130.36893, -12.64271 ], [ 130.38345, -12.64374 ] ] ], [ [ [ 130.41677, -12.59205 ], [ 130.43437, -12.57983 ], [ 130.42941, -12.56841 ], [ 130.42066, -12.56356 ], [ 130.40594, -12.57216 ], [ 130.40514, -12.57714 ], [ 130.41677, -12.59205 ] ] ], [ [ [ 130.39412, -12.59761 ], [ 130.40195, -12.60201 ], [ 130.41448, -12.5985 ], [ 130.4162, -12.59499 ], [ 130.40952, -12.58403 ], [ 130.40077, -12.58087 ], [ 130.39181, -12.58709 ], [ 130.39412, -12.59761 ] ] ], [ [ [ 130.4044, -12.60819 ], [ 130.3917, -12.60077 ], [ 130.38503, -12.60247 ], [ 130.38573, -12.60835 ], [ 130.39321, -12.61298 ], [ 130.40403, -12.61456 ], [ 130.4084, -12.60947 ], [ 130.40736, -12.60687 ], [ 130.4044, -12.60819 ] ] ], [ [ [ 130.45755, -12.63774 ], [ 130.46303, -12.63649 ], [ 130.4635, -12.63057 ], [ 130.45693, -12.62237 ], [ 130.45498, -12.62904 ], [ 130.45755, -12.63774 ] ] ], [ [ [ 130.43271, -12.5241 ], [ 130.4403, -12.51821 ], [ 130.43811, -12.51335 ], [ 130.42983, -12.52184 ], [ 130.43271, -12.5241 ] ] ], [ [ [ 130.62524, -12.68846 ], [ 130.62892, -12.68518 ], [ 130.62581, -12.67976 ], [ 130.62236, -12.68485 ], [ 130.62524, -12.68846 ] ] ], [ [ [ 130.42191, -12.53733 ], [ 130.42124, -12.53283 ], [ 130.41834, -12.53745 ], [ 130.42191, -12.53733 ] ] ], [ [ [ 130.60442, -12.70113 ], [ 130.59993, -12.69933 ], [ 130.5997, -12.70091 ], [ 130.60442, -12.70113 ] ] ], [ [ [ 130.87088, -12.5913 ], [ 130.871, -12.59005 ], [ 130.86904, -12.59164 ], [ 130.87088, -12.5913 ] ] ] ] } },
{ "type": "Feature", "properties": { "SA2_CODE21": 702041062, "SA2_NAME21": "Anindilyakwa", "CHG_FLAG21": "0", "CHG_LBL21": "No change", "SA3_CODE21": "70204", "SA3_NAME21": "East Arnhem", "SA4_CODE21": "702", "SA4_NAME21": "Northern Territory - Outback", "GCC_CODE21": "7RNTE", "GCC_NAME21": "Rest of NT", "STE_CODE21": "7", "STE_NAME21": "Northern Territory", "AUS_CODE21": "AUS", "AUS_NAME21": "Australia", "AREASQKM21": 2609.0396, "LOCI_URI21": "http://linked.data.gov.au/dataset/asgsed3/SA2/702041062", "Group": "Total_domestic_undergrad", "Australian Catholic University": 0.0, "Avondale University": 0.0, "Bond University": 0.0, "CQUniversity": 0.0, "Charles Darwin University": 0.0, "Charles Sturt University": 0.0, "Curtin University": 0.0, "Deakin University": 0.0, "Edith Cowan University": 0.0, "Federation University Australia": 0.0, "Flinders University": 0.0, "Griffith University": 0.0, "James Cook University": 0.0, "Macquarie University": 0.0, "Monash University": 0.0, "Murdoch University": 0.0, "Queensland University of Technology": 0.0, "RMIT University": 0.0, "Southern Cross University": 0.0, "Swinburne University of Technology": 0.0, "The Australian National University": 0.0, "The University of Adelaide": 0.0, "The University of Melbourne": 0.0, "The University of New England": 0.0, "The University of Newcastle": 0.0, "The University of Notre Dame Australia": 0.0, "The University of Queensland": 2.0, "The University of Sydney": 0.0, "The University of Western Australia": 0.0, "Torrens University Australia": 0.0, "University of Canberra": 0.0, "University of Divinity": 0.0, "University of New South Wales": 0.0, "University of South Australia": 0.0, "University of Southern Queensland": 0.0, "University of Tasmania": 0.0, "University of Technology Sydney": 0.0, "University of Wollongong": 0.0, "University of the Sunshine Coast": 0.0, "Victoria University": 0.0, "Western Sydney University": 0.0, "id": 702041062, "name": "Anindilyakwa" }, "geometry": { "type": "MultiPolygon", "coordinates": [ [ [ [ 136.95188, -14.35374 ], [ 136.95281, -14.3527 ], [ 136.95288, -14.34864 ], [ 136.95105, -14.34865 ], [ 136.95084, -14.35001 ], [ 136.94774, -14.35124 ], [ 136.94782, -14.35307 ], [ 136.94904, -14.35273 ], [ 136.95188, -14.35374 ] ] ], [ [ [ 136.93006, -14.3524 ], [ 136.93554, -14.34894 ], [ 136.9404, -14.35096 ], [ 136.94173, -14.3509 ], [ 136.94234, -14.35024 ], [ 136.94016, -14.34983 ], [ 136.93305, -14.34458 ], [ 136.92905, -14.35047 ], [ 136.9289, -14.35192 ], [ 136.93006, -14.3524 ] ] ], [ [ [ 136.26917, -13.59703 ], [ 136.27244, -13.59712 ], [ 136.27465, -13.59538 ], [ 136.27553, -13.59385 ], [ 136.27558, -13.59212 ], [ 136.27329, -13.59093 ], [ 136.2728, -13.59186 ], [ 136.27125, -13.5916 ], [ 136.27076, -13.59247 ], [ 136.27114, -13.59057 ], [ 136.27064, -13.59041 ], [ 136.26969, -13.59112 ], [ 136.27009, -13.59236 ], [ 136.26855, -13.59508 ], [ 136.26917, -13.59703 ] ] ], [ [ [ 136.3201, -13.59188 ], [ 136.32172, -13.59285 ], [ 136.3236, -13.59105 ], [ 136.32247, -13.58894 ], [ 136.32097, -13.58781 ], [ 136.31919, -13.5875 ], [ 136.31853, -13.58782 ], [ 136.3176, -13.59108 ], [ 136.31777, -13.59157 ], [ 136.3201, -13.59188 ] ] ], [ [ [ 136.23346, -13.58631 ], [ 136.23369, -13.58793 ], [ 136.23559, -13.59074 ], [ 136.23533, -13.59237 ], [ 136.23455, -13.59265 ], [ 136.2336, -13.59249 ], [ 136.23304, -13.5901 ], [ 136.23037, -13.58979 ], [ 136.22713, -13.58677 ], [ 136.22132, -13.58637 ], [ 136.21982, -13.58724 ], [ 136.21967, -13.58871 ], [ 136.22117, -13.58908 ], [ 136.22306, -13.59119 ], [ 136.22565, -13.6005 ], [ 136.23015, -13.60064 ], [ 136.23198, -13.60188 ], [ 136.23415, -13.60192 ], [ 136.23592, -13.60284 ], [ 136.23853, -13.60223 ], [ 136.24108, -13.60037 ], [ 136.24241, -13.60068 ], [ 136.24673, -13.59936 ], [ 136.24772, -13.59958 ], [ 136.24673, -13.59888 ], [ 136.2466, -13.59747 ], [ 136.24875, -13.59523 ], [ 136.24724, -13.5928 ], [ 136.24785, -13.59182 ], [ 136.24674, -13.59036 ], [ 136.24711, -13.58889 ], [ 136.24555, -13.58744 ], [ 136.24564, -13.58418 ], [ 136.24427, -13.58463 ], [ 136.24254, -13.58393 ], [ 136.24231, -13.58252 ], [ 136.23994, -13.5827 ], [ 136.23903, -13.58221 ], [ 136.23836, -13.58107 ], [ 136.2387, -13.58021 ], [ 136.23809, -13.57983 ], [ 136.23835, -13.57804 ], [ 136.23447, -13.57724 ], [ 136.23276, -13.5792 ], [ 136.23244, -13.58393 ], [ 136.23179, -13.5855 ], [ 136.23346, -13.58631 ] ] ], [ [ [ 136.82099, -14.3376 ], [ 136.8221, -14.33791 ], [ 136.82293, -14.33709 ], [ 136.82303, -14.33579 ], [ 136.8202, -14.32926 ], [ 136.81942, -14.3286 ], [ 136.81753, -14.32878 ], [ 136.82041, -14.33414 ], [ 136.82099, -14.3376 ] ] ], [ [ [ 136.97258, -14.26063 ], [ 136.97518, -14.25856 ], [ 136.9774, -14.25859 ], [ 136.97858, -14.25934 ], [ 136.98203, -14.25985 ], [ 136.98261, -14.26126 ], [ 136.98332, -14.26071 ], [ 136.98377, -14.26114 ], [ 136.98378, -14.26244 ], [ 136.98499, -14.26031 ], [ 136.98361, -14.25691 ], [ 136.98284, -14.25681 ], [ 136.98296, -14.25768 ], [ 136.9814, -14.25732 ], [ 136.98027, -14.25531 ], [ 136.97586, -14.25427 ], [ 136.97498, -14.25432 ], [ 136.97338, -14.2558 ], [ 136.97301, -14.25831 ], [ 136.97075, -14.26017 ], [ 136.97258, -14.26063 ] ] ], [ [ [ 136.08578, -13.81292 ], [ 136.08903, -13.80887 ], [ 136.08811, -13.80887 ], [ 136.08567, -13.81123 ], [ 136.08578, -13.81292 ] ] ], [ [ [ 136.92947, -13.63947 ], [ 136.92607, -13.64405 ], [ 136.92676, -13.64654 ], [ 136.9277, -13.64714 ], [ 136.93114, -13.64505 ], [ 136.93356, -13.64471 ], [ 136.93446, -13.64621 ], [ 136.93546, -13.64502 ], [ 136.93756, -13.64516 ], [ 136.93828, -13.64402 ], [ 136.94165, -13.64312 ], [ 136.94365, -13.64354 ], [ 136.94434, -13.64625 ], [ 136.94572, -13.64705 ], [ 136.94688, -13.64606 ], [ 136.94681, -13.64351 ], [ 136.94958, -13.64317 ], [ 136.95053, -13.64371 ], [ 136.9511, -13.6455 ], [ 136.95052, -13.64892 ], [ 136.95151, -13.64906 ], [ 136.95254, -13.64733 ], [ 136.95264, -13.64478 ], [ 136.95348, -13.64461 ], [ 136.95213, -13.64304 ], [ 136.95511, -13.64151 ], [ 136.95558, -13.63884 ], [ 136.95692, -13.6391 ], [ 136.95729, -13.63726 ], [ 136.95651, -13.63623 ], [ 136.95749, -13.63357 ], [ 136.95837, -13.63334 ], [ 136.9583, -13.63144 ], [ 136.95979, -13.63029 ], [ 136.96016, -13.62883 ], [ 136.96144, -13.62865 ], [ 136.96227, -13.62757 ], [ 136.96365, -13.62831 ], [ 136.96074, -13.6246 ], [ 136.9602, -13.6265 ], [ 136.95853, -13.62565 ], [ 136.95744, -13.62788 ], [ 136.9545, -13.62691 ], [ 136.95013, -13.6295 ], [ 136.94917, -13.63401 ], [ 136.94635, -13.6348 ], [ 136.94574, -13.63556 ], [ 136.94157, -13.63363 ], [ 136.9337, -13.63407 ], [ 136.93277, -13.63561 ], [ 136.9288, -13.63758 ], [ 136.92964, -13.63834 ], [ 136.92947, -13.63947 ] ] ], [ [ [ 136.39915, -13.6301 ], [ 136.40296, -13.6317 ], [ 136.41255, -13.63229 ], [ 136.41601, -13.63365 ], [ 136.41948, -13.6331 ], [ 136.42006, -13.63242 ], [ 136.41914, -13.63061 ], [ 136.41835, -13.62361 ], [ 136.41708, -13.62179 ], [ 136.4098, -13.62324 ], [ 136.40634, -13.62244 ], [ 136.40518, -13.62154 ], [ 136.40078, -13.62079 ], [ 136.40168, -13.62158 ], [ 136.39918, -13.62186 ], [ 136.39848, -13.62253 ], [ 136.39673, -13.62784 ], [ 136.39915, -13.6301 ] ] ], [ [ [ 136.79168, -14.09824 ], [ 136.79369, -14.10039 ], [ 136.79453, -14.10002 ], [ 136.79499, -14.09442 ], [ 136.79361, -14.09026 ], [ 136.79273, -14.09107 ], [ 136.79248, -14.09466 ], [ 136.79029, -14.09745 ], [ 136.79119, -14.09852 ], [ 136.79168, -14.09824 ] ] ], [ [ [ 136.28944, -13.78552 ], [ 136.29072, -13.78606 ], [ 136.29221, -13.7841 ], [ 136.29264, -13.78193 ], [ 136.29047, -13.78286 ], [ 136.28887, -13.78254 ], [ 136.28837, -13.78335 ], [ 136.28937, -13.784 ], [ 136.28944, -13.78552 ] ] ], [ [ [ 136.95818, -14.2215 ], [ 136.95708, -14.22291 ], [ 136.95542, -14.22332 ], [ 136.9576, -14.22481 ], [ 136.95784, -14.22768 ], [ 136.95948, -14.2286 ], [ 136.96234, -14.22732 ], [ 136.96273, -14.22581 ], [ 136.96388, -14.22584 ], [ 136.9646, -14.22433 ], [ 136.96236, -14.22169 ], [ 136.96274, -14.2213 ], [ 136.9619, -14.21995 ], [ 136.96134, -14.21979 ], [ 136.96118, -14.22044 ], [ 136.95761, -14.2189 ], [ 136.95746, -14.2209 ], [ 136.95818, -14.2215 ] ] ], [ [ [ 136.95639, -14.29666 ], [ 136.95952, -14.29951 ], [ 136.9636, -14.30035 ], [ 136.96312, -14.29813 ], [ 136.96122, -14.29467 ], [ 136.96031, -14.29408 ], [ 136.95932, -14.29534 ], [ 136.95865, -14.29507 ], [ 136.95832, -14.29421 ], [ 136.95885, -14.29279 ], [ 136.9583, -14.29204 ], [ 136.95504, -14.29396 ], [ 136.95465, -14.29592 ], [ 136.95639, -14.29666 ] ] ], [ [ [ 136.96741, -14.24625 ], [ 136.96991, -14.24618 ], [ 136.9715, -14.2446 ], [ 136.96932, -14.24277 ], [ 136.96909, -14.24109 ], [ 136.96797, -14.24066 ], [ 136.96442, -14.24189 ], [ 136.96244, -14.24386 ], [ 136.9655, -14.24432 ], [ 136.96741, -14.24625 ] ] ], [ [ [ 136.66022, -14.31155 ], [ 136.66099, -14.31024 ], [ 136.66001, -14.30645 ], [ 136.65934, -14.30494 ], [ 136.65749, -14.30409 ], [ 136.65763, -14.30718 ], [ 136.65893, -14.3102 ], [ 136.66022, -14.31155 ] ] ], [ [ [ 136.29341, -13.70505 ], [ 136.29781, -13.70439 ], [ 136.29836, -13.70346 ], [ 136.29798, -13.70238 ], [ 136.29593, -13.7038 ], [ 136.29377, -13.7043 ], [ 136.29341, -13.70505 ] ] ], [ [ [ 136.30025, -13.70486 ], [ 136.30192, -13.70377 ], [ 136.30025, -13.70215 ], [ 136.29937, -13.70389 ], [ 136.30025, -13.70486 ] ] ], [ [ [ 136.4227, -13.86111 ], [ 136.42718, -13.8676 ], [ 136.42903, -13.8693 ], [ 136.4334, -13.87767 ], [ 136.43512, -13.88355 ], [ 136.43614, -13.89349 ], [ 136.43334, -13.90399 ], [ 136.43286, -13.9085 ], [ 136.4317, -13.91133 ], [ 136.42729, -13.91798 ], [ 136.42682, -13.91978 ], [ 136.42715, -13.92758 ], [ 136.42563, -13.93424 ], [ 136.42249, -13.93943 ], [ 136.42277, -13.94293 ], [ 136.42143, -13.94609 ], [ 136.42084, -13.95026 ], [ 136.41846, -13.955 ], [ 136.41213, -13.96413 ], [ 136.41143, -13.9656 ], [ 136.41142, -13.96888 ], [ 136.41015, -13.97 ], [ 136.40816, -13.97632 ], [ 136.41669, -13.99125 ], [ 136.41818, -13.996 ], [ 136.41583, -13.99989 ], [ 136.41566, -14.01526 ], [ 136.41755, -14.026 ], [ 136.41872, -14.02848 ], [ 136.41851, -14.0321 ], [ 136.42003, -14.0365 ], [ 136.42039, -14.04114 ], [ 136.42168, -14.04373 ], [ 136.42192, -14.04656 ], [ 136.42065, -14.04848 ], [ 136.41973, -14.0486 ], [ 136.41799, -14.04691 ], [ 136.41753, -14.04748 ], [ 136.4173, -14.04872 ], [ 136.42044, -14.05233 ], [ 136.41791, -14.05607 ], [ 136.41803, -14.05799 ], [ 136.42143, -14.06725 ], [ 136.42945, -14.07637 ], [ 136.42993, -14.07908 ], [ 136.43062, -14.07987 ], [ 136.43317, -14.07975 ], [ 136.43063, -14.08157 ], [ 136.42937, -14.08485 ], [ 136.42905, -14.0913 ], [ 136.42964, -14.09423 ], [ 136.43511, -14.10009 ], [ 136.43802, -14.10539 ], [ 136.44013, -14.11149 ], [ 136.44223, -14.11363 ], [ 136.44293, -14.11532 ], [ 136.44262, -14.12346 ], [ 136.43951, -14.128 ], [ 136.43661, -14.12835 ], [ 136.43535, -14.13061 ], [ 136.43372, -14.12994 ], [ 136.43141, -14.13086 ], [ 136.42922, -14.13369 ], [ 136.42414, -14.138 ], [ 136.42104, -14.14231 ], [ 136.41874, -14.14707 ], [ 136.41993, -14.15453 ], [ 136.42213, -14.15497 ], [ 136.42112, -14.15681 ], [ 136.42017, -14.15712 ], [ 136.41879, -14.16086 ], [ 136.41718, -14.16313 ], [ 136.41187, -14.16801 ], [ 136.41142, -14.16948 ], [ 136.41048, -14.16813 ], [ 136.40956, -14.16858 ], [ 136.40598, -14.1721 ], [ 136.39801, -14.17789 ], [ 136.3896, -14.18171 ], [ 136.38576, -14.18416 ], [ 136.37639, -14.1869 ], [ 136.37095, -14.18986 ], [ 136.34401, -14.20183 ], [ 136.33812, -14.20693 ], [ 136.33314, -14.20865 ], [ 136.32447, -14.21331 ], [ 136.32331, -14.21456 ], [ 136.32332, -14.21614 ], [ 136.32565, -14.22009 ], [ 136.32485, -14.22326 ], [ 136.32591, -14.22665 ], [ 136.32488, -14.23151 ], [ 136.3255, -14.24191 ], [ 136.32447, -14.24519 ], [ 136.32471, -14.2461 ], [ 136.33545, -14.23634 ], [ 136.35659, -14.2201 ], [ 136.37429, -14.21314 ], [ 136.39556, -14.20232 ], [ 136.41316, -14.19932 ], [ 136.42149, -14.19612 ], [ 136.43736, -14.19629 ], [ 136.44107, -14.19706 ], [ 136.4456, -14.19931 ], [ 136.4508, -14.20393 ], [ 136.45363, -14.20787 ], [ 136.45552, -14.21804 ], [ 136.47123, -14.22845 ], [ 136.47931, -14.22902 ], [ 136.4916, -14.23783 ], [ 136.49427, -14.23813 ], [ 136.50416, -14.23575 ], [ 136.50438, -14.23656 ], [ 136.50678, -14.2372 ], [ 136.50905, -14.23663 ], [ 136.50977, -14.23533 ], [ 136.50959, -14.23425 ], [ 136.51977, -14.23385 ], [ 136.523, -14.23438 ], [ 136.52623, -14.23603 ], [ 136.52858, -14.23829 ], [ 136.52849, -14.24144 ], [ 136.52947, -14.24561 ], [ 136.53338, -14.2489 ], [ 136.53467, -14.25096 ], [ 136.53858, -14.25245 ], [ 136.53948, -14.25477 ], [ 136.54693, -14.25337 ], [ 136.5497, -14.2534 ], [ 136.55622, -14.25525 ], [ 136.56008, -14.25903 ], [ 136.56487, -14.2602 ], [ 136.56632, -14.26133 ], [ 136.57287, -14.25916 ], [ 136.57715, -14.26033 ], [ 136.5831, -14.25959 ], [ 136.5904, -14.26148 ], [ 136.59075, -14.26256 ], [ 136.58991, -14.26344 ], [ 136.58997, -14.26431 ], [ 136.59382, -14.26429 ], [ 136.59931, -14.26311 ], [ 136.60621, -14.26387 ], [ 136.60856, -14.26478 ], [ 136.61245, -14.26394 ], [ 136.61855, -14.26407 ], [ 136.62523, -14.26494 ], [ 136.62891, -14.26643 ], [ 136.63099, -14.26788 ], [ 136.63289, -14.27041 ], [ 136.63291, -14.27189 ], [ 136.63129, -14.27249 ], [ 136.63047, -14.27402 ], [ 136.63022, -14.2776 ], [ 136.63056, -14.27863 ], [ 136.63201, -14.27942 ], [ 136.63242, -14.28214 ], [ 136.63372, -14.28463 ], [ 136.63489, -14.28558 ], [ 136.63973, -14.28485 ], [ 136.64508, -14.28665 ], [ 136.64515, -14.28932 ], [ 136.64835, -14.29384 ], [ 136.64875, -14.29499 ], [ 136.64832, -14.29618 ], [ 136.64882, -14.29678 ], [ 136.65303, -14.29529 ], [ 136.65641, -14.29168 ], [ 136.66426, -14.28788 ], [ 136.66967, -14.28827 ], [ 136.67148, -14.29352 ], [ 136.67479, -14.29785 ], [ 136.67807, -14.2976 ], [ 136.68114, -14.29845 ], [ 136.68236, -14.29713 ], [ 136.68044, -14.29329 ], [ 136.67899, -14.29207 ], [ 136.67908, -14.29032 ], [ 136.68343, -14.28396 ], [ 136.6868, -14.28088 ], [ 136.69304, -14.27667 ], [ 136.69826, -14.27516 ], [ 136.70507, -14.27664 ], [ 136.70659, -14.27398 ], [ 136.70821, -14.2738 ], [ 136.70922, -14.27488 ], [ 136.71004, -14.27302 ], [ 136.71514, -14.27033 ], [ 136.71756, -14.2683 ], [ 136.72736, -14.26319 ], [ 136.73645, -14.25971 ], [ 136.7424, -14.25955 ], [ 136.74402, -14.26035 ], [ 136.74527, -14.26213 ], [ 136.74903, -14.25972 ], [ 136.75385, -14.25904 ], [ 136.7583, -14.25992 ], [ 136.75832, -14.26085 ], [ 136.75737, -14.26183 ], [ 136.75756, -14.26281 ], [ 136.76058, -14.2649 ], [ 136.76545, -14.26254 ], [ 136.77017, -14.26206 ], [ 136.77207, -14.26357 ], [ 136.78234, -14.26084 ], [ 136.78874, -14.2623 ], [ 136.7907, -14.26332 ], [ 136.7916, -14.26457 ], [ 136.7919, -14.26748 ], [ 136.79511, -14.26654 ], [ 136.80565, -14.26972 ], [ 136.81102, -14.27358 ], [ 136.81229, -14.27893 ], [ 136.81108, -14.28176 ], [ 136.80887, -14.28368 ], [ 136.80796, -14.28819 ], [ 136.80324, -14.28833 ], [ 136.80236, -14.28927 ], [ 136.80359, -14.29039 ], [ 136.80698, -14.29047 ], [ 136.8109, -14.29376 ], [ 136.81374, -14.29481 ], [ 136.81603, -14.29496 ], [ 136.8199, -14.29406 ], [ 136.82164, -14.29443 ], [ 136.82375, -14.29365 ], [ 136.82151, -14.29247 ], [ 136.81755, -14.2924 ], [ 136.81504, -14.28997 ], [ 136.81174, -14.28832 ], [ 136.81128, -14.28621 ], [ 136.81238, -14.28349 ], [ 136.81662, -14.27868 ], [ 136.81877, -14.27813 ], [ 136.82051, -14.27854 ], [ 136.82129, -14.27942 ], [ 136.82032, -14.28131 ], [ 136.82523, -14.28405 ], [ 136.82605, -14.28328 ], [ 136.82443, -14.28237 ], [ 136.8239, -14.27933 ], [ 136.82579, -14.27818 ], [ 136.82884, -14.27815 ], [ 136.83031, -14.2801 ], [ 136.82894, -14.28174 ], [ 136.83049, -14.28194 ], [ 136.82939, -14.28358 ], [ 136.82945, -14.28466 ], [ 136.83162, -14.28545 ], [ 136.83231, -14.28682 ], [ 136.83414, -14.2869 ], [ 136.83449, -14.28944 ], [ 136.83682, -14.28878 ], [ 136.83867, -14.28968 ], [ 136.83853, -14.29294 ], [ 136.84128, -14.29552 ], [ 136.84253, -14.29269 ], [ 136.84451, -14.29029 ], [ 136.84369, -14.28559 ], [ 136.84424, -14.28396 ], [ 136.85094, -14.2801 ], [ 136.85443, -14.27884 ], [ 136.85742, -14.2786 ], [ 136.85967, -14.27955 ], [ 136.86051, -14.28057 ], [ 136.85968, -14.28291 ], [ 136.85997, -14.28384 ], [ 136.86638, -14.28453 ], [ 136.86951, -14.28722 ], [ 136.8687, -14.28979 ], [ 136.87088, -14.29209 ], [ 136.87407, -14.29387 ], [ 136.87486, -14.29548 ], [ 136.87477, -14.29775 ], [ 136.87273, -14.29972 ], [ 136.87285, -14.30097 ], [ 136.8757, -14.30317 ], [ 136.87682, -14.30316 ], [ 136.88024, -14.30026 ], [ 136.88274, -14.29986 ], [ 136.88358, -14.30079 ], [ 136.88475, -14.30094 ], [ 136.88609, -14.30266 ], [ 136.88613, -14.30618 ], [ 136.8868, -14.30731 ], [ 136.88942, -14.30844 ], [ 136.89102, -14.30695 ], [ 136.89397, -14.30585 ], [ 136.89339, -14.3027 ], [ 136.89465, -14.30231 ], [ 136.89646, -14.30387 ], [ 136.89542, -14.30626 ], [ 136.90038, -14.30803 ], [ 136.90312, -14.31097 ], [ 136.90407, -14.31082 ], [ 136.90389, -14.30929 ], [ 136.90199, -14.30785 ], [ 136.90114, -14.3059 ], [ 136.9028, -14.30485 ], [ 136.90306, -14.30371 ], [ 136.90109, -14.30161 ], [ 136.90167, -14.30329 ], [ 136.90123, -14.30325 ], [ 136.89853, -14.30049 ], [ 136.89789, -14.29692 ], [ 136.90064, -14.29208 ], [ 136.90346, -14.29031 ], [ 136.90355, -14.28917 ], [ 136.9045, -14.28819 ], [ 136.90875, -14.28577 ], [ 136.91271, -14.28525 ], [ 136.91477, -14.28605 ], [ 136.91545, -14.28951 ], [ 136.91803, -14.29123 ], [ 136.91947, -14.29085 ], [ 136.92099, -14.29225 ], [ 136.92192, -14.29169 ], [ 136.92255, -14.29266 ], [ 136.92427, -14.29265 ], [ 136.92629, -14.29436 ], [ 136.92867, -14.29412 ], [ 136.93057, -14.29498 ], [ 136.93224, -14.2942 ], [ 136.93469, -14.29662 ], [ 136.93466, -14.29864 ], [ 136.93527, -14.29938 ], [ 136.93839, -14.29926 ], [ 136.94032, -14.29712 ], [ 136.94222, -14.29727 ], [ 136.94861, -14.30464 ], [ 136.95073, -14.30409 ], [ 136.94808, -14.30047 ], [ 136.95006, -14.29868 ], [ 136.95079, -14.2992 ], [ 136.95068, -14.30018 ], [ 136.95146, -14.29979 ], [ 136.95212, -14.29827 ], [ 136.95087, -14.2952 ], [ 136.94875, -14.29408 ], [ 136.94859, -14.29597 ], [ 136.94771, -14.29635 ], [ 136.94441, -14.29448 ], [ 136.9417, -14.29527 ], [ 136.9408, -14.29451 ], [ 136.93869, -14.29442 ], [ 136.93694, -14.29238 ], [ 136.93511, -14.29163 ], [ 136.93393, -14.28465 ], [ 136.93541, -14.28198 ], [ 136.93774, -14.28137 ], [ 136.93863, -14.28233 ], [ 136.93974, -14.28237 ], [ 136.94023, -14.28102 ], [ 136.94101, -14.28079 ], [ 136.94208, -14.28204 ], [ 136.94362, -14.27921 ], [ 136.94573, -14.27843 ], [ 136.94763, -14.28025 ], [ 136.95236, -14.28157 ], [ 136.95729, -14.28533 ], [ 136.95845, -14.28408 ], [ 136.96312, -14.28457 ], [ 136.96327, -14.283 ], [ 136.96077, -14.28334 ], [ 136.9592, -14.28178 ], [ 136.95502, -14.28053 ], [ 136.95351, -14.27852 ], [ 136.95145, -14.27789 ], [ 136.95027, -14.27844 ], [ 136.94733, -14.27716 ], [ 136.94669, -14.27484 ], [ 136.94467, -14.27301 ], [ 136.9442, -14.26906 ], [ 136.94539, -14.26617 ], [ 136.94461, -14.2659 ], [ 136.94405, -14.26434 ], [ 136.94203, -14.26354 ], [ 136.93968, -14.26124 ], [ 136.94098, -14.25667 ], [ 136.94659, -14.25022 ], [ 136.94957, -14.24862 ], [ 136.9509, -14.24715 ], [ 136.95502, -14.24755 ], [ 136.95938, -14.24508 ], [ 136.95633, -14.24477 ], [ 136.95215, -14.24329 ], [ 136.9505, -14.23978 ], [ 136.94928, -14.23371 ], [ 136.94983, -14.23181 ], [ 136.95192, -14.22974 ], [ 136.95052, -14.22855 ], [ 136.94891, -14.22911 ], [ 136.94511, -14.2267 ], [ 136.9451, -14.22496 ], [ 136.94675, -14.22235 ], [ 136.94846, -14.22099 ], [ 136.95046, -14.22112 ], [ 136.951, -14.22047 ], [ 136.94826, -14.21714 ], [ 136.9454, -14.21612 ], [ 136.94377, -14.21392 ], [ 136.94244, -14.21399 ], [ 136.94138, -14.21301 ], [ 136.94116, -14.21404 ], [ 136.93616, -14.2137 ], [ 136.9339, -14.20896 ], [ 136.93337, -14.20483 ], [ 136.93431, -14.19892 ], [ 136.93611, -14.1943 ], [ 136.94107, -14.18916 ], [ 136.94374, -14.19045 ], [ 136.94681, -14.19095 ], [ 136.94768, -14.19539 ], [ 136.95229, -14.19503 ], [ 136.95459, -14.19068 ], [ 136.95445, -14.18921 ], [ 136.95566, -14.18622 ], [ 136.95741, -14.18345 ], [ 136.95996, -14.18276 ], [ 136.95799, -14.18067 ], [ 136.95676, -14.1776 ], [ 136.96146, -14.16893 ], [ 136.96327, -14.16735 ], [ 136.9632, -14.1655 ], [ 136.95758, -14.16522 ], [ 136.95195, -14.16148 ], [ 136.94945, -14.1615 ], [ 136.94397, -14.15764 ], [ 136.94165, -14.15961 ], [ 136.941, -14.16139 ], [ 136.93561, -14.16117 ], [ 136.93228, -14.16234 ], [ 136.93285, -14.16428 ], [ 136.93219, -14.16499 ], [ 136.93076, -14.16549 ], [ 136.92731, -14.16509 ], [ 136.92284, -14.16209 ], [ 136.91972, -14.15652 ], [ 136.91971, -14.15382 ], [ 136.92024, -14.15148 ], [ 136.92096, -14.15083 ], [ 136.92494, -14.14856 ], [ 136.92644, -14.14877 ], [ 136.92909, -14.14735 ], [ 136.92984, -14.14409 ], [ 136.92612, -14.144 ], [ 136.92204, -14.14089 ], [ 136.91994, -14.14139 ], [ 136.91725, -14.13996 ], [ 136.91574, -14.13774 ], [ 136.91385, -14.13737 ], [ 136.9128, -14.1388 ], [ 136.91118, -14.13864 ], [ 136.91019, -14.13925 ], [ 136.91455, -14.14252 ], [ 136.9148, -14.14512 ], [ 136.91415, -14.14719 ], [ 136.91107, -14.15096 ], [ 136.90929, -14.15156 ], [ 136.90842, -14.15277 ], [ 136.9102, -14.15428 ], [ 136.91022, -14.15595 ], [ 136.91141, -14.15882 ], [ 136.91225, -14.15925 ], [ 136.91414, -14.15884 ], [ 136.91582, -14.16051 ], [ 136.91695, -14.16283 ], [ 136.91714, -14.16601 ], [ 136.91518, -14.17105 ], [ 136.9041, -14.18198 ], [ 136.90292, -14.1866 ], [ 136.8992, -14.19378 ], [ 136.89755, -14.19574 ], [ 136.89577, -14.20157 ], [ 136.89256, -14.20445 ], [ 136.88902, -14.2065 ], [ 136.88049, -14.20977 ], [ 136.86383, -14.21173 ], [ 136.85832, -14.2107 ], [ 136.85402, -14.20851 ], [ 136.85242, -14.20608 ], [ 136.85277, -14.20434 ], [ 136.85387, -14.204 ], [ 136.85393, -14.20341 ], [ 136.85068, -14.20007 ], [ 136.84989, -14.19829 ], [ 136.84821, -14.19717 ], [ 136.84679, -14.19375 ], [ 136.84631, -14.19012 ], [ 136.84519, -14.18895 ], [ 136.84502, -14.18743 ], [ 136.84255, -14.18544 ], [ 136.84242, -14.18359 ], [ 136.83711, -14.1807 ], [ 136.83644, -14.17892 ], [ 136.83165, -14.17756 ], [ 136.82701, -14.17504 ], [ 136.82137, -14.16998 ], [ 136.81827, -14.16551 ], [ 136.81783, -14.16649 ], [ 136.81511, -14.1659 ], [ 136.81238, -14.16614 ], [ 136.81032, -14.16518 ], [ 136.8064, -14.1613 ], [ 136.80298, -14.15738 ], [ 136.80196, -14.15499 ], [ 136.80277, -14.1512 ], [ 136.80197, -14.15038 ], [ 136.80098, -14.15039 ], [ 136.79973, -14.14774 ], [ 136.79868, -14.14841 ], [ 136.79753, -14.1513 ], [ 136.7966, -14.15201 ], [ 136.79543, -14.15223 ], [ 136.79259, -14.151 ], [ 136.78954, -14.15118 ], [ 136.78888, -14.15233 ], [ 136.78771, -14.15261 ], [ 136.78313, -14.14928 ], [ 136.78256, -14.14852 ], [ 136.78267, -14.14663 ], [ 136.78082, -14.14616 ], [ 136.78131, -14.14517 ], [ 136.77631, -14.14483 ], [ 136.77593, -14.14517 ], [ 136.77661, -14.14797 ], [ 136.7798, -14.14974 ], [ 136.78047, -14.15114 ], [ 136.77979, -14.15474 ], [ 136.77791, -14.15768 ], [ 136.77899, -14.16082 ], [ 136.78134, -14.16259 ], [ 136.78153, -14.16502 ], [ 136.78021, -14.16725 ], [ 136.77823, -14.16889 ], [ 136.77562, -14.16962 ], [ 136.77262, -14.1684 ], [ 136.77022, -14.16863 ], [ 136.76967, -14.17031 ], [ 136.77185, -14.1722 ], [ 136.77489, -14.17663 ], [ 136.77663, -14.17737 ], [ 136.77851, -14.17644 ], [ 136.78012, -14.17701 ], [ 136.78121, -14.17988 ], [ 136.7806, -14.18129 ], [ 136.78105, -14.18302 ], [ 136.78374, -14.18517 ], [ 136.78524, -14.18478 ], [ 136.78731, -14.18564 ], [ 136.78794, -14.18894 ], [ 136.78415, -14.19429 ], [ 136.78266, -14.19451 ], [ 136.78147, -14.19332 ], [ 136.78024, -14.19334 ], [ 136.77416, -14.19511 ], [ 136.77115, -14.19503 ], [ 136.76953, -14.19396 ], [ 136.76494, -14.19665 ], [ 136.76299, -14.19672 ], [ 136.76064, -14.19528 ], [ 136.76035, -14.19262 ], [ 136.75945, -14.19137 ], [ 136.75163, -14.18687 ], [ 136.74751, -14.18696 ], [ 136.74634, -14.18626 ], [ 136.74463, -14.18698 ], [ 136.74001, -14.1862 ], [ 136.73836, -14.18779 ], [ 136.73603, -14.18873 ], [ 136.73459, -14.19048 ], [ 136.73227, -14.19135 ], [ 136.72921, -14.19111 ], [ 136.72274, -14.18726 ], [ 136.71997, -14.18375 ], [ 136.71781, -14.18256 ], [ 136.71611, -14.18036 ], [ 136.71074, -14.17573 ], [ 136.70861, -14.17201 ], [ 136.70647, -14.16982 ], [ 136.70421, -14.16352 ], [ 136.70559, -14.16189 ], [ 136.70711, -14.1576 ], [ 136.70894, -14.15627 ], [ 136.71149, -14.15561 ], [ 136.71219, -14.15376 ], [ 136.71337, -14.15321 ], [ 136.71327, -14.14892 ], [ 136.71215, -14.14763 ], [ 136.71192, -14.14611 ], [ 136.71225, -14.14536 ], [ 136.71607, -14.14322 ], [ 136.7165, -14.14202 ], [ 136.71212, -14.14368 ], [ 136.70905, -14.14163 ], [ 136.70633, -14.14219 ], [ 136.70476, -14.14118 ], [ 136.70319, -14.13908 ], [ 136.7016, -14.13436 ], [ 136.6988, -14.12269 ], [ 136.69875, -14.11648 ], [ 136.69982, -14.11143 ], [ 136.70171, -14.10746 ], [ 136.70328, -14.10669 ], [ 136.70468, -14.10788 ], [ 136.7058, -14.10761 ], [ 136.70853, -14.10888 ], [ 136.70908, -14.10736 ], [ 136.71064, -14.10778 ], [ 136.70989, -14.1047 ], [ 136.70861, -14.10422 ], [ 136.70838, -14.10352 ], [ 136.70975, -14.10138 ], [ 136.7128, -14.10006 ], [ 136.71486, -14.1013 ], [ 136.71576, -14.10309 ], [ 136.71749, -14.10382 ], [ 136.71817, -14.10534 ], [ 136.71956, -14.10556 ], [ 136.72003, -14.10278 ], [ 136.71913, -14.10024 ], [ 136.71741, -14.09949 ], [ 136.7134, -14.09946 ], [ 136.71262, -14.09801 ], [ 136.71254, -14.09498 ], [ 136.71389, -14.08991 ], [ 136.71659, -14.08746 ], [ 136.71822, -14.08321 ], [ 136.72026, -14.08082 ], [ 136.72159, -14.08069 ], [ 136.7218, -14.07983 ], [ 136.72315, -14.0796 ], [ 136.7237, -14.07863 ], [ 136.72322, -14.07575 ], [ 136.71965, -14.07295 ], [ 136.72046, -14.07024 ], [ 136.72228, -14.06881 ], [ 136.72406, -14.06939 ], [ 136.72977, -14.06664 ], [ 136.73215, -14.06631 ], [ 136.73688, -14.06725 ], [ 136.74082, -14.07356 ], [ 136.73714, -14.07875 ], [ 136.7372, -14.07989 ], [ 136.73815, -14.07999 ], [ 136.74318, -14.08532 ], [ 136.74564, -14.08704 ], [ 136.74892, -14.08593 ], [ 136.74959, -14.08728 ], [ 136.75171, -14.08769 ], [ 136.7529, -14.08388 ], [ 136.75224, -14.07847 ], [ 136.75122, -14.07636 ], [ 136.74994, -14.07578 ], [ 136.74845, -14.07611 ], [ 136.74761, -14.07525 ], [ 136.74712, -14.06907 ], [ 136.74863, -14.06363 ], [ 136.75049, -14.05972 ], [ 136.75492, -14.05649 ], [ 136.75647, -14.05707 ], [ 136.75716, -14.05967 ], [ 136.75832, -14.05864 ], [ 136.76094, -14.05287 ], [ 136.75971, -14.05196 ], [ 136.76009, -14.05016 ], [ 136.75891, -14.04913 ], [ 136.75902, -14.04806 ], [ 136.76415, -14.04459 ], [ 136.76604, -14.04416 ], [ 136.77043, -14.04477 ], [ 136.77161, -14.0459 ], [ 136.77394, -14.04642 ], [ 136.77484, -14.04702 ], [ 136.77742, -14.05188 ], [ 136.77506, -14.05434 ], [ 136.77484, -14.05581 ], [ 136.77307, -14.05663 ], [ 136.77666, -14.05936 ], [ 136.77924, -14.05544 ], [ 136.78227, -14.05358 ], [ 136.78099, -14.04605 ], [ 136.78237, -14.04328 ], [ 136.78644, -14.03917 ], [ 136.78966, -14.03806 ], [ 136.7926, -14.03816 ], [ 136.79636, -14.04241 ], [ 136.80095, -14.04059 ], [ 136.80312, -14.04182 ], [ 136.80399, -14.03867 ], [ 136.80637, -14.03767 ], [ 136.80664, -14.03063 ], [ 136.80867, -14.02648 ], [ 136.80844, -14.02534 ], [ 136.8067, -14.02401 ], [ 136.80553, -14.02173 ], [ 136.80701, -14.02027 ], [ 136.80684, -14.01906 ], [ 136.80524, -14.02043 ], [ 136.80164, -14.02181 ], [ 136.79712, -14.01908 ], [ 136.79703, -14.02141 ], [ 136.79591, -14.02208 ], [ 136.79402, -14.02176 ], [ 136.79329, -14.02095 ], [ 136.79146, -14.02102 ], [ 136.78967, -14.01973 ], [ 136.78804, -14.02284 ], [ 136.78655, -14.0241 ], [ 136.78456, -14.0252 ], [ 136.78101, -14.02588 ], [ 136.77805, -14.02493 ], [ 136.77257, -14.01933 ], [ 136.77013, -14.01917 ], [ 136.76749, -14.01572 ], [ 136.76433, -14.00924 ], [ 136.76233, -14.0027 ], [ 136.76227, -13.98572 ], [ 136.76727, -13.96328 ], [ 136.7709, -13.95111 ], [ 136.77892, -13.934 ], [ 136.79099, -13.91637 ], [ 136.79611, -13.912 ], [ 136.79924, -13.91124 ], [ 136.80087, -13.90967 ], [ 136.80365, -13.90936 ], [ 136.8126, -13.90412 ], [ 136.81711, -13.90427 ], [ 136.82182, -13.9086 ], [ 136.83027, -13.90743 ], [ 136.83279, -13.90903 ], [ 136.83499, -13.90894 ], [ 136.83626, -13.90985 ], [ 136.83834, -13.90953 ], [ 136.84136, -13.90775 ], [ 136.84448, -13.90754 ], [ 136.85196, -13.91291 ], [ 136.8551, -13.91147 ], [ 136.85781, -13.91282 ], [ 136.85742, -13.91081 ], [ 136.8594, -13.90812 ], [ 136.85953, -13.90642 ], [ 136.85956, -13.90315 ], [ 136.85762, -13.89986 ], [ 136.85849, -13.8932 ], [ 136.86837, -13.87272 ], [ 136.87541, -13.86091 ], [ 136.884, -13.84279 ], [ 136.9005, -13.81897 ], [ 136.91203, -13.80754 ], [ 136.91909, -13.80658 ], [ 136.92336, -13.80797 ], [ 136.92441, -13.80651 ], [ 136.92341, -13.80165 ], [ 136.92148, -13.79779 ], [ 136.91757, -13.7955 ], [ 136.91747, -13.79267 ], [ 136.91403, -13.78948 ], [ 136.91441, -13.78576 ], [ 136.91317, -13.78146 ], [ 136.91331, -13.77954 ], [ 136.91165, -13.77659 ], [ 136.90911, -13.76866 ], [ 136.90522, -13.76411 ], [ 136.9013, -13.76329 ], [ 136.89728, -13.76088 ], [ 136.89417, -13.75984 ], [ 136.88867, -13.75392 ], [ 136.88416, -13.754 ], [ 136.88032, -13.75668 ], [ 136.87733, -13.75564 ], [ 136.87305, -13.75583 ], [ 136.87096, -13.7566 ], [ 136.8667, -13.75465 ], [ 136.86438, -13.75542 ], [ 136.85435, -13.75285 ], [ 136.85101, -13.75102 ], [ 136.84674, -13.75019 ], [ 136.84467, -13.74916 ], [ 136.84054, -13.74517 ], [ 136.83939, -13.74539 ], [ 136.83879, -13.74741 ], [ 136.83693, -13.7483 ], [ 136.83919, -13.75465 ], [ 136.83994, -13.76177 ], [ 136.83956, -13.76584 ], [ 136.83768, -13.76989 ], [ 136.83949, -13.77386 ], [ 136.83932, -13.78029 ], [ 136.83744, -13.78372 ], [ 136.83313, -13.78849 ], [ 136.82359, -13.79542 ], [ 136.82069, -13.79663 ], [ 136.81475, -13.8019 ], [ 136.80794, -13.81404 ], [ 136.80603, -13.82012 ], [ 136.80405, -13.82271 ], [ 136.80201, -13.82401 ], [ 136.80135, -13.82698 ], [ 136.79701, -13.83417 ], [ 136.79779, -13.83791 ], [ 136.80016, -13.83126 ], [ 136.80284, -13.82835 ], [ 136.80507, -13.82464 ], [ 136.8073, -13.8207 ], [ 136.80814, -13.81743 ], [ 136.81373, -13.81205 ], [ 136.81978, -13.8077 ], [ 136.82478, -13.80514 ], [ 136.83266, -13.80227 ], [ 136.83729, -13.80242 ], [ 136.83867, -13.80334 ], [ 136.8398, -13.80549 ], [ 136.84233, -13.80743 ], [ 136.84529, -13.81356 ], [ 136.84535, -13.82022 ], [ 136.84474, -13.82395 ], [ 136.84035, -13.8369 ], [ 136.83733, -13.84289 ], [ 136.83536, -13.84352 ], [ 136.83275, -13.84658 ], [ 136.82814, -13.84985 ], [ 136.8165, -13.85443 ], [ 136.81383, -13.85459 ], [ 136.81322, -13.85521 ], [ 136.81211, -13.85412 ], [ 136.81216, -13.8556 ], [ 136.81081, -13.85613 ], [ 136.80732, -13.85643 ], [ 136.80071, -13.8556 ], [ 136.79557, -13.85198 ], [ 136.79354, -13.84793 ], [ 136.78683, -13.84832 ], [ 136.77817, -13.84678 ], [ 136.7737, -13.84256 ], [ 136.76526, -13.84136 ], [ 136.7602, -13.83833 ], [ 136.75618, -13.8353 ], [ 136.75447, -13.83235 ], [ 136.74602, -13.83375 ], [ 136.74217, -13.83722 ], [ 136.74016, -13.83711 ], [ 136.73719, -13.83831 ], [ 136.73286, -13.8438 ], [ 136.72686, -13.84319 ], [ 136.72375, -13.8409 ], [ 136.72207, -13.8358 ], [ 136.71831, -13.83579 ], [ 136.72162, -13.83388 ], [ 136.72269, -13.83095 ], [ 136.72629, -13.8294 ], [ 136.72737, -13.825 ], [ 136.72878, -13.82242 ], [ 136.72844, -13.82072 ], [ 136.72915, -13.81971 ], [ 136.72892, -13.81914 ], [ 136.72293, -13.81694 ], [ 136.71685, -13.81079 ], [ 136.71632, -13.80604 ], [ 136.71739, -13.80232 ], [ 136.71407, -13.79913 ], [ 136.71282, -13.79686 ], [ 136.7125, -13.7938 ], [ 136.71474, -13.78829 ], [ 136.71614, -13.78706 ], [ 136.71823, -13.7864 ], [ 136.72033, -13.7837 ], [ 136.72138, -13.7836 ], [ 136.72011, -13.78234 ], [ 136.72001, -13.78133 ], [ 136.72131, -13.7784 ], [ 136.72259, -13.7774 ], [ 136.72748, -13.77577 ], [ 136.7287, -13.77858 ], [ 136.73264, -13.77827 ], [ 136.73547, -13.7722 ], [ 136.73536, -13.77095 ], [ 136.73238, -13.76867 ], [ 136.73094, -13.76846 ], [ 136.72913, -13.76988 ], [ 136.72786, -13.76987 ], [ 136.72476, -13.76754 ], [ 136.72438, -13.77074 ], [ 136.72158, -13.77309 ], [ 136.71892, -13.77409 ], [ 136.71798, -13.77577 ], [ 136.71324, -13.77551 ], [ 136.71221, -13.77471 ], [ 136.71234, -13.77301 ], [ 136.71164, -13.77301 ], [ 136.7092, -13.77423 ], [ 136.70759, -13.77421 ], [ 136.707, -13.77489 ], [ 136.70722, -13.77647 ], [ 136.70421, -13.77785 ], [ 136.69706, -13.77491 ], [ 136.69049, -13.7661 ], [ 136.68953, -13.76389 ], [ 136.68787, -13.75574 ], [ 136.68759, -13.74794 ], [ 136.69063, -13.74458 ], [ 136.68985, -13.744 ], [ 136.68709, -13.74553 ], [ 136.6851, -13.74831 ], [ 136.68515, -13.74679 ], [ 136.68253, -13.74425 ], [ 136.68114, -13.73706 ], [ 136.68282, -13.73059 ], [ 136.68556, -13.72743 ], [ 136.68849, -13.72578 ], [ 136.69028, -13.72642 ], [ 136.69301, -13.72883 ], [ 136.6944, -13.72861 ], [ 136.69704, -13.72551 ], [ 136.6992, -13.72506 ], [ 136.70146, -13.72358 ], [ 136.70425, -13.719 ], [ 136.70468, -13.71721 ], [ 136.70734, -13.71524 ], [ 136.70928, -13.71512 ], [ 136.71335, -13.71732 ], [ 136.71506, -13.71632 ], [ 136.71651, -13.71724 ], [ 136.72032, -13.71689 ], [ 136.71869, -13.7131 ], [ 136.7196, -13.70908 ], [ 136.72189, -13.70407 ], [ 136.72482, -13.7014 ], [ 136.72458, -13.69956 ], [ 136.72513, -13.69803 ], [ 136.72766, -13.69519 ], [ 136.7296, -13.69432 ], [ 136.72791, -13.69155 ], [ 136.72907, -13.69047 ], [ 136.72932, -13.6884 ], [ 136.7312, -13.68644 ], [ 136.7303, -13.68541 ], [ 136.73012, -13.68346 ], [ 136.73166, -13.68134 ], [ 136.72983, -13.68076 ], [ 136.72887, -13.67849 ], [ 136.72913, -13.67576 ], [ 136.72989, -13.67463 ], [ 136.73151, -13.67488 ], [ 136.73277, -13.67319 ], [ 136.73061, -13.673 ], [ 136.72876, -13.67154 ], [ 136.72707, -13.6677 ], [ 136.72751, -13.66618 ], [ 136.73004, -13.66492 ], [ 136.73125, -13.66274 ], [ 136.72961, -13.65977 ], [ 136.73006, -13.65831 ], [ 136.72905, -13.65723 ], [ 136.72992, -13.65587 ], [ 136.72725, -13.65522 ], [ 136.72936, -13.65343 ], [ 136.72845, -13.65327 ], [ 136.72845, -13.65207 ], [ 136.72713, -13.65171 ], [ 136.7269, -13.65089 ], [ 136.72623, -13.65134 ], [ 136.72612, -13.6508 ], [ 136.72467, -13.65135 ], [ 136.72496, -13.65226 ], [ 136.72392, -13.65358 ], [ 136.72504, -13.65518 ], [ 136.72377, -13.65553 ], [ 136.72345, -13.65721 ], [ 136.72069, -13.65897 ], [ 136.71993, -13.66038 ], [ 136.71983, -13.6644 ], [ 136.71857, -13.66571 ], [ 136.71613, -13.66594 ], [ 136.71341, -13.6652 ], [ 136.71207, -13.66396 ], [ 136.71184, -13.66266 ], [ 136.71249, -13.66098 ], [ 136.70999, -13.6598 ], [ 136.71047, -13.65741 ], [ 136.70682, -13.65879 ], [ 136.70482, -13.65783 ], [ 136.70444, -13.65864 ], [ 136.70583, -13.6601 ], [ 136.70462, -13.66179 ], [ 136.69826, -13.66319 ], [ 136.69631, -13.66303 ], [ 136.6929, -13.66013 ], [ 136.69206, -13.65851 ], [ 136.69238, -13.65732 ], [ 136.69449, -13.65523 ], [ 136.6967, -13.65479 ], [ 136.69463, -13.65143 ], [ 136.69125, -13.65461 ], [ 136.69084, -13.6571 ], [ 136.68848, -13.66005 ], [ 136.68938, -13.66168 ], [ 136.6902, -13.66166 ], [ 136.69043, -13.66307 ], [ 136.68907, -13.66601 ], [ 136.68887, -13.66971 ], [ 136.68716, -13.67178 ], [ 136.68712, -13.67325 ], [ 136.68131, -13.67711 ], [ 136.67853, -13.68057 ], [ 136.67848, -13.68171 ], [ 136.67954, -13.68251 ], [ 136.6794, -13.68718 ], [ 136.6786, -13.69162 ], [ 136.67638, -13.69756 ], [ 136.67526, -13.6987 ], [ 136.67589, -13.70108 ], [ 136.67546, -13.70272 ], [ 136.67496, -13.70288 ], [ 136.67345, -13.70104 ], [ 136.67267, -13.69894 ], [ 136.66956, -13.69944 ], [ 136.66609, -13.69463 ], [ 136.66437, -13.69428 ], [ 136.66409, -13.69493 ], [ 136.6651, -13.69545 ], [ 136.66527, -13.69638 ], [ 136.6615, -13.70384 ], [ 136.66011, -13.70384 ], [ 136.65448, -13.7008 ], [ 136.65398, -13.6996 ], [ 136.65105, -13.70048 ], [ 136.64926, -13.7004 ], [ 136.64838, -13.69959 ], [ 136.6471, -13.70002 ], [ 136.64777, -13.70105 ], [ 136.64734, -13.70187 ], [ 136.64423, -13.70264 ], [ 136.64252, -13.70234 ], [ 136.64018, -13.70343 ], [ 136.63785, -13.70926 ], [ 136.63376, -13.71178 ], [ 136.63239, -13.71412 ], [ 136.63274, -13.71586 ], [ 136.63461, -13.716 ], [ 136.6353, -13.71735 ], [ 136.63435, -13.71867 ], [ 136.63149, -13.72008 ], [ 136.62476, -13.71775 ], [ 136.62268, -13.71505 ], [ 136.62042, -13.70937 ], [ 136.61814, -13.7065 ], [ 136.61778, -13.70504 ], [ 136.61949, -13.70336 ], [ 136.61937, -13.70151 ], [ 136.62009, -13.70059 ], [ 136.62358, -13.69927 ], [ 136.62552, -13.7 ], [ 136.62691, -13.69935 ], [ 136.62732, -13.69625 ], [ 136.62831, -13.69495 ], [ 136.63191, -13.69265 ], [ 136.63156, -13.69135 ], [ 136.63217, -13.69032 ], [ 136.6367, -13.68936 ], [ 136.63626, -13.68834 ], [ 136.63382, -13.68917 ], [ 136.63094, -13.68864 ], [ 136.62686, -13.69067 ], [ 136.62212, -13.68973 ], [ 136.62139, -13.68778 ], [ 136.61867, -13.68839 ], [ 136.61728, -13.687 ], [ 136.61672, -13.68516 ], [ 136.61762, -13.67918 ], [ 136.61305, -13.67796 ], [ 136.61168, -13.67836 ], [ 136.61235, -13.68008 ], [ 136.61141, -13.68046 ], [ 136.61076, -13.68286 ], [ 136.60899, -13.68396 ], [ 136.60744, -13.68408 ], [ 136.60694, -13.68375 ], [ 136.60716, -13.68283 ], [ 136.60622, -13.68272 ], [ 136.60257, -13.68475 ], [ 136.60013, -13.68461 ], [ 136.59963, -13.6851 ], [ 136.59946, -13.68424 ], [ 136.59859, -13.68636 ], [ 136.5977, -13.68711 ], [ 136.59615, -13.68724 ], [ 136.59558, -13.68642 ], [ 136.5958, -13.68491 ], [ 136.59757, -13.68403 ], [ 136.5979, -13.68316 ], [ 136.59656, -13.68149 ], [ 136.59638, -13.67904 ], [ 136.59526, -13.6789 ], [ 136.59368, -13.68276 ], [ 136.58986, -13.68408 ], [ 136.58637, -13.6834 ], [ 136.58354, -13.68558 ], [ 136.57752, -13.68725 ], [ 136.57731, -13.6892 ], [ 136.57504, -13.69144 ], [ 136.57428, -13.69405 ], [ 136.57478, -13.69458 ], [ 136.57851, -13.6943 ], [ 136.58087, -13.69275 ], [ 136.58559, -13.69235 ], [ 136.59043, -13.69346 ], [ 136.59238, -13.69627 ], [ 136.59293, -13.70207 ], [ 136.59088, -13.71141 ], [ 136.58747, -13.71571 ], [ 136.58447, -13.71724 ], [ 136.58644, -13.71951 ], [ 136.58661, -13.72093 ], [ 136.588, -13.72107 ], [ 136.58818, -13.72335 ], [ 136.58942, -13.72491 ], [ 136.59871, -13.72904 ], [ 136.605, -13.72892 ], [ 136.60764, -13.72974 ], [ 136.61127, -13.73236 ], [ 136.61127, -13.73367 ], [ 136.61257, -13.73524 ], [ 136.61381, -13.73891 ], [ 136.61772, -13.74263 ], [ 136.618, -13.74862 ], [ 136.61608, -13.75588 ], [ 136.60962, -13.76004 ], [ 136.60776, -13.76206 ], [ 136.6077, -13.76342 ], [ 136.60932, -13.76368 ], [ 136.61374, -13.76061 ], [ 136.61507, -13.76055 ], [ 136.61797, -13.76329 ], [ 136.62291, -13.76446 ], [ 136.62813, -13.76448 ], [ 136.63109, -13.76613 ], [ 136.63197, -13.76716 ], [ 136.63229, -13.77237 ], [ 136.62933, -13.77743 ], [ 136.63605, -13.779 ], [ 136.63684, -13.78068 ], [ 136.63835, -13.78193 ], [ 136.63759, -13.7834 ], [ 136.63416, -13.78498 ], [ 136.63147, -13.78924 ], [ 136.6303, -13.78902 ], [ 136.62859, -13.79006 ], [ 136.6237, -13.79027 ], [ 136.61731, -13.78922 ], [ 136.60596, -13.78485 ], [ 136.60031, -13.78516 ], [ 136.59411, -13.78702 ], [ 136.59313, -13.78964 ], [ 136.59348, -13.7934 ], [ 136.59624, -13.7988 ], [ 136.59996, -13.80008 ], [ 136.60204, -13.80212 ], [ 136.6021, -13.80401 ], [ 136.60095, -13.80593 ], [ 136.58826, -13.80795 ], [ 136.58264, -13.80789 ], [ 136.58103, -13.80584 ], [ 136.58144, -13.80051 ], [ 136.58071, -13.79905 ], [ 136.57503, -13.79769 ], [ 136.57349, -13.7983 ], [ 136.57161, -13.80097 ], [ 136.57208, -13.80433 ], [ 136.57437, -13.80697 ], [ 136.57405, -13.80908 ], [ 136.57289, -13.81018 ], [ 136.57112, -13.81046 ], [ 136.57085, -13.81204 ], [ 136.56819, -13.81265 ], [ 136.56754, -13.81341 ], [ 136.56575, -13.81282 ], [ 136.56461, -13.81422 ], [ 136.56108, -13.81535 ], [ 136.55945, -13.81513 ], [ 136.55443, -13.81983 ], [ 136.55224, -13.81981 ], [ 136.54797, -13.81898 ], [ 136.54152, -13.8162 ], [ 136.53923, -13.81403 ], [ 136.53754, -13.80871 ], [ 136.53805, -13.80374 ], [ 136.54012, -13.79531 ], [ 136.54175, -13.79248 ], [ 136.54259, -13.78909 ], [ 136.54145, -13.78762 ], [ 136.5343, -13.78525 ], [ 136.53084, -13.78503 ], [ 136.527, -13.78714 ], [ 136.52478, -13.78949 ], [ 136.52383, -13.79152 ], [ 136.52327, -13.79495 ], [ 136.52379, -13.80208 ], [ 136.52484, -13.80433 ], [ 136.52392, -13.80621 ], [ 136.52389, -13.80937 ], [ 136.52603, -13.81572 ], [ 136.52541, -13.82 ], [ 136.52458, -13.82147 ], [ 136.51929, -13.82732 ], [ 136.51316, -13.83149 ], [ 136.5101, -13.83166 ], [ 136.50395, -13.83409 ], [ 136.49919, -13.83693 ], [ 136.49498, -13.83794 ], [ 136.49454, -13.83827 ], [ 136.49533, -13.83935 ], [ 136.49506, -13.84022 ], [ 136.49153, -13.83558 ], [ 136.48964, -13.83451 ], [ 136.48197, -13.83287 ], [ 136.46965, -13.83369 ], [ 136.46738, -13.83442 ], [ 136.46532, -13.83377 ], [ 136.46288, -13.83418 ], [ 136.46204, -13.83332 ], [ 136.46247, -13.82972 ], [ 136.46138, -13.8254 ], [ 136.4596, -13.82394 ], [ 136.45875, -13.82104 ], [ 136.45714, -13.81922 ], [ 136.45644, -13.81911 ], [ 136.4521, -13.82283 ], [ 136.44776, -13.82451 ], [ 136.44764, -13.82519 ], [ 136.44914, -13.82666 ], [ 136.44949, -13.82802 ], [ 136.44902, -13.82903 ], [ 136.44601, -13.82959 ], [ 136.44208, -13.83184 ], [ 136.44046, -13.83138 ], [ 136.44, -13.8307 ], [ 136.4407, -13.82799 ], [ 136.44036, -13.82415 ], [ 136.44117, -13.82348 ], [ 136.4436, -13.82461 ], [ 136.44614, -13.82315 ], [ 136.44673, -13.82213 ], [ 136.44627, -13.82123 ], [ 136.44476, -13.82032 ], [ 136.43899, -13.8194 ], [ 136.43472, -13.8151 ], [ 136.42755, -13.81587 ], [ 136.42258, -13.81563 ], [ 136.42153, -13.81642 ], [ 136.42025, -13.82048 ], [ 136.41596, -13.82522 ], [ 136.40924, -13.83096 ], [ 136.40889, -13.83175 ], [ 136.40958, -13.83367 ], [ 136.40865, -13.83593 ], [ 136.40876, -13.83864 ], [ 136.40782, -13.84248 ], [ 136.40805, -13.8453 ], [ 136.40874, -13.84643 ], [ 136.41543, -13.85153 ], [ 136.4182, -13.85527 ], [ 136.41877, -13.85798 ], [ 136.41601, -13.86011 ], [ 136.41541, -13.85902 ], [ 136.41491, -13.85929 ], [ 136.41652, -13.8622 ], [ 136.41702, -13.86193 ], [ 136.41629, -13.86063 ], [ 136.41992, -13.85932 ], [ 136.4227, -13.86111 ] ] ], [ [ [ 136.19201, -13.78915 ], [ 136.18925, -13.79286 ], [ 136.18916, -13.79536 ], [ 136.19076, -13.79589 ], [ 136.19088, -13.79735 ], [ 136.19273, -13.79979 ], [ 136.19367, -13.80015 ], [ 136.19407, -13.80168 ], [ 136.19874, -13.80426 ], [ 136.19831, -13.80589 ], [ 136.20483, -13.80989 ], [ 136.20413, -13.80984 ], [ 136.20619, -13.81199 ], [ 136.20689, -13.81621 ], [ 136.20543, -13.81665 ], [ 136.20536, -13.81723 ], [ 136.20604, -13.81759 ], [ 136.2076, -13.81688 ], [ 136.20926, -13.81813 ], [ 136.20981, -13.82032 ], [ 136.20929, -13.82177 ], [ 136.21115, -13.82464 ], [ 136.21079, -13.828 ], [ 136.20782, -13.83176 ], [ 136.20272, -13.8433 ], [ 136.19798, -13.84884 ], [ 136.19837, -13.85264 ], [ 136.20028, -13.85524 ], [ 136.20507, -13.85706 ], [ 136.21328, -13.85615 ], [ 136.21526, -13.85327 ], [ 136.22036, -13.85167 ], [ 136.22404, -13.85162 ], [ 136.22956, -13.85021 ], [ 136.23261, -13.84819 ], [ 136.23826, -13.84697 ], [ 136.24076, -13.84733 ], [ 136.2416, -13.84869 ], [ 136.24238, -13.84835 ], [ 136.2425, -13.84923 ], [ 136.24338, -13.84879 ], [ 136.24511, -13.84948 ], [ 136.24572, -13.85067 ], [ 136.2466, -13.85055 ], [ 136.24706, -13.84933 ], [ 136.24827, -13.84985 ], [ 136.24846, -13.84617 ], [ 136.24758, -13.846 ], [ 136.24569, -13.84384 ], [ 136.24595, -13.84037 ], [ 136.24476, -13.83734 ], [ 136.24934, -13.83232 ], [ 136.251, -13.83183 ], [ 136.25417, -13.83297 ], [ 136.25464, -13.83207 ], [ 136.25523, -13.82767 ], [ 136.25432, -13.82439 ], [ 136.25433, -13.82123 ], [ 136.25538, -13.8192 ], [ 136.25612, -13.81456 ], [ 136.26008, -13.80727 ], [ 136.25985, -13.80293 ], [ 136.25856, -13.80147 ], [ 136.25948, -13.79658 ], [ 136.26054, -13.79723 ], [ 136.26098, -13.79684 ], [ 136.26035, -13.79592 ], [ 136.26067, -13.79255 ], [ 136.26015, -13.78958 ], [ 136.25899, -13.78828 ], [ 136.2597, -13.78501 ], [ 136.26273, -13.78333 ], [ 136.26473, -13.78375 ], [ 136.26752, -13.78699 ], [ 136.26908, -13.78703 ], [ 136.27009, -13.78849 ], [ 136.27152, -13.78816 ], [ 136.27193, -13.79136 ], [ 136.27378, -13.7933 ], [ 136.27494, -13.79243 ], [ 136.27761, -13.7929 ], [ 136.27955, -13.79235 ], [ 136.28406, -13.78767 ], [ 136.28217, -13.78545 ], [ 136.28, -13.78605 ], [ 136.27856, -13.78444 ], [ 136.27483, -13.77421 ], [ 136.27393, -13.76987 ], [ 136.27541, -13.7677 ], [ 136.27424, -13.76465 ], [ 136.27421, -13.76026 ], [ 136.27636, -13.75673 ], [ 136.27041, -13.75666 ], [ 136.26581, -13.7577 ], [ 136.26089, -13.76029 ], [ 136.2575, -13.76036 ], [ 136.25422, -13.75891 ], [ 136.25219, -13.75301 ], [ 136.25301, -13.74948 ], [ 136.25428, -13.74773 ], [ 136.26057, -13.7413 ], [ 136.26621, -13.73748 ], [ 136.27108, -13.73685 ], [ 136.27653, -13.73851 ], [ 136.28019, -13.73843 ], [ 136.28147, -13.73897 ], [ 136.28181, -13.74022 ], [ 136.28393, -13.7408 ], [ 136.29094, -13.73663 ], [ 136.29305, -13.73674 ], [ 136.29711, -13.7384 ], [ 136.29856, -13.73725 ], [ 136.30067, -13.73703 ], [ 136.30166, -13.73626 ], [ 136.30198, -13.73485 ], [ 136.30141, -13.73382 ], [ 136.29862, -13.73074 ], [ 136.29706, -13.72989 ], [ 136.29392, -13.72361 ], [ 136.29436, -13.72144 ], [ 136.2925, -13.71678 ], [ 136.29331, -13.7133 ], [ 136.29264, -13.71174 ], [ 136.293, -13.70799 ], [ 136.28057, -13.70415 ], [ 136.27636, -13.70575 ], [ 136.2739, -13.70495 ], [ 136.27296, -13.70425 ], [ 136.27279, -13.70262 ], [ 136.27489, -13.70115 ], [ 136.27521, -13.70017 ], [ 136.2741, -13.69985 ], [ 136.27216, -13.70121 ], [ 136.27151, -13.70057 ], [ 136.27172, -13.69932 ], [ 136.27094, -13.69921 ], [ 136.2696, -13.69634 ], [ 136.26819, -13.69554 ], [ 136.2683, -13.69478 ], [ 136.26963, -13.69385 ], [ 136.26913, -13.69277 ], [ 136.26674, -13.69207 ], [ 136.26519, -13.69235 ], [ 136.26232, -13.69453 ], [ 136.2586, -13.69552 ], [ 136.25487, -13.69289 ], [ 136.25283, -13.69366 ], [ 136.2517, -13.69127 ], [ 136.25214, -13.69068 ], [ 136.25265, -13.6916 ], [ 136.25298, -13.69117 ], [ 136.25313, -13.68943 ], [ 136.2524, -13.68743 ], [ 136.25312, -13.68612 ], [ 136.25271, -13.68341 ], [ 136.25355, -13.68238 ], [ 136.25426, -13.68248 ], [ 136.25464, -13.6814 ], [ 136.25353, -13.68124 ], [ 136.25431, -13.67988 ], [ 136.25329, -13.67723 ], [ 136.25402, -13.67743 ], [ 136.25489, -13.67657 ], [ 136.25495, -13.67488 ], [ 136.25361, -13.67391 ], [ 136.25101, -13.67572 ], [ 136.25007, -13.67572 ], [ 136.24723, -13.67373 ], [ 136.24428, -13.67326 ], [ 136.24384, -13.67266 ], [ 136.24505, -13.6706 ], [ 136.2446, -13.66961 ], [ 136.24621, -13.67037 ], [ 136.2461, -13.66983 ], [ 136.24225, -13.66676 ], [ 136.23926, -13.66688 ], [ 136.23794, -13.66873 ], [ 136.2361, -13.66928 ], [ 136.23466, -13.66701 ], [ 136.23171, -13.66665 ], [ 136.22559, -13.66315 ], [ 136.22104, -13.66204 ], [ 136.21644, -13.66374 ], [ 136.21294, -13.66235 ], [ 136.21151, -13.66317 ], [ 136.20785, -13.66335 ], [ 136.20048, -13.66528 ], [ 136.19898, -13.66599 ], [ 136.19921, -13.66789 ], [ 136.19756, -13.66953 ], [ 136.19385, -13.67112 ], [ 136.19102, -13.67064 ], [ 136.1892, -13.67407 ], [ 136.18655, -13.67506 ], [ 136.18311, -13.67535 ], [ 136.18134, -13.67725 ], [ 136.18185, -13.67796 ], [ 136.18406, -13.67713 ], [ 136.18879, -13.67841 ], [ 136.19123, -13.67818 ], [ 136.19218, -13.67883 ], [ 136.19262, -13.68029 ], [ 136.19234, -13.68116 ], [ 136.1903, -13.68182 ], [ 136.18886, -13.68416 ], [ 136.18828, -13.68861 ], [ 136.19039, -13.69061 ], [ 136.19085, -13.69261 ], [ 136.19036, -13.69511 ], [ 136.18751, -13.6999 ], [ 136.18502, -13.70257 ], [ 136.1818, -13.70263 ], [ 136.17992, -13.70341 ], [ 136.17892, -13.70298 ], [ 136.17744, -13.70493 ], [ 136.17377, -13.70707 ], [ 136.17451, -13.7081 ], [ 136.17701, -13.70868 ], [ 136.17618, -13.71161 ], [ 136.17976, -13.71359 ], [ 136.18093, -13.71816 ], [ 136.17664, -13.72436 ], [ 136.17388, -13.72616 ], [ 136.17348, -13.72708 ], [ 136.17728, -13.7319 ], [ 136.18085, -13.73405 ], [ 136.18175, -13.73681 ], [ 136.17968, -13.74241 ], [ 136.17536, -13.74677 ], [ 136.17182, -13.74906 ], [ 136.16605, -13.75034 ], [ 136.16106, -13.75069 ], [ 136.15984, -13.74917 ], [ 136.15711, -13.74745 ], [ 136.15067, -13.74715 ], [ 136.14652, -13.74761 ], [ 136.14429, -13.74659 ], [ 136.14329, -13.74518 ], [ 136.14034, -13.744 ], [ 136.13933, -13.74287 ], [ 136.13987, -13.73782 ], [ 136.13931, -13.73544 ], [ 136.13261, -13.73872 ], [ 136.13038, -13.73792 ], [ 136.12849, -13.73635 ], [ 136.12647, -13.73311 ], [ 136.12539, -13.72612 ], [ 136.12405, -13.72498 ], [ 136.12437, -13.72379 ], [ 136.12255, -13.72225 ], [ 136.11993, -13.72229 ], [ 136.11896, -13.72291 ], [ 136.11693, -13.72791 ], [ 136.11425, -13.72937 ], [ 136.11293, -13.73125 ], [ 136.11201, -13.73659 ], [ 136.10931, -13.74203 ], [ 136.10955, -13.74604 ], [ 136.11089, -13.74902 ], [ 136.11147, -13.75373 ], [ 136.11066, -13.75721 ], [ 136.10989, -13.75808 ], [ 136.10996, -13.76361 ], [ 136.11155, -13.77055 ], [ 136.11239, -13.77207 ], [ 136.11539, -13.77437 ], [ 136.11619, -13.7767 ], [ 136.11915, -13.78136 ], [ 136.12057, -13.78732 ], [ 136.11712, -13.79786 ], [ 136.10835, -13.80881 ], [ 136.10555, -13.81521 ], [ 136.1065, -13.81738 ], [ 136.10828, -13.81927 ], [ 136.11514, -13.82386 ], [ 136.11565, -13.82705 ], [ 136.11839, -13.83002 ], [ 136.12261, -13.83272 ], [ 136.12667, -13.83433 ], [ 136.1279, -13.8358 ], [ 136.13336, -13.83549 ], [ 136.13541, -13.83707 ], [ 136.1398, -13.83652 ], [ 136.14422, -13.83484 ], [ 136.15272, -13.83513 ], [ 136.15598, -13.83422 ], [ 136.16102, -13.83463 ], [ 136.16564, -13.83371 ], [ 136.16787, -13.83457 ], [ 136.16848, -13.83418 ], [ 136.1684, -13.83212 ], [ 136.16933, -13.82967 ], [ 136.16827, -13.82686 ], [ 136.16923, -13.82059 ], [ 136.16802, -13.82025 ], [ 136.1623, -13.82152 ], [ 136.16036, -13.82131 ], [ 136.15809, -13.82024 ], [ 136.15597, -13.81808 ], [ 136.15517, -13.8164 ], [ 136.15505, -13.81255 ], [ 136.1589, -13.80585 ], [ 136.15728, -13.80543 ], [ 136.15639, -13.8036 ], [ 136.15755, -13.80256 ], [ 136.15743, -13.7999 ], [ 136.15594, -13.80094 ], [ 136.15482, -13.80035 ], [ 136.15403, -13.79672 ], [ 136.15296, -13.79482 ], [ 136.15311, -13.79211 ], [ 136.15177, -13.78919 ], [ 136.1506, -13.78849 ], [ 136.14794, -13.78849 ], [ 136.14492, -13.7853 ], [ 136.14652, -13.78227 ], [ 136.14668, -13.78026 ], [ 136.14999, -13.77694 ], [ 136.1511, -13.77676 ], [ 136.15211, -13.77828 ], [ 136.15377, -13.77839 ], [ 136.15478, -13.77952 ], [ 136.1552, -13.77773 ], [ 136.15759, -13.77679 ], [ 136.15804, -13.77717 ], [ 136.16186, -13.77421 ], [ 136.16706, -13.77149 ], [ 136.16843, -13.76942 ], [ 136.17536, -13.7677 ], [ 136.18458, -13.76793 ], [ 136.19033, -13.77096 ], [ 136.19218, -13.77338 ], [ 136.19032, -13.77447 ], [ 136.1895, -13.77751 ], [ 136.18937, -13.78271 ], [ 136.19016, -13.78599 ], [ 136.19201, -13.78915 ] ] ], [ [ [ 136.49872, -13.7173 ], [ 136.49843, -13.71551 ], [ 136.4975, -13.71715 ], [ 136.49576, -13.71537 ], [ 136.4953, -13.71342 ], [ 136.49349, -13.71559 ], [ 136.49073, -13.71692 ], [ 136.48867, -13.71671 ], [ 136.48662, -13.71743 ], [ 136.48442, -13.71933 ], [ 136.47137, -13.72071 ], [ 136.47129, -13.72234 ], [ 136.4724, -13.72337 ], [ 136.4722, -13.72575 ], [ 136.46889, -13.72995 ], [ 136.46808, -13.73218 ], [ 136.46632, -13.73761 ], [ 136.4668, -13.74141 ], [ 136.46933, -13.74731 ], [ 136.47352, -13.7513 ], [ 136.47664, -13.75307 ], [ 136.48308, -13.75449 ], [ 136.48682, -13.75663 ], [ 136.48978, -13.75933 ], [ 136.49292, -13.76501 ], [ 136.49431, -13.77541 ], [ 136.49723, -13.77936 ], [ 136.49863, -13.78248 ], [ 136.50008, -13.78302 ], [ 136.50063, -13.78194 ], [ 136.50275, -13.78469 ], [ 136.50628, -13.7877 ], [ 136.50737, -13.78747 ], [ 136.50798, -13.78623 ], [ 136.50892, -13.78585 ], [ 136.5127, -13.78593 ], [ 136.51419, -13.78706 ], [ 136.51656, -13.79127 ], [ 136.51911, -13.7919 ], [ 136.5243, -13.78619 ], [ 136.53153, -13.78103 ], [ 136.53428, -13.77728 ], [ 136.53597, -13.77314 ], [ 136.5367, -13.77342 ], [ 136.5371, -13.77482 ], [ 136.53998, -13.77443 ], [ 136.5408, -13.77387 ], [ 136.5414, -13.77149 ], [ 136.54128, -13.76893 ], [ 136.53997, -13.76477 ], [ 136.53742, -13.76441 ], [ 136.53614, -13.76349 ], [ 136.53545, -13.76063 ], [ 136.53582, -13.75802 ], [ 136.53435, -13.75326 ], [ 136.53356, -13.75234 ], [ 136.53235, -13.75283 ], [ 136.53122, -13.75165 ], [ 136.53281, -13.74839 ], [ 136.53702, -13.74453 ], [ 136.53864, -13.7389 ], [ 136.53806, -13.73619 ], [ 136.53632, -13.73361 ], [ 136.5367, -13.73197 ], [ 136.53412, -13.72776 ], [ 136.53418, -13.71931 ], [ 136.52966, -13.71587 ], [ 136.52852, -13.71427 ], [ 136.52857, -13.70925 ], [ 136.52962, -13.70854 ], [ 136.52918, -13.70603 ], [ 136.53094, -13.70345 ], [ 136.52839, -13.70354 ], [ 136.52495, -13.70113 ], [ 136.52079, -13.70143 ], [ 136.51777, -13.70242 ], [ 136.51479, -13.70024 ], [ 136.50984, -13.6985 ], [ 136.50867, -13.69985 ], [ 136.50889, -13.7003 ], [ 136.51194, -13.70137 ], [ 136.51339, -13.70306 ], [ 136.51468, -13.70608 ], [ 136.51729, -13.70807 ], [ 136.51815, -13.71018 ], [ 136.51778, -13.713 ], [ 136.51552, -13.71731 ], [ 136.51249, -13.71911 ], [ 136.51038, -13.71902 ], [ 136.50867, -13.72039 ], [ 136.50545, -13.72094 ], [ 136.502, -13.72004 ], [ 136.49872, -13.7173 ] ] ], [ [ [ 136.36689, -13.84236 ], [ 136.36886, -13.8418 ], [ 136.36955, -13.8409 ], [ 136.36933, -13.83819 ], [ 136.37119, -13.83402 ], [ 136.37306, -13.82555 ], [ 136.371, -13.82012 ], [ 136.3695, -13.81808 ], [ 136.36962, -13.81515 ], [ 136.36859, -13.81447 ], [ 136.36801, -13.81232 ], [ 136.36709, -13.81153 ], [ 136.35935, -13.80936 ], [ 136.35704, -13.80935 ], [ 136.35472, -13.81025 ], [ 136.35275, -13.81216 ], [ 136.35332, -13.81657 ], [ 136.35239, -13.81928 ], [ 136.3496, -13.82209 ], [ 136.34578, -13.82265 ], [ 136.34405, -13.82411 ], [ 136.33847, -13.83211 ], [ 136.33584, -13.83424 ], [ 136.33394, -13.83921 ], [ 136.33567, -13.8408 ], [ 136.33543, -13.84374 ], [ 136.33601, -13.8443 ], [ 136.33971, -13.84477 ], [ 136.34538, -13.84388 ], [ 136.34786, -13.84564 ], [ 136.3493, -13.84593 ], [ 136.34988, -13.84491 ], [ 136.3485, -13.84468 ], [ 136.35058, -13.84299 ], [ 136.35243, -13.84277 ], [ 136.35359, -13.84176 ], [ 136.35961, -13.8411 ], [ 136.36689, -13.84236 ] ] ], [ [ [ 136.66417, -13.66543 ], [ 136.66567, -13.66514 ], [ 136.6666, -13.66378 ], [ 136.66881, -13.66359 ], [ 136.66463, -13.66873 ], [ 136.66542, -13.67002 ], [ 136.66477, -13.67154 ], [ 136.66365, -13.67123 ], [ 136.66129, -13.67406 ], [ 136.66175, -13.67683 ], [ 136.65961, -13.67978 ], [ 136.66142, -13.67915 ], [ 136.66405, -13.68011 ], [ 136.66527, -13.68163 ], [ 136.66547, -13.68472 ], [ 136.67706, -13.67738 ], [ 136.676, -13.6751 ], [ 136.67619, -13.67374 ], [ 136.68086, -13.66689 ], [ 136.68141, -13.66466 ], [ 136.68123, -13.66379 ], [ 136.67961, -13.6626 ], [ 136.67955, -13.66153 ], [ 136.68231, -13.65857 ], [ 136.67801, -13.656 ], [ 136.67613, -13.6565 ], [ 136.6734, -13.65522 ], [ 136.67175, -13.65621 ], [ 136.67108, -13.65507 ], [ 136.66898, -13.65519 ], [ 136.66831, -13.65439 ], [ 136.66564, -13.65392 ], [ 136.6615, -13.6566 ], [ 136.66255, -13.6579 ], [ 136.66405, -13.65728 ], [ 136.66461, -13.65798 ], [ 136.66373, -13.65898 ], [ 136.66402, -13.65999 ], [ 136.66187, -13.66148 ], [ 136.66165, -13.66241 ], [ 136.66475, -13.66244 ], [ 136.66525, -13.66298 ], [ 136.66417, -13.66543 ] ] ], [ [ [ 136.57545, -13.66602 ], [ 136.57601, -13.6676 ], [ 136.58028, -13.66821 ], [ 136.58131, -13.66912 ], [ 136.58305, -13.66903 ], [ 136.58595, -13.66747 ], [ 136.59127, -13.66752 ], [ 136.5921, -13.66549 ], [ 136.59418, -13.66407 ], [ 136.59731, -13.66419 ], [ 136.60034, -13.6615 ], [ 136.6028, -13.65791 ], [ 136.60257, -13.65699 ], [ 136.59993, -13.65574 ], [ 136.59808, -13.6564 ], [ 136.59404, -13.65557 ], [ 136.59059, -13.65328 ], [ 136.58631, -13.6538 ], [ 136.58015, -13.65815 ], [ 136.58024, -13.66086 ], [ 136.57545, -13.66602 ] ] ], [ [ [ 136.39539, -13.7038 ], [ 136.39428, -13.70316 ], [ 136.39209, -13.69905 ], [ 136.39064, -13.699 ], [ 136.38619, -13.69518 ], [ 136.38303, -13.69388 ], [ 136.38025, -13.69455 ], [ 136.38151, -13.69895 ], [ 136.3834, -13.70127 ], [ 136.38459, -13.70495 ], [ 136.38511, -13.70863 ], [ 136.38462, -13.71032 ], [ 136.38378, -13.71069 ], [ 136.38428, -13.7114 ], [ 136.39412, -13.71444 ], [ 136.39486, -13.71536 ], [ 136.40046, -13.7156 ], [ 136.40134, -13.71451 ], [ 136.40027, -13.71332 ], [ 136.39949, -13.71349 ], [ 136.39882, -13.7117 ], [ 136.39888, -13.71071 ], [ 136.39998, -13.71012 ], [ 136.39963, -13.70895 ], [ 136.39803, -13.70959 ], [ 136.39698, -13.70759 ], [ 136.39542, -13.70689 ], [ 136.39539, -13.7038 ] ] ], [ [ [ 136.9077, -13.6679 ], [ 136.9101, -13.66822 ], [ 136.91392, -13.66318 ], [ 136.91156, -13.65925 ], [ 136.90862, -13.65796 ], [ 136.90807, -13.6589 ], [ 136.9053, -13.65973 ], [ 136.90509, -13.66086 ], [ 136.90404, -13.6618 ], [ 136.90115, -13.66231 ], [ 136.89945, -13.6633 ], [ 136.89825, -13.66699 ], [ 136.89485, -13.67065 ], [ 136.88966, -13.67302 ], [ 136.88849, -13.67298 ], [ 136.88696, -13.67582 ], [ 136.88841, -13.67721 ], [ 136.89618, -13.67645 ], [ 136.89713, -13.67737 ], [ 136.89702, -13.67882 ], [ 136.90068, -13.67783 ], [ 136.90172, -13.67608 ], [ 136.9017, -13.67396 ], [ 136.90048, -13.67398 ], [ 136.9003, -13.67246 ], [ 136.903, -13.66983 ], [ 136.903, -13.66852 ], [ 136.90474, -13.66587 ], [ 136.90735, -13.666 ], [ 136.9077, -13.6679 ] ] ], [ [ [ 136.63211, -13.67371 ], [ 136.63422, -13.67289 ], [ 136.63509, -13.67131 ], [ 136.6342, -13.67078 ], [ 136.63492, -13.67006 ], [ 136.63687, -13.67179 ], [ 136.64079, -13.67035 ], [ 136.64267, -13.6685 ], [ 136.64157, -13.66308 ], [ 136.6384, -13.66099 ], [ 136.63851, -13.66006 ], [ 136.64022, -13.65962 ], [ 136.64115, -13.65808 ], [ 136.64031, -13.65637 ], [ 136.63761, -13.65747 ], [ 136.63854, -13.65578 ], [ 136.63648, -13.65612 ], [ 136.63706, -13.65861 ], [ 136.63405, -13.65792 ], [ 136.63345, -13.65956 ], [ 136.6324, -13.65918 ], [ 136.63179, -13.65989 ], [ 136.63168, -13.66042 ], [ 136.63263, -13.6607 ], [ 136.63187, -13.66183 ], [ 136.63103, -13.66163 ], [ 136.63153, -13.66336 ], [ 136.63054, -13.66418 ], [ 136.62958, -13.66848 ], [ 136.63025, -13.66868 ], [ 136.63017, -13.67048 ], [ 136.63237, -13.67106 ], [ 136.6315, -13.67324 ], [ 136.63211, -13.67371 ] ] ], [ [ [ 136.7511, -13.69053 ], [ 136.75052, -13.69042 ], [ 136.74866, -13.69176 ], [ 136.74832, -13.69119 ], [ 136.74914, -13.69007 ], [ 136.74869, -13.68882 ], [ 136.74451, -13.69048 ], [ 136.74384, -13.68855 ], [ 136.74255, -13.6908 ], [ 136.74198, -13.68978 ], [ 136.7407, -13.69033 ], [ 136.73967, -13.68953 ], [ 136.73946, -13.68704 ], [ 136.73819, -13.68635 ], [ 136.73576, -13.68746 ], [ 136.73477, -13.69435 ], [ 136.73349, -13.69569 ], [ 136.7358, -13.69515 ], [ 136.73787, -13.69686 ], [ 136.74065, -13.69564 ], [ 136.74183, -13.69373 ], [ 136.74251, -13.6943 ], [ 136.74564, -13.69331 ], [ 136.74599, -13.69388 ], [ 136.74505, -13.69534 ], [ 136.74562, -13.6958 ], [ 136.74864, -13.69402 ], [ 136.74863, -13.69492 ], [ 136.75048, -13.69584 ], [ 136.75119, -13.69336 ], [ 136.75223, -13.69371 ], [ 136.75433, -13.69067 ], [ 136.75247, -13.69213 ], [ 136.75132, -13.69212 ], [ 136.7511, -13.69053 ] ] ], [ [ [ 136.6545, -13.65497 ], [ 136.65471, -13.65409 ], [ 136.65273, -13.65498 ], [ 136.65166, -13.65465 ], [ 136.64949, -13.65619 ], [ 136.64852, -13.6557 ], [ 136.64873, -13.6549 ], [ 136.64574, -13.65523 ], [ 136.64353, -13.65677 ], [ 136.64386, -13.65763 ], [ 136.64536, -13.65708 ], [ 136.64636, -13.65795 ], [ 136.64615, -13.65871 ], [ 136.64514, -13.65871 ], [ 136.64455, -13.65942 ], [ 136.6451, -13.65964 ], [ 136.64488, -13.66084 ], [ 136.64568, -13.66196 ], [ 136.64794, -13.66157 ], [ 136.64708, -13.66489 ], [ 136.64885, -13.66569 ], [ 136.65018, -13.66498 ], [ 136.65129, -13.66562 ], [ 136.65378, -13.66316 ], [ 136.6552, -13.66001 ], [ 136.65502, -13.65865 ], [ 136.65662, -13.65657 ], [ 136.65605, -13.65463 ], [ 136.6545, -13.65497 ] ] ], [ [ [ 136.57273, -13.78501 ], [ 136.5743, -13.78717 ], [ 136.57672, -13.78395 ], [ 136.57891, -13.77867 ], [ 136.57927, -13.77635 ], [ 136.57854, -13.77516 ], [ 136.57382, -13.7732 ], [ 136.5721, -13.77375 ], [ 136.57158, -13.77846 ], [ 136.57273, -13.78501 ] ] ], [ [ [ 136.58214, -13.72296 ], [ 136.5822, -13.72399 ], [ 136.58031, -13.72509 ], [ 136.57964, -13.72325 ], [ 136.5772, -13.72229 ], [ 136.57204, -13.72395 ], [ 136.57048, -13.72315 ], [ 136.56949, -13.72386 ], [ 136.56972, -13.72565 ], [ 136.57173, -13.72682 ], [ 136.57247, -13.72915 ], [ 136.57686, -13.72978 ], [ 136.5788, -13.72938 ], [ 136.57952, -13.72873 ], [ 136.57988, -13.72645 ], [ 136.58507, -13.72305 ], [ 136.58084, -13.72167 ], [ 136.58025, -13.72211 ], [ 136.58052, -13.72286 ], [ 136.58214, -13.72296 ] ] ], [ [ [ 136.5316, -13.69919 ], [ 136.53798, -13.69911 ], [ 136.53832, -13.69802 ], [ 136.53387, -13.69641 ], [ 136.53374, -13.69539 ], [ 136.53452, -13.69398 ], [ 136.53673, -13.69303 ], [ 136.5356, -13.6912 ], [ 136.53554, -13.68914 ], [ 136.53641, -13.68811 ], [ 136.53919, -13.68775 ], [ 136.5398, -13.68688 ], [ 136.53586, -13.68773 ], [ 136.53569, -13.6873 ], [ 136.5342, -13.68774 ], [ 136.53415, -13.68845 ], [ 136.5318, -13.68749 ], [ 136.53077, -13.68851 ], [ 136.52954, -13.68815 ], [ 136.52967, -13.69167 ], [ 136.53174, -13.69389 ], [ 136.5316, -13.69919 ] ] ], [ [ [ 136.92654, -13.66673 ], [ 136.92775, -13.66606 ], [ 136.92882, -13.66698 ], [ 136.93063, -13.66659 ], [ 136.93278, -13.6652 ], [ 136.93317, -13.66292 ], [ 136.93372, -13.66368 ], [ 136.93483, -13.66357 ], [ 136.93662, -13.66452 ], [ 136.93726, -13.66251 ], [ 136.93565, -13.6622 ], [ 136.93425, -13.66085 ], [ 136.93349, -13.66174 ], [ 136.93237, -13.66131 ], [ 136.93208, -13.66011 ], [ 136.93053, -13.65844 ], [ 136.92935, -13.65872 ], [ 136.92793, -13.66059 ], [ 136.92582, -13.66181 ], [ 136.92784, -13.66405 ], [ 136.92654, -13.66673 ] ] ], [ [ [ 136.62299, -13.67079 ], [ 136.62548, -13.66932 ], [ 136.62636, -13.66751 ], [ 136.62896, -13.66576 ], [ 136.62903, -13.66234 ], [ 136.62981, -13.66114 ], [ 136.62897, -13.66056 ], [ 136.62833, -13.66322 ], [ 136.62694, -13.6642 ], [ 136.62728, -13.66464 ], [ 136.62534, -13.66562 ], [ 136.62245, -13.66429 ], [ 136.62197, -13.66598 ], [ 136.62125, -13.66598 ], [ 136.62158, -13.6675 ], [ 136.62053, -13.6676 ], [ 136.62026, -13.66827 ], [ 136.62364, -13.66927 ], [ 136.62299, -13.67079 ] ] ], [ [ [ 136.37958, -13.72347 ], [ 136.3808, -13.72249 ], [ 136.3809, -13.71782 ], [ 136.37993, -13.71512 ], [ 136.3798, -13.71083 ], [ 136.37906, -13.71062 ], [ 136.3779, -13.7117 ], [ 136.37732, -13.71481 ], [ 136.3788, -13.72294 ], [ 136.37958, -13.72347 ] ] ], [ [ [ 136.60169, -13.66931 ], [ 136.60071, -13.67164 ], [ 136.6043, -13.66902 ], [ 136.60599, -13.66554 ], [ 136.61002, -13.6641 ], [ 136.60846, -13.66297 ], [ 136.6075, -13.66086 ], [ 136.60613, -13.66272 ], [ 136.60535, -13.66256 ], [ 136.60541, -13.66147 ], [ 136.60408, -13.66207 ], [ 136.60505, -13.66446 ], [ 136.60372, -13.66642 ], [ 136.60346, -13.66903 ], [ 136.60169, -13.66931 ] ] ], [ [ [ 136.26621, -13.84048 ], [ 136.26716, -13.84102 ], [ 136.2682, -13.83863 ], [ 136.26784, -13.83597 ], [ 136.26723, -13.83576 ], [ 136.26685, -13.83727 ], [ 136.26523, -13.83544 ], [ 136.2644, -13.83382 ], [ 136.26505, -13.83181 ], [ 136.264, -13.83344 ], [ 136.26621, -13.84048 ] ] ], [ [ [ 136.18279, -13.66743 ], [ 136.18473, -13.66509 ], [ 136.18288, -13.66309 ], [ 136.18017, -13.66364 ], [ 136.17989, -13.66473 ], [ 136.18279, -13.66743 ] ] ], [ [ [ 136.59198, -13.6777 ], [ 136.59162, -13.67939 ], [ 136.59208, -13.67962 ], [ 136.59477, -13.6758 ], [ 136.59443, -13.67489 ], [ 136.59155, -13.67453 ], [ 136.59085, -13.67543 ], [ 136.59198, -13.6777 ] ] ], [ [ [ 136.16889, -13.84026 ], [ 136.17066, -13.83938 ], [ 136.171, -13.83807 ], [ 136.16911, -13.83771 ], [ 136.16822, -13.83825 ], [ 136.16889, -13.84026 ] ] ], [ [ [ 136.54473, -13.72944 ], [ 136.54673, -13.72867 ], [ 136.54749, -13.72675 ], [ 136.54505, -13.72747 ], [ 136.54473, -13.72944 ] ] ], [ [ [ 136.62917, -13.65704 ], [ 136.62677, -13.65602 ], [ 136.62757, -13.65807 ], [ 136.62851, -13.65802 ], [ 136.62917, -13.65704 ] ] ], [ [ [ 136.62367, -13.67236 ], [ 136.62572, -13.67196 ], [ 136.62627, -13.67078 ], [ 136.62439, -13.67138 ], [ 136.62367, -13.67236 ] ] ], [ [ [ 136.60851, -13.66877 ], [ 136.6091, -13.66709 ], [ 136.60839, -13.66726 ], [ 136.60762, -13.66873 ], [ 136.60851, -13.66877 ] ] ], [ [ [ 136.61051, -13.66886 ], [ 136.61116, -13.66838 ], [ 136.61077, -13.6673 ], [ 136.61032, -13.66761 ], [ 136.61051, -13.66886 ] ] ], [ [ [ 136.68726, -13.63213 ], [ 136.69132, -13.63092 ], [ 136.69246, -13.63274 ], [ 136.695, -13.63265 ], [ 136.69648, -13.63537 ], [ 136.69866, -13.63652 ], [ 136.7018, -13.63497 ], [ 136.70205, -13.63203 ], [ 136.70148, -13.6318 ], [ 136.70008, -13.6336 ], [ 136.69857, -13.63403 ], [ 136.69742, -13.63335 ], [ 136.7, -13.62874 ], [ 136.69724, -13.62826 ], [ 136.69631, -13.6287 ], [ 136.69539, -13.62802 ], [ 136.69529, -13.62587 ], [ 136.69958, -13.62433 ], [ 136.70134, -13.62197 ], [ 136.70077, -13.62129 ], [ 136.70227, -13.62107 ], [ 136.70124, -13.61948 ], [ 136.69974, -13.61936 ], [ 136.70068, -13.61778 ], [ 136.70034, -13.61733 ], [ 136.69794, -13.61816 ], [ 136.69789, -13.61979 ], [ 136.6959, -13.62215 ], [ 136.69406, -13.62213 ], [ 136.69255, -13.62291 ], [ 136.69208, -13.6237 ], [ 136.69287, -13.62517 ], [ 136.69229, -13.62573 ], [ 136.6894, -13.62616 ], [ 136.68615, -13.62771 ], [ 136.68635, -13.63133 ], [ 136.68726, -13.63213 ] ] ], [ [ [ 136.68483, -13.63226 ], [ 136.68379, -13.63281 ], [ 136.68302, -13.63432 ], [ 136.6823, -13.63423 ], [ 136.68213, -13.63309 ], [ 136.68285, -13.63222 ], [ 136.68234, -13.63206 ], [ 136.68118, -13.6332 ], [ 136.68025, -13.63586 ], [ 136.68128, -13.63764 ], [ 136.68094, -13.63847 ], [ 136.6835, -13.63878 ], [ 136.68283, -13.63965 ], [ 136.68068, -13.64031 ], [ 136.68068, -13.64107 ], [ 136.68268, -13.64111 ], [ 136.67937, -13.64378 ], [ 136.68028, -13.64731 ], [ 136.68234, -13.64773 ], [ 136.68614, -13.64547 ], [ 136.68674, -13.6427 ], [ 136.68784, -13.64123 ], [ 136.68753, -13.64072 ], [ 136.68822, -13.63998 ], [ 136.68605, -13.64006 ], [ 136.6844, -13.64104 ], [ 136.68477, -13.63866 ], [ 136.68555, -13.6393 ], [ 136.6871, -13.63897 ], [ 136.68903, -13.63673 ], [ 136.68808, -13.63582 ], [ 136.68846, -13.635 ], [ 136.68707, -13.6344 ], [ 136.68562, -13.63491 ], [ 136.68601, -13.6336 ], [ 136.68474, -13.63405 ], [ 136.68483, -13.63226 ] ] ] ] } },
{ "type": "Feature", "properties": { "SA2_CODE21": 702041064, "SA2_NAME21": "Nhulunbuy", "CHG_FLAG21": "0", "CHG_LBL21": "No change", "SA3_CODE21": "70204", "SA3_NAME21": "East Arnhem", "SA4_CODE21": "702", "SA4_NAME21": "Northern Territory - Outback", "GCC_CODE21": "7RNTE", "GCC_NAME21": "Rest of NT", "STE_CODE21": "7", "STE_NAME21": "Northern Territory", "AUS_CODE21": "AUS", "AUS_NAME21": "Australia", "AREASQKM21": 7.647, "LOCI_URI21": "http://linked.data.gov.au/dataset/asgsed3/SA2/702041064", "Group": "Total_domestic_undergrad", "Australian Catholic University": 0.0, "Avondale University": 0.0, "Bond University": 0.0, "CQUniversity": 0.0, "Charles Darwin University": 0.0, "Charles Sturt University": 0.0, "Curtin University": 2.0, "Deakin University": 0.0, "Edith Cowan University": 0.0, "Federation University Australia": 0.0, "Flinders University": 0.0, "Griffith University": 0.0, "James Cook University": 2.0, "Macquarie University": 2.0, "Monash University": 0.0, "Murdoch University": 0.0, "Queensland University of Technology": 2.0, "RMIT University": 0.0, "Southern Cross University": 0.0, "Swinburne University of Technology": 0.0, "The Australian National University": 0.0, "The University of Adelaide": 2.0, "The University of Melbourne": 0.0, "The University of New England": 0.0, "The University of Newcastle": 0.0, "The University of Notre Dame Australia": 0.0, "The University of Queensland": 2.0, "The University of Sydney": 2.0, "The University of Western Australia": 0.0, "Torrens University Australia": 0.0, "University of Canberra": 0.0, "University of Divinity": 0.0, "University of New South Wales": 0.0, "University of South Australia": 2.0, "University of Southern Queensland": 0.0, "University of Tasmania": 0.0, "University of Technology Sydney": 0.0, "University of Wollongong": 0.0, "University of the Sunshine Coast": 0.0, "Victoria University": 0.0, "Western Sydney University": 0.0, "id": 702041064, "name": "Nhulunbuy" }, "geometry": { "type": "Polygon", "coordinates": [ [ [ 136.76851, -12.18814 ], [ 136.76636, -12.18891 ], [ 136.76237, -12.18935 ], [ 136.76295, -12.19235 ], [ 136.76334, -12.1926 ], [ 136.76492, -12.1984 ], [ 136.76763, -12.19768 ], [ 136.76881, -12.20114 ], [ 136.77284, -12.19451 ], [ 136.77468, -12.19582 ], [ 136.79623, -12.18816 ], [ 136.79623, -12.1866 ], [ 136.79559, -12.18699 ], [ 136.79148, -12.18678 ], [ 136.78983, -12.18485 ], [ 136.78907, -12.18293 ], [ 136.7884, -12.18077 ], [ 136.78777, -12.17615 ], [ 136.78765, -12.17468 ], [ 136.78573, -12.17655 ], [ 136.7846, -12.1728 ], [ 136.78478, -12.17208 ], [ 136.78454, -12.17132 ], [ 136.78395, -12.17038 ], [ 136.78379, -12.1681 ], [ 136.78286, -12.16674 ], [ 136.7817, -12.16602 ], [ 136.78158, -12.1651 ], [ 136.78065, -12.164 ], [ 136.77874, -12.1642 ], [ 136.77878, -12.16143 ], [ 136.77457, -12.16289 ], [ 136.77061, -12.16401 ], [ 136.76851, -12.16442 ], [ 136.76851, -12.18814 ] ] ] } },
{ "type": "Feature", "properties": { "SA2_CODE21": 702051065, "SA2_NAME21": "Elsey", "CHG_FLAG21": "0", "CHG_LBL21": "No change", "SA3_CODE21": "70205", "SA3_NAME21": "Katherine", "SA4_CODE21": "702", "SA4_NAME21": "Northern Territory - Outback", "GCC_CODE21": "7RNTE", "GCC_NAME21": "Rest of NT", "STE_CODE21": "7", "STE_NAME21": "Northern Territory", "AUS_CODE21": "AUS", "AUS_NAME21": "Australia", "AREASQKM21": 92949.7346, "LOCI_URI21": "http://linked.data.gov.au/dataset/asgsed3/SA2/702051065", "Group": "Total_domestic_undergrad", "Australian Catholic University": 0.0, "Avondale University": 0.0, "Bond University": 0.0, "CQUniversity": 0.0, "Charles Darwin University": 0.0, "Charles Sturt University": 0.0, "Curtin University": 0.0, "Deakin University": 0.0, "Edith Cowan University": 0.0, "Federation University Australia": 0.0, "Flinders University": 0.0, "Griffith University": 0.0, "James Cook University": 0.0, "Macquarie University": 0.0, "Monash University": 0.0, "Murdoch University": 0.0, "Queensland University of Technology": 0.0, "RMIT University": 0.0, "Southern Cross University": 0.0, "Swinburne University of Technology": 0.0, "The Australian National University": 0.0, "The University of Adelaide": 0.0, "The University of Melbourne": 2.0, "The University of New England": 0.0, "The University of Newcastle": 0.0, "The University of Notre Dame Australia": 0.0, "The University of Queensland": 0.0, "The University of Sydney": 0.0, "The University of Western Australia": 0.0, "Torrens University Australia": 0.0, "University of Canberra": 0.0, "University of Divinity": 0.0, "University of New South Wales": 0.0, "University of South Australia": 0.0, "University of Southern Queensland": 0.0, "University of Tasmania": 0.0, "University of Technology Sydney": 0.0, "University of Wollongong": 0.0, "University of the Sunshine Coast": 0.0, "Victoria University": 0.0, "Western Sydney University": 0.0, "id": 702051065, "name": "Elsey" }, "geometry": { "type": "Polygon", "coordinates": [ [ [ 132.02141, -13.80846 ], [ 132.02141, -14.0339 ], [ 131.94592, -14.03389 ], [ 131.98805, -14.0822 ], [ 131.98822, -14.11039 ], [ 131.99789, -14.13686 ], [ 132.01934, -14.17155 ], [ 132.0354, -14.18566 ], [ 132.04158, -14.23194 ], [ 132.06481, -14.25928 ], [ 132.07554, -14.28895 ], [ 132.09497, -14.30376 ], [ 132.13556, -14.3479 ], [ 132.16837, -14.35235 ], [ 132.1868, -14.37296 ], [ 132.21953, -14.39631 ], [ 132.27961, -14.37122 ], [ 132.33698, -14.38156 ], [ 132.38508, -14.36087 ], [ 132.38514, -14.37439 ], [ 132.40494, -14.37492 ], [ 132.41508, -14.36557 ], [ 132.41739, -14.35607 ], [ 132.41666, -14.34759 ], [ 132.40631, -14.34283 ], [ 132.4032, -14.33377 ], [ 132.40532, -14.33019 ], [ 132.43793, -14.35327 ], [ 132.44136, -14.35304 ], [ 132.44575, -14.36141 ], [ 132.43232, -14.40839 ], [ 132.45744, -14.43672 ], [ 132.4681, -14.44113 ], [ 132.46853, -14.43657 ], [ 132.48121, -14.43305 ], [ 132.49378, -14.44684 ], [ 132.49379, -14.41524 ], [ 132.58471, -14.41523 ], [ 132.58504, -14.50299 ], [ 132.68848, -14.50299 ], [ 132.68851, -14.68095 ], [ 132.67268, -14.67509 ], [ 132.66692, -14.65927 ], [ 132.654, -14.65698 ], [ 132.6363, -14.64666 ], [ 132.60498, -14.69639 ], [ 132.60496, -15.11432 ], [ 132.09191, -15.11433 ], [ 132.08966, -16.06594 ], [ 132.30407, -16.06865 ], [ 132.52031, -16.07544 ], [ 132.52289, -16.58328 ], [ 132.73737, -16.5832 ], [ 132.73735, -16.7927 ], [ 132.96377, -16.7927 ], [ 132.9629, -16.8656 ], [ 133.21156, -16.86553 ], [ 133.21156, -17.07563 ], [ 133.25938, -17.07563 ], [ 133.25938, -17.09016 ], [ 133.28176, -17.09357 ], [ 133.28929, -17.12269 ], [ 133.5883, -17.12241 ], [ 133.5883, -16.86633 ], [ 134.44261, -16.86645 ], [ 134.44262, -16.64776 ], [ 134.32419, -16.64765 ], [ 134.32421, -15.41631 ], [ 133.85997, -15.41619 ], [ 133.8602, -14.89244 ], [ 133.88495, -14.89584 ], [ 133.89893, -14.90134 ], [ 133.91769, -14.89767 ], [ 133.93409, -14.9066 ], [ 133.95175, -14.90571 ], [ 133.98652, -14.89103 ], [ 134.00383, -14.87801 ], [ 133.99482, -14.87854 ], [ 133.99483, -14.85101 ], [ 134.01523, -14.841 ], [ 134.01515, -14.86514 ], [ 134.00885, -14.87176 ], [ 134.0126, -14.88932 ], [ 134.00962, -14.92056 ], [ 134.01891, -14.92046 ], [ 134.01805, -14.93602 ], [ 134.01271, -14.93651 ], [ 134.0158, -14.94512 ], [ 134.01225, -14.95304 ], [ 134.01695, -14.96826 ], [ 134.01426, -14.97804 ], [ 134.52781, -14.97801 ], [ 134.52793, -14.81885 ], [ 134.40384, -14.81887 ], [ 134.40384, -14.69317 ], [ 134.39729, -14.68844 ], [ 134.37523, -14.68572 ], [ 134.36178, -14.65575 ], [ 134.37142, -14.6466 ], [ 134.37026, -14.64128 ], [ 134.36086, -14.63089 ], [ 134.3683, -14.61901 ], [ 134.36075, -14.61438 ], [ 134.35716, -14.59831 ], [ 134.34518, -14.58652 ], [ 134.32607, -14.58247 ], [ 134.30099, -14.59952 ], [ 134.28619, -14.60269 ], [ 134.2861, -14.28913 ], [ 134.66818, -14.28712 ], [ 134.67027, -14.00027 ], [ 135.00001, -13.99999 ], [ 135.00001, -13.00161 ], [ 134.97134, -12.9903 ], [ 134.94889, -12.99948 ], [ 134.94334, -13.00564 ], [ 134.93668, -13.00001 ], [ 134.93297, -13.00083 ], [ 134.91272, -13.02516 ], [ 134.90972, -13.04624 ], [ 134.88728, -13.07988 ], [ 134.85683, -13.09896 ], [ 134.84614, -13.11823 ], [ 134.84168, -13.13554 ], [ 132.999, -13.12777 ], [ 132.99882, -13.4041 ], [ 132.42114, -13.40212 ], [ 132.42112, -13.42757 ], [ 132.41111, -13.4276 ], [ 132.40765, -13.43059 ], [ 132.40766, -13.43967 ], [ 132.42113, -13.44452 ], [ 132.42102, -13.53107 ], [ 132.48117, -13.5311 ], [ 132.48106, -13.80852 ], [ 132.02141, -13.80846 ] ] ] } },
{ "type": "Feature", "properties": { "SA2_CODE21": 702051067, "SA2_NAME21": "Katherine", "CHG_FLAG21": "0", "CHG_LBL21": "No change", "SA3_CODE21": "70205", "SA3_NAME21": "Katherine", "SA4_CODE21": "702", "SA4_NAME21": "Northern Territory - Outback", "GCC_CODE21": "7RNTE", "GCC_NAME21": "Rest of NT", "STE_CODE21": "7", "STE_NAME21": "Northern Territory", "AUS_CODE21": "AUS", "AUS_NAME21": "Australia", "AREASQKM21": 7416.9497, "LOCI_URI21": "http://linked.data.gov.au/dataset/asgsed3/SA2/702051067", "Group": "Total_domestic_undergrad", "Australian Catholic University": 2.0, "Avondale University": 0.0, "Bond University": 0.0, "CQUniversity": 0.0, "Charles Darwin University": 2.0, "Charles Sturt University": 0.0, "Curtin University": 2.0, "Deakin University": 0.0, "Edith Cowan University": 2.0, "Federation University Australia": 0.0, "Flinders University": 2.0, "Griffith University": 0.0, "James Cook University": 2.0, "Macquarie University": 0.0, "Monash University": 0.0, "Murdoch University": 0.0, "Queensland University of Technology": 2.0, "RMIT University": 0.0, "Southern Cross University": 0.0, "Swinburne University of Technology": 0.0, "The Australian National University": 0.0, "The University of Adelaide": 2.0, "The University of Melbourne": 0.0, "The University of New England": 0.0, "The University of Newcastle": 0.0, "The University of Notre Dame Australia": 0.0, "The University of Queensland": 2.0, "The University of Sydney": 0.0, "The University of Western Australia": 0.0, "Torrens University Australia": 0.0, "University of Canberra": 0.0, "University of Divinity": 0.0, "University of New South Wales": 0.0, "University of South Australia": 0.0, "University of Southern Queensland": 0.0, "University of Tasmania": 0.0, "University of Technology Sydney": 0.0, "University of Wollongong": 0.0, "University of the Sunshine Coast": 0.0, "Victoria University": 0.0, "Western Sydney University": 0.0, "id": 702051067, "name": "Katherine" }, "geometry": { "type": "Polygon", "coordinates": [ [ [ 131.66803, -14.43498 ], [ 131.67231, -14.43903 ], [ 131.67267, -14.44717 ], [ 131.67698, -14.45159 ], [ 131.67051, -14.48494 ], [ 131.67399, -14.50418 ], [ 131.68573, -14.51974 ], [ 131.68933, -14.53251 ], [ 131.69907, -14.53882 ], [ 131.70767, -14.55439 ], [ 131.70739, -14.561 ], [ 131.69493, -14.56942 ], [ 131.71386, -14.59401 ], [ 131.70125, -14.61965 ], [ 131.70636, -14.63297 ], [ 131.70476, -14.65682 ], [ 131.72837, -14.66395 ], [ 131.89167, -14.66339 ], [ 131.89166, -15.06773 ], [ 132.0925, -15.06733 ], [ 132.09191, -15.11433 ], [ 132.60496, -15.11432 ], [ 132.60498, -14.69639 ], [ 132.6363, -14.64666 ], [ 132.654, -14.65698 ], [ 132.66692, -14.65927 ], [ 132.67268, -14.67509 ], [ 132.68851, -14.68095 ], [ 132.68848, -14.50299 ], [ 132.58504, -14.50299 ], [ 132.58471, -14.41523 ], [ 132.49379, -14.41524 ], [ 132.49378, -14.44684 ], [ 132.48121, -14.43305 ], [ 132.46853, -14.43657 ], [ 132.4681, -14.44113 ], [ 132.46016, -14.43827 ], [ 132.43232, -14.40839 ], [ 132.44575, -14.36141 ], [ 132.44136, -14.35304 ], [ 132.43793, -14.35327 ], [ 132.40532, -14.33019 ], [ 132.4032, -14.33377 ], [ 132.40631, -14.34283 ], [ 132.41666, -14.34759 ], [ 132.41739, -14.35607 ], [ 132.41508, -14.36557 ], [ 132.40494, -14.37492 ], [ 132.38514, -14.37439 ], [ 132.38508, -14.36087 ], [ 132.33698, -14.38156 ], [ 132.27961, -14.37122 ], [ 132.21953, -14.39631 ], [ 132.1868, -14.37296 ], [ 132.16837, -14.35235 ], [ 132.13556, -14.3479 ], [ 132.09497, -14.30376 ], [ 132.07817, -14.29262 ], [ 132.06481, -14.25928 ], [ 132.0422, -14.23338 ], [ 132.03818, -14.19859 ], [ 132.02636, -14.18576 ], [ 132.0137, -14.19656 ], [ 131.99508, -14.1974 ], [ 131.97736, -14.19033 ], [ 131.96109, -14.19417 ], [ 131.95758, -14.20144 ], [ 131.9321, -14.21642 ], [ 131.92679, -14.23032 ], [ 131.91898, -14.23932 ], [ 131.90291, -14.2426 ], [ 131.89188, -14.25293 ], [ 131.88889, -14.26061 ], [ 131.88543, -14.25974 ], [ 131.87791, -14.2646 ], [ 131.87621, -14.28663 ], [ 131.84892, -14.31104 ], [ 131.82636, -14.31988 ], [ 131.81036, -14.32243 ], [ 131.79992, -14.34419 ], [ 131.78912, -14.35503 ], [ 131.77452, -14.34975 ], [ 131.76214, -14.35857 ], [ 131.75182, -14.36163 ], [ 131.73398, -14.35814 ], [ 131.71974, -14.36132 ], [ 131.71309, -14.3706 ], [ 131.69581, -14.37956 ], [ 131.68908, -14.39014 ], [ 131.67968, -14.38879 ], [ 131.67442, -14.39962 ], [ 131.6606, -14.40205 ], [ 131.66255, -14.40969 ], [ 131.65978, -14.41268 ], [ 131.66257, -14.41387 ], [ 131.66803, -14.43498 ] ] ] } }
]
}
